tree
version=v4
num_class=1
num_tree_per_iteration=1
label_index=0
max_feature_idx=43
objective=binary sigmoid:1
feature_names=ret1 ret5 ret10 ret20 ret60 ma5r ma10r ma20r ma60r ma5_20 ma20_60 vol20 vol60 volr rsi6 rsi14 macd_dif macd_dea macd_hist kdj_k kdj_d kdj_j bollpos hilo20 atr_n amp gap cpos vr5 vr20 logvol updays20 mkt1 mkt5 mkt20 breadth5 r_ret5 r_ret20 r_ret60 r_ma20r r_rsi14 r_vr20 r_vol20 r_logvol
feature_infos=[-0.4791666567325592:0.5] [-0.86124402284622192:1.0664112567901611] [-0.89259260892868042:3.5907080173492432] [-0.92786067724227905:3.9672131538391113] [-0.95086926221847534:8.4561595916748047] [-0.73470491170883179:0.40114614367485046] [-0.81186407804489136:0.69495075941085815] [-0.87643802165985107:1.0297938585281372] [-0.92212677001953125:2.2807989120483398] [-0.87132507562637329:0.99610137939453125] [-0.77312213182449341:1.0951389074325562] [0.010740630328655243:2672.044189453125] [0.020731331780552864:9668.580078125] [0.022646378725767136:1.7356988191604614] [0:100] [0:100] [-3.3175575733184814:0.25342381000518799] [-2.9548380374908447:0.23596793413162231] [-1.6516648530960083:0.43947184085845947] [0.00010727467451943085:99.934417724609375] [0.0012915555853396654:99.595184326171875] [-28.386238098144531:130.12406921386719] [-1.9682532548904419:2.0565683841705322] [0:1] [0.0035501278471201658:0.8177340030670166] [0:0.65950918197631836] [-0.53125:1.1472392082214355] [0:1] [8.9943105194834061e-06:4.9534764289855957] [6.011786808812758e-06:14.545337677001953] [0.69314718246459961:18.998540878295898] [0:1] [-0.088423699140548706:0.050576440989971161] [-0.15602587163448334:0.11343958228826523] [-0.19660940766334534:0.34554854035377502] [0.020725388079881668:0.9963575005531311] [0.00019688914471771568:1] [0.0001970831654034555:1] [0.00019778481510002166:1] [0.0001970831654034555:1] [0.00019696670642588288:1] [0.00019813750986941159:1] [0.0001971608871826902:1] [0.0001971608871826902:1]
tree_sizes=3634 3683 3641 3666 3642 3679 3640 3643 3679 3642 3672 3665 3661 3649 3665 3674 3647 3662 3648 3678 3660 3631 3628 3638 3681 3671 3659 3643 3652 3684 3665 3660 3682 3701 3658 3679 3652 3660 3680 3638 3656 3645 3682 3642 3650 3675 3619 3656 3673 3655 3653 3696 3702 3648 3669 3663 3655 3624 3633 3657 3659 3600 3686 3653 3622 3685 3640 3665 3655 3666 3687 3642 3648 3645 3658 3660 3692 3626 3642 3654 3618 3658 3617 3632 3638 3648 3665 3680 3664 3647 3681 3655 3658 3675 3659 3662 3663 3656 3639 3663 3665 3647 3652 3689 3669 3644 3658 3616 3653 3628 3648 3677 3633 3638 3682 3649 3664 3639 3695 3676 3678 3661 3608 3632 3664 3670 3648 3631 3646 3647 3673 3640 3636 3644 3638 3632 3695 3624 3648 3643 3700 3618 3666 3633 3644 3606 3624 3656 3654 3643 3669 3666 3643 3650 3632 3666 3631 3696 3645 3629 3596 3634

Tree=0
num_leaves=31
num_cat=0
split_feature=34 35 35 34 33 33 35 35 35 34 34 34 33 34 34 35 35 35 34 34 34 35 34 33 35 35 33 35 33 34
split_gain=5180.83 4399.7 2858.1 1734.44 4129.42 1447.38 3537.06 1821.3 1751.73 1431.58 1635.91 1386.06 1343.72 3166.51 2033.8 1326.75 1400.26 1368.91 1267.6 1855.19 1152.08 1148.65 1309 1117.37 1092.7 954.594 950.748 921.253 1490.68 1511.09
threshold=-0.051768980920314782 0.21833010017871859 0.83399909734725963 0.0035712240496650343 -0.0067772909533232442 -0.054731162264943116 0.38521173596382147 0.66535919904708873 0.88213157653808605 0.020178014412522319 0.0010914614540524783 -0.014743878971785305 -0.040747443214058869 -0.087091129273176179 -0.067316208034753786 0.7863549292087556 0.68453484773635875 0.89911252260208141 0.008650485426187517 0.014085122849792244 -0.025840445421636101 0.18464355915784839 1.0000000180025095e-35 -0.059739705175161355 0.35567307472229009 0.24359410256147387 -0.015375064685940741 0.74449557065963756 -0.0010090565192513166 -0.042777672410011285
decision_type=2 2 2 2 2 2 2 2 2 2 2 2 2 2 2 2 2 2 2 2 2 2 2 2 2 2 2 2 2 2
left_child=5 9 3 27 25 7 12 -1 -9 10 11 23 14 -14 24 16 -8 -17 -12 -20 -4 -13 -23 -2 -7 -5 -24 28 29 -3
right_child=1 2 20 4 -6 6 15 8 -10 -11 18 21 13 -15 -16 17 -18 -19 19 -21 -22 22 26 -25 -26 -27 -28 -29 -30 -31
leaf_value=-0.064636496214921041 -0.056449194609294338 -0.11073999899973121 -0.067124159867718816 -0.099424138483985139 -0.092425230728426691 -0.11900197384740974 -0.076643650417316717 -0.10789700269989043 -0.050667853774813622 -0.072271771682963462 -0.10534261103472232 -0.062393189733253376 -0.063234624320770483 -0.095232425409746468 -0.069177739338330602 -0.10162443379420723 -0.0580178391426934 -0.072984184819548853 -0.068602316391450938 -0.11342877213976651 -0.084485371338802892 -0.099646767167645353 -0.092218262594960673 -0.086877454684479341 -0.053479601273731442 -0.080164853750677112 -0.04105954622647829 -0.087597050072593954 -0.092206068837184074 -0.096936057515831509
leaf_weight=8804.7790774963796 1123.8354253321886 8092.1398988328874 4187.5700654387474 2463.790882833302 170204.48961517215 3813.6917880512774 11204.100385077298 1894.1636930480599 623.27636374533176 10472.16611206159 5305.9395057596266 5208.7532871030271 3622.0003609135747 11788.335844736546 1084.1562746092677 2934.4710824526846 5395.3644885830581 3035.6392543725669 2615.9831534586847 1194.3486049734056 18967.102493848652 2080.6997646056116 546.86004817485809 21647.662092775106 227.12818247079849 35065.740739256144 785.10502928495407 14780.985339820385 64059.106346007437 59992.200160510838
leaf_count=96313 13480 67235 33573 25242 1438890 29459 135379 23557 5751 102309 41049 37987 51309 104001 11260 38833 41381 42948 20371 15553 220469 16821 3260 171122 2703 294901 3452 114400 501331 457033
internal_value=-0.0893135 -0.0904203 -0.0915367 -0.0922035 -0.090439 -0.0805963 -0.083109 -0.071058 -0.093535 -0.0821494 -0.0847101 -0.0814622 -0.0921176 -0.0876877 -0.105393 -0.074917 -0.0705593 -0.0870557 -0.0958872 -0.0827056 -0.0813291 -0.0712312 -0.0847991 -0.0853482 -0.115161 -0.0814339 -0.0617956 -0.0946979 -0.0954923 -0.0985825
internal_weight=483222 428794 377813 354658 207734 54427.1 43104.9 11322.2 2517.44 50981.4 40509.2 31392.9 20535.3 15410.3 5124.98 22569.6 16599.5 5970.11 9116.27 3810.33 23154.7 8621.42 3412.66 22771.5 4040.82 37529.5 1331.97 146924 132143 68084.3
internal_count=4161372 3578478 3153074 2899032 1759033 582894 457273 125621 29308 425404 323095 246122 198732 155310 43422 258541 176760 81781 76973 35924 254042 61520 23533 184602 32162 320143 6712 1139999 1025599 524268
is_linear=0
shrinkage=1


Tree=1
num_leaves=31
num_cat=0
split_feature=33 33 33 24 27 27 0 16 27 33 33 29 33 33 0 33 33 33 33 33 33 33 33 27 17 33 33 33 27 33
split_gain=4001.86 1526.27 3360.71 1272.44 782.262 764.817 655.883 582.827 514.745 633.008 641.687 486.146 412.559 602.227 412.152 403.658 387.513 361.123 813.06 371.467 370.085 1865.16 731.809 579.415 467.465 343.4 432.475 553.791 343.789 347.427
threshold=-0.048507720232009881 -0.034664670005440705 -0.022055992856621739 0.031243125908076767 0.23088169097900393 0.12005586549639703 0.010059059131890537 -0.028947771526873108 0.48151403665542608 -0.059739705175161355 -0.064229741692543016 0.29909494519233709 -0.064229741692543016 -0.054731162264943116 -0.022547814995050427 -0.0060724508948624125 -0.07850195467472075 0.030892575159668926 0.029942311346530918 0.031919034197926528 -0.012578809168189762 -0.015923499129712578 -0.0090944641269743425 0.30350986123085028 -0.0097813811153173429 -0.003454510471783578 -0.0026019623037427659 -0.001757565652951598 0.19987893849611285 -0.0037877481663599606
decision_type=2 2 2 2 2 2 2 2 2 2 2 2 2 2 2 2 2 2 2 2 2 2 2 2 2 2 2 2 2 2
left_child=8 6 4 17 14 11 -2 15 9 10 -1 -5 16 -14 -3 -7 -10 18 20 -19 21 -4 -22 -23 -24 28 -27 -28 -26 -30
right_child=1 2 3 5 -6 7 -8 -9 12 -11 -12 -13 13 -15 -16 -17 -18 19 -20 -21 22 23 24 -25 25 26 27 -29 29 -31
leaf_value=0.014823981586936236 -0.010928931659477519 0.0086942860223587805 -0.0073465962229162943 -0.023374936987529852 0.0049115061253624586 -0.0024202423928969749 0.0012859820021675415 -0.00097182200722427761 0.0057656231428089826 0.0090407146894716447 0.032824785783604635 0.005122344548161315 0.022020746725532558 0.0011714829774499295 0.018873934248378049 0.0051196570037518622 -0.017014593440930571 0.01384670904613392 -0.024858025084683526 -0.00043500578829310177 -0.011026422555974309 0.019516569082055173 -0.0006045020517978036 0.0045689540957045615 0.0091064564231919404 -0.018615199191467025 0.017740531757976928 -0.0054627803219722054 -0.004975518357960923 0.014577413932476852
leaf_weight=4752.0044030547142 17595.27930168435 6771.5108852870762 13077.506147127599 528.35960710793734 19314.939589612186 8426.4225202724338 5097.1526361964643 171332.11374112964 1738.8371026441455 6688.0702621601522 2899.4892116263509 32628.894787982106 2427.0632534772158 2547.0756783746183 7723.2823123298585 26296.196095511317 1068.5622102580965 1802.581146158278 1565.772656980902 16270.115366671234 11766.647844918072 3523.9478658214211 40660.160218480974 6887.6790923923254 2842.6311600394547 2189.9477445967495 922.60075545310974 54898.176986344159 7663.4300041608512 895.84377039223909
leaf_count=63652 159175 55491 101266 4999 192812 77581 48473 1500459 28039 67087 24012 281448 21454 25404 58737 253025 12912 13149 12124 165033 80282 24903 329869 46004 19762 16371 7223 409137 52069 5933
internal_value=-5.00333e-06 -0.000603745 -0.000210522 -0.000970729 0.00887259 0.000427137 -0.00818651 -0.000253482 0.0124533 0.0158234 0.0217131 0.00465442 0.00621836 0.011392 0.0141369 0.00328955 -0.00296408 -0.00299752 -0.00348981 0.00100319 -0.0032562 0.000191606 -0.00392081 0.00965588 -0.00315937 -0.00465534 -0.00559053 -0.00507306 0.000104187 -0.00289983
internal_weight=482802 460681 437989 404179 33809.7 239212 22692.4 206055 22121.1 14339.6 7651.49 33157.3 7781.54 4974.14 14494.8 34722.6 2807.4 164967 146894 18072.7 145329 23489.1 121839 10411.6 110073 69412.6 58010.7 55820.8 11401.9 8559.27
internal_count=4157885 3915325 3707677 3400637 307040 2117512 207648 1831065 242560 154751 87664 286447 87809 46858 114228 330606 40951 1283125 1104943 178182 1092819 172173 920646 70907 840364 510495 432731 416360 77764 58002
is_linear=0
shrinkage=0.03


Tree=2
num_leaves=31
num_cat=0
split_feature=34 35 35 34 33 33 33 34 34 34 34 34 34 33 35 35 35 35 35 34 33 35 35 33 34 34 35 34 34 34
split_gain=4769.14 4118.87 2666.99 2293.95 2989.57 1792.67 1709.18 1505.73 1308.62 1298.2 1591.55 1275.25 1273.92 1271.62 3257.81 1735.25 1557.11 1271.92 1282.25 1263.72 1386.77 1258.6 1252.22 1225.64 2916.53 1910.36 1120.7 1152.26 1104.69 1680.5
threshold=-0.051768980920314782 0.21833010017871859 0.74449557065963756 -0.019969875924289223 -0.012578809168189762 -0.001286584709305316 -0.034664670005440705 -0.033443899825215333 -0.044298728927969926 0.020178014412522319 0.0010914614540524783 0.076394002884626402 -0.014743878971785305 -0.054731162264943116 0.38521173596382147 0.66535919904708873 0.88213157653808605 0.7863549292087556 0.68453484773635875 -0.034658784046769135 0.021076834760606292 0.89911252260208141 0.22466856986284259 -0.040747443214058869 -0.087091129273176179 -0.067316208034753786 0.18464355915784839 1.0000000180025095e-35 0.008650485426187517 0.014085122849792244
decision_type=2 2 2 2 2 2 2 2 2 2 2 2 2 2 2 2 2 2 2 2 2 2 2 2 2 2 2 2 2 2
left_child=13 9 3 5 6 -3 11 8 -7 10 12 -5 -2 15 23 -1 -17 18 -16 20 -4 -19 -8 25 -25 -15 -14 -28 -12 -30
right_child=1 2 19 4 -6 7 22 -9 -10 -11 28 -13 26 14 17 16 -18 21 -20 -21 -22 -23 -24 24 -26 -27 27 -29 29 -31
leaf_value=0.023601365934930906 0.0040086701662288369 -0.013224972884655493 0.022089018367389517 -0.017419554128120261 -0.0031588003628606194 -0.008989106185878639 -0.030983040647909542 -0.0098008242407754357 0.010467127157209762 0.01640301058718845 -0.015397104745829976 0.035472412422237448 0.026266930882114181 -0.024863887909523538 0.012353721462799162 -0.018121290868671567 0.035799943465412397 -0.011998431316417847 0.030215677538132407 0.0023007071512308056 -0.010851340219969734 0.015496925497037146 0.0096309093447823728 0.025101509529203033 -0.0056609242988334722 0.019785439510762677 -0.0099133701739118393 0.025548542894660936 0.019243918269897454 -0.023345208292454719
leaf_weight=8811.6607116125524 22763.002401456237 32244.19126265496 5920.61248139292 3740.8659656792879 230699.83981930092 4616.0901685617864 680.09772312641144 14043.17574185878 9447.7687832824886 10427.700380191207 5265.566255480051 441.71856057271361 5211.7638645730913 4013.613342422992 11154.043101355433 1895.9895369149745 624.2604298889637 2921.2117198742926 5373.7740239351988 44421.308883126825 1413.4347378723323 3034.7671405784786 30030.275097828358 3611.4223743006587 11725.232959564775 1080.8041555397213 2065.7390498742461 1344.6378752440214 2610.4277595765889 1201.6348968036473
leaf_count=96201 184397 254499 42235 43200 1848504 41009 5980 121065 82626 101930 40858 7524 38033 32034 134809 23585 5702 38785 41151 429877 13888 42881 261284 50969 103604 11175 16807 6774 20326 15705
internal_value=2.41074e-05 -0.00103676 -0.00211637 -0.00312093 -0.00192089 -0.00839966 0.00626088 -0.00285863 0.00407744 0.00697364 0.00453669 -0.0116915 0.00773567 0.00840301 0.00603754 0.0173348 -0.00458841 0.0139117 0.0181908 0.00420884 0.0157284 0.00201633 0.00871191 -0.00263292 0.00160616 -0.015351 0.0175431 0.00413593 -0.0065162 0.00576724
internal_weight=482837 428590 377699 325944 265593 60351.2 34893 28107 14063.9 50890.5 40462.8 4182.58 31385.1 54246.8 42914.9 11331.9 2520.25 22483.8 16527.8 51755.4 7334.05 5955.98 30710.4 20431.1 15336.7 5094.42 8622.14 3410.38 9077.63 3812.06
internal_count=4157417 3576521 3151691 2665691 2166492 499199 317988 244700 123635 424830 322900 50724 246011 580896 455408 125488 29287 257626 175960 486000 56123 81666 267264 197782 154573 43209 61614 23581 76889 36031
is_linear=0
shrinkage=0.03


Tree=3
num_leaves=31
num_cat=0
split_feature=34 35 35 34 33 33 33 34 34 34 34 34 35 33 35 34 35 34 34 34 34 34 34 33 33 34 34 35 33 33
split_gain=4494.52 3819.74 2599.81 2192.67 2843.77 1707.05 1603.83 1465.16 1223.39 1499.02 1210.48 1207.06 1570.82 2314.33 1406.62 1194.89 1165.78 1159.34 1262.71 1154.16 1131.88 1024.72 1162.96 1012.32 1007.09 2629.44 1840.55 1015.9 980.397 974.862
threshold=-0.051768980920314782 0.21833010017871859 0.74449557065963756 -0.019969875924289223 -0.012578809168189762 -0.001286584709305316 -0.034664670005440705 -0.033443899825215333 0.020178014412522319 0.0010914614540524783 0.076394002884626402 -0.12285920977592467 0.38521173596382147 -0.054731162264943116 0.059641739353537566 -0.044298728927969926 0.22466856986284259 -0.034658784046769135 -0.03822719864547252 -0.10099320486187933 -0.014743878971785305 -0.0043197525665163985 -0.00092404484166763712 0.029251633211970333 -0.040747443214058869 -0.087091129273176179 -0.067316208034753786 0.35567307472229009 -0.059739705175161355 -0.013303210027515886
decision_type=2 2 2 2 2 2 2 2 2 2 2 2 2 2 2 2 2 2 2 2 2 2 2 2 2 2 2 2 2 2
left_child=11 8 3 5 6 -3 10 15 9 20 -5 14 13 19 -1 23 -8 18 -4 -13 28 -22 -23 -7 26 -26 27 -15 -2 -11
right_child=1 2 17 4 -6 7 16 -9 -10 29 -12 12 -14 24 -16 -17 -18 -19 -20 -21 21 22 -24 -25 25 -27 -28 -29 -30 -31
leaf_value=-0.018939701550909186 0.030889298552626489 -0.012930548948525435 0.0089632903008528188 -0.016903620330615172 -0.0030934630783541416 0.0049395361123611564 -0.029707066411755131 -0.0096540626071193805 0.015839508253999018 -0.014372295733409222 0.034707846215307765 -0.024971154766320579 0.012056278948783179 -0.028949198709522728 0.024194180509739781 0.010132535913516951 0.0093774557939410967 0.0023484170606342422 0.040116099734873852 0.022175204687029541 0.025027692760233606 -0.013382887593036704 0.021297987158462522 -0.023188633708041848 0.030347730181810143 -0.0054043936528418374 0.018864332614542994 0.034608376072749164 0.0024603664265957334 0.0056825225002382377
leaf_weight=746.6986947953701 1130.3310840129852 32246.419569529593 5878.1052902415395 3728.1730783358216 230701.75150104612 2399.9746298119426 683.94241631031036 14050.497689984739 10430.096370626241 5468.1473541855812 440.28137721121311 497.32216211780906 22761.378560941666 3658.0217937454581 6369.4931005463004 9448.6097863651812 29923.675885006785 44456.382080242038 1448.4740941748023 5142.6283749453723 5204.0240317694843 1727.1370359621942 1714.7929563745856 2183.5605819784105 2176.9131079688668 11752.175562776625 1081.4403845369816 224.71163281798363 21564.637320943177 3606.2236891724169
leaf_count=10055 13517 254584 46848 43001 1848645 22959 6023 120994 102022 45922 7500 11859 250673 26951 93094 82594 260439 429811 9182 45492 36011 11729 13994 17843 26458 103784 11176 2674 170541 31093
internal_value=2.17189e-06 -0.00102943 -0.00206898 -0.00306141 -0.00188788 -0.00822321 0.00610704 -0.00281256 0.00668831 0.00431996 -0.0113126 0.00812245 0.00638374 0.00111534 0.0196278 0.00404188 0.00848526 0.00417399 0.0152147 0.0179444 0.00742804 0.0166527 0.00391858 -0.00850303 -0.00392206 0.000218642 -0.0154948 -0.0251123 0.00390223 -0.00640739
internal_weight=482846 428435 377590 325807 265478 60329.1 34776.1 28082.6 50845.4 40415.3 4168.45 54410.8 47294.6 24533.2 7116.19 14032.1 30607.6 51783 7326.58 5639.95 31340.9 8645.95 3441.93 4583.54 18893.3 13929.1 4964.17 3882.73 22695 9074.37
internal_count=4157468 3575252 3150423 2664582 2165608 498974 316963 244390 424829 322807 50501 582216 479067 228394 103149 123396 266462 485841 56030 57351 245792 61734 25723 40802 171043 130242 40801 29625 184058 77015
is_linear=0
shrinkage=0.03


Tree=4
num_leaves=31
num_cat=0
split_feature=34 35 35 34 34 34 34 34 35 35 35 34 1 34 34 34 35 35 34 35 35 35 34 35 34 26 35 34 35 35
split_gain=4163.02 3637.66 2490.18 1591.95 1149.53 1380.19 1104.39 1090.18 1484.89 1646.79 1309.82 1214.1 1042.71 1003.09 992.655 1585.3 966.707 958.14 1112.45 920.412 787.281 1208.54 1037.52 984.057 779.715 940.717 828.887 1341.02 1263.62 986.026
threshold=-0.051768980920314782 0.21833010017871859 0.83399909734725963 0.0035712240496650343 0.020178014412522319 0.0010914614540524783 -0.014743878971785305 -0.12285920977592467 0.38521173596382147 0.25866982340812689 0.059641739353537566 -0.06133866868913173 -0.027498597279191014 -0.025840445421636101 0.008650485426187517 0.014085122849792244 0.80529150366783153 0.18464355915784839 1.0000000180025095e-35 0.88213157653808605 0.57411360740661632 0.42291125655174261 0.051015950739383704 0.41173607110977178 -0.058575619012117379 0.02899089548736811 0.6519378423690797 -0.074805337935686098 0.89911252260208141 0.88213157653808605
decision_type=2 2 2 2 2 2 2 2 2 2 2 2 2 2 2 2 2 2 2 2 2 2 2 2 2 2 2 2 2 2
left_child=7 4 3 -3 5 6 -2 10 9 -9 -1 -11 -5 -4 -7 -16 -12 -8 -19 -18 21 23 -23 -14 25 26 27 -10 29 -28
right_child=1 2 13 12 -6 14 17 8 24 11 16 -13 20 -15 15 -17 19 18 -20 -21 -22 22 -24 -25 -26 -27 28 -29 -30 -31
leaf_value=-0.018215733104708826 0.0037387710548473828 -0.0050193651923392665 0.020677454357435079 0.0032040363979056628 0.015402562189875504 -0.01441275153931643 0.024372416057209294 0.0064222672117050777 0.028583016810459206 -0.019316419446399894 0.029834901183076044 0.0048167331953887877 -0.0016413019163643038 0.0045522801569128999 0.018785742447411737 -0.022716533326995098 -0.02128922261312944 -0.0097661670750716287 0.024962956362840235 0.024298434944331173 0.00072558046957492341 -0.010703036701145011 -0.0014047989612128531 0.015923504514374853 0.021517821357531344 0.035644058250046753 -0.0026929857545448153 0.0027614472853157968 0.019525166438350835 -0.044721636410667384
leaf_weight=755.67570476606488 22740.07798525691 146880.7186601609 4235.3747876100242 43274.942933794111 10436.819534890354 5296.3073219582438 5235.0140297859907 16584.253910295665 3221.8943423777819 4928.5810577534139 4799.8472610302269 3011.035603646189 55569.548413090408 18967.708452586085 2594.7565974220634 1193.2254827730358 741.25649164617062 2082.8050517104566 1352.2541930824518 816.96365890651941 59512.564740717411 28869.481002263725 17259.598360549659 3006.9695881269872 5493.2624533362687 1060.8553862608969 6007.2936869375408 4109.5682731233537 2304.5354901105165 528.59141719341278
leaf_count=10147 184207 1139935 33760 372667 102046 41120 38053 152134 38573 51861 72519 24345 476544 220081 20209 15671 10022 16896 6797 10491 485979 230264 164292 27591 55215 7138 66788 50100 29600 3232
internal_value=1.36925e-06 -0.000990915 -0.00200617 -0.00262971 0.00653351 0.00424117 0.00721891 0.0078203 0.00616663 0.00104498 0.018756 -0.010175 -0.000937794 0.00751096 -0.006048 0.00566176 0.0231935 0.0163171 0.00397075 0.00261709 -0.00202951 -0.00359529 -0.00722614 -0.000734502 0.0116877 0.00853281 0.00671252 0.0141559 0.000521603 -0.00621813
internal_weight=482872 428508 377577 354374 50931.3 40494.4 31410.2 54363.6 47249.9 24523.9 7113.74 7939.62 207493 23203.1 9084.29 3787.98 6358.07 8670.07 3435.06 1558.22 164218 104706 46129.1 58576.5 22726 17232.7 16171.9 7331.46 8840.42 6535.89
internal_count=4158277 3576112 3151113 2897272 424999 322953 245953 582165 478986 228340 103179 76206 1757337 253841 77000 35880 93032 61746 23693 20513 1384670 898691 394556 504135 250646 195431 188293 88673 99620 70020
is_linear=0
shrinkage=0.03


Tree=5
num_leaves=31
num_cat=0
split_feature=32 32 33 33 32 33 33 33 33 26 32 32 32 32 33 33 27 33 33 24 33 33 33 32 32 32 32 32 32 33
split_gain=3471.43 4032.23 2869.9 2555.23 1757.71 1749.19 2004.69 1296.37 3741.79 1453.08 1476.08 2071.59 1610.82 1709.85 1716.84 2411.51 1174.62 1122.42 1066.18 1001.52 989.708 922.566 1785.41 919.12 847.754 2227.17 1282.18 1199.94 841.094 839.685
threshold=0.010609809774905445 -0.0053038655314594499 -0.059739705175161355 -0.036483865231275552 -0.013018006924539803 -0.048507720232009881 -0.040747443214058869 -0.014882357791066168 -0.015923499129712578 0.02899089548736811 0.0013818392762914302 -0.00018521653692005199 -0.0012608965043909846 -0.0027446640888229008 -0.034664670005440705 -0.023167964071035382 0.15800719708204272 -0.017350947484374043 -0.038446523249149316 0.029230289161205295 -0.022055992856621739 -0.014882357791066168 -0.015923499129712578 0.0023661317536607389 0.0056411146651953467 0.0042421831749379644 0.007810059469193221 0.0030001203995198016 -0.041274044662713998 1.0000000180025095e-35
decision_type=2 2 2 2 2 2 2 2 2 2 2 2 2 2 2 2 2 2 2 2 2 2 2 2 2 2 2 2 2 2
left_child=1 2 4 5 -1 -4 -7 8 9 10 11 12 13 14 -3 -16 28 -17 -8 -9 -2 22 -22 -12 25 27 -26 -25 -5 -23
right_child=20 7 3 16 -6 6 18 19 -10 -11 23 -13 -14 -15 15 17 -18 -19 -20 -21 21 29 -24 24 26 -27 -28 -29 -30 -31
leaf_value=0.023427327667902568 0.014556575621093262 -0.018067819110716934 0.0054680007179161482 0.045950363496121048 -0.029716411330795736 -0.028039459224647789 0.0083169811840039902 -0.006630753154717295 0.027507977387914332 0.031239436182174667 -0.026189923207152657 0.02362368456371235 -0.028622934147101861 0.022652820796824711 0.030076659320639396 -0.015092917485814908 0.001264800385507211 0.020568039817589371 -0.015901330638239126 -0.002552065282429559 0.003628532398864679 0.012375477013336411 -0.037935414415660826 0.020453226117751834 -0.027312808416771864 0.027778839471540979 0.00038853676367226251 -0.017460042498875544 0.0073121415332194004 0.0037050067051137628
leaf_weight=8149.4258795678616 9996.2520488351583 4425.4033855907619 5506.8453319780529 494.39597940072417 584.55344149842858 5595.4218068644404 3319.2863345555961 85726.088313929737 4495.8973487354815 1161.9235242754221 2486.596061591059 3527.6482778787613 1760.3515616841614 2779.8311107084155 2387.7490358874202 3505.5310007482767 63335.329064097255 1006.6872908696532 3189.0662951134145 147322.72525062785 3108.6811370588839 12423.830815672874 1305.4498722404242 916.02249564230442 3216.241519998759 1960.7848074696958 2808.1133422851562 3823.6232537180185 39999.447825219482 52498.264125421643
leaf_count=84394 110254 32880 60249 4479 13996 52730 28473 642521 30172 7751 21961 35342 16537 33696 17785 26178 555616 11025 30537 1234619 30638 105717 6796 10636 30496 25147 29608 33936 328049 506588
internal_value=3.5976e-06 -0.00112444 0.00322082 0.00202461 0.0198107 -0.00853562 -0.0149053 -0.0031941 0.00177605 -0.00147206 -0.00258783 0.00289898 -0.00173303 0.00165865 -0.00352525 0.00582711 0.00381704 -0.00708121 -0.00356225 -0.00405283 0.00573961 0.00446463 -0.00877939 -0.00957765 -0.00629538 0.00105034 -0.0144419 -0.0100775 0.00780633 0.00536753
internal_weight=482817 403485 130174 121440 8733.98 17610.6 12103.8 273311 40262.4 35766.5 34604.6 19393.2 15865.6 14105.2 11325.4 6899.97 103829 4512.22 6508.35 233049 79332.5 69336.2 4414.13 15211.4 12724.8 6700.43 6024.35 4739.65 40493.8 64922.1
internal_count=4158806 3398813 1158523 1060133 98390 171989 111740 2240290 363150 332978 325227 173443 138101 121564 87868 54988 888144 37203 59010 1877140 759993 649739 37434 151784 129823 69719 60104 44572 332528 612305
is_linear=0
shrinkage=0.03


Tree=6
num_leaves=31
num_cat=0
split_feature=34 35 35 34 33 34 34 33 35 35 35 35 35 35 33 34 34 35 34 34 33 34 34 34 35 33 33 33 35 35
split_gain=3894.71 3288.13 2229.63 1464.03 3428.11 1074.18 1316.03 1048.72 2696.56 1551.51 1475.58 1123.99 1186.97 1092.32 1090.95 2143.84 1424.54 1098.18 1029.55 1530.21 1014.91 1473.36 1010.08 1027.67 1115.49 1541.76 987.746 962.335 944.954 936.073
threshold=-0.051768980920314782 0.21833010017871859 0.83399909734725963 0.0010914614540524783 -0.0067772909533232442 0.020178014412522319 0.0010914614540524783 -0.054731162264943116 0.38521173596382147 0.66535919904708873 0.88213157653808605 0.7863549292087556 0.68453484773635875 0.89911252260208141 -0.033029537647962563 -0.079633854329586015 -0.067316208034753786 0.20850654691457751 0.008650485426187517 0.014085122849792244 -0.023167964071035382 -0.06133866868913173 -0.017826614901423451 -0.022534483112394806 0.18948969244956973 -0.021244096569716927 -0.059739705175161355 -0.017350947484374043 0.18464355915784839 0.11674071848392488
decision_type=2 2 2 2 2 2 2 2 2 2 2 2 2 2 2 2 2 2 2 2 2 2 2 2 2 2 2 2 2 2
left_child=7 5 3 -3 -5 6 22 9 14 -1 -11 12 -10 -13 16 -16 -9 -18 -8 -20 -17 28 23 24 26 -26 -2 -23 -22 -24
right_child=1 2 -4 4 -6 -7 18 8 11 10 -12 13 -14 -15 15 20 17 -19 19 -21 21 27 29 -25 25 -27 -28 -29 -30 -31
leaf_value=0.021593582200900543 0.033108596460052014 -0.0049836090263319106 0.0070812254521363926 0.0068064092756079195 -0.002803369935293668 0.014770755831455096 -0.014663356619197194 -0.016636166398594734 0.010977426741666936 -0.018147680176965449 0.034481015518138564 -0.011674264197532825 0.028119708650946214 0.013889244808410353 0.026214219575037136 0.01601203168605073 0.035458029238774863 -0.012672646255888115 0.01862061161408874 -0.022021268076396944 -0.0032027508755825031 -0.016764535789907917 0.029892529753110953 -0.015011756017670682 0.033287272232339238 0.0015763352377669885 -0.00096950668535653191 0.014259710774026534 -0.036300881686785795 0.0090867412810295804
leaf_weight=8818.169701218605 793.44880598410964 134270.05778517574 23197.706873428077 41066.417029581964 178793.22315428033 10437.044341251254 5255.4340430796146 6902.877312399447 11224.92386957258 1901.8601513020694 619.17490543425083 2922.8542409390211 5392.8691614829004 3057.8602580055594 2810.7323543094099 1852.1717213764787 931.92306877300143 758.67511417716742 2612.7609204128385 1201.0555613227189 1265.4602044150233 1354.0172883532941 2698.9391343966126 2430.7754231989384 2667.2091939821839 2840.6353348344564 12967.940966166556 2589.6941819787025 2005.7911357842386 6956.9698329865932
leaf_count=96167 10421 1049623 253902 349780 1497115 102209 40897 56046 135186 23633 5679 38739 41300 43084 45076 12329 12943 8356 20309 15732 13589 9192 15957 26460 15937 21028 103709 21168 19611 52120
internal_value=8.82498e-07 -0.000959922 -0.0019252 -0.00251554 -0.00100795 0.00619903 0.00397975 0.00755982 0.00541807 0.015671 -0.00505223 0.012558 0.0165676 0.00139875 -0.00246828 0.00342132 -0.0105979 0.0139632 -0.00607543 0.00577347 -0.00368642 -0.00877355 0.00689009 0.00329231 0.0056145 0.0169974 0.00104055 0.00357713 -0.0235944 0.014952
internal_weight=482599 428190 377327 354130 219860 50862.2 40425.2 54409.1 43069.8 11339.2 2521.04 22598.5 16617.8 5980.71 20471.3 11877.9 8593.48 1690.6 9069.25 3813.82 9067.13 7214.96 31355.9 21700 19269.2 5507.84 13761.4 3943.71 3271.25 9655.91
internal_count=4157297 3575199 3150420 2896518 1846895 424779 322570 582098 456619 125479 29312 258309 176486 81823 198310 120965 77345 21299 76938 36041 75889 63560 245632 177555 151095 36965 114130 30360 33200 68077
is_linear=0
shrinkage=0.03


Tree=7
num_leaves=31
num_cat=0
split_feature=34 35 35 34 33 33 33 34 35 34 33 34 34 33 35 35 35 33 34 34 35 35 35 33 34 34 33 34 33 35
split_gain=3757.97 3214.75 2116.07 1872.06 2463.39 1526 1428.09 1337.45 1141.88 1115.74 1095.79 1148.26 1094.72 1011.23 2547.74 1367.93 1400.23 1038.97 2448.54 1611.89 1015.39 1136.16 1046.84 1001.12 998.339 1243.56 987.467 937.286 919.639 918.437
threshold=-0.051768980920314782 0.21833010017871859 0.74449557065963756 -0.019969875924289223 -0.012578809168189762 -0.001286584709305316 -0.034664670005440705 -0.033443899825215333 0.22466856986284259 -0.044298728927969926 0.038678968325257308 -0.034658784046769135 0.076394002884626402 -0.054731162264943116 0.38521173596382147 0.66535919904708873 0.88213157653808605 -0.040747443214058869 -0.087091129273176179 -0.067316208034753786 0.7863549292087556 0.68453484773635875 0.89911252260208141 0.030892575159668926 0.020178014412522319 0.0010914614540524783 -0.048507720232009881 -0.014743878971785305 0.029251633211970333 0.35567307472229009
decision_type=2 2 2 2 2 2 2 2 2 2 2 2 2 2 2 2 2 2 2 2 2 2 2 2 2 2 2 2 2 2
left_child=13 24 3 5 6 26 12 9 -8 28 11 -4 -5 15 17 -1 -17 19 -19 29 21 -16 -22 -13 25 27 -3 -2 -7 -15
right_child=1 2 10 4 -6 7 8 -9 -10 -11 -12 23 -14 14 20 16 -18 18 -20 -21 22 -23 -24 -25 -26 -27 -28 -29 -30 -31
leaf_value=0.020955823814076666 0.0036323334836454676 0.011249886553537638 0.017440985243881296 -0.016070197399614496 -0.002825601058075426 0.0047193397856400265 -0.029919381526932728 -0.0089860825667238183 0.0088463462472610499 0.009980181541142082 -0.0057414201663074736 0.0022182409683483032 0.033144087840518421 -0.026411629359200876 0.010591111405783095 -0.017061406949936658 0.033870208037426235 0.023053878538110684 -0.0051265761218655783 0.018216876909762193 -0.011178099039154137 0.027346338013658367 0.013865916769170747 0.020658653093215462 0.01441673815019876 -0.0057732471885942917 -0.013204792341770051 0.015231535447839371 -0.02199279909131786 0.033580068609076676
leaf_weight=8823.2022180147469 22797.491192050278 1547.2175044938922 6402.6168657205999 3713.1748204641044 230508.32480308786 2430.4167122021317 680.68328229337931 14080.241395268589 29998.395638205111 9454.5963006950915 9039.4914181791246 33512.203217938542 437.726841237396 3771.402240883559 11195.193888839334 1882.9631664678454 632.58025898039341 3616.0346119180322 11698.568687792867 1078.557716190815 2913.4544605575502 5414.6445114500821 3059.0407481491566 2857.8994287103415 10410.54882921651 9067.9754578173161 30598.998911041766 8638.6821519844234 2189.0294636376202 227.75557409226894
leaf_count=96257 184760 11669 47384 43043 1848490 23211 6004 121456 260741 82594 103844 306928 7453 29474 134995 23478 5798 51045 103656 11187 38789 41504 43088 27679 101732 77049 242535 61628 17910 2708
internal_value=6.7187e-06 -0.000935967 -0.00189055 -0.00278656 -0.0017019 -0.00755718 0.0057322 -0.00245494 0.00796731 0.00408256 0.00373973 0.0057452 -0.0107463 0.00743922 0.00533196 0.0154024 -0.00408757 -0.00235429 0.00154869 -0.0140858 0.0122687 0.0160795 0.00165261 0.00367781 0.00613871 0.00400499 -0.0120215 0.00682746 -0.00797905 -0.022845
internal_weight=482679 428366 377451 325639 265338 60300.5 34830 28154.3 30679.1 14074 51812.2 42772.7 4150.9 54313.4 42974.7 11338.7 2515.54 20392.3 15314.6 5077.72 22582.3 16609.8 5972.5 36370.1 50914.7 40504.1 32146.2 31436.2 4619.45 3999.16
internal_count=4158089 3576110 3150941 2665106 2165731 499375 317241 245171 266745 123715 485835 381991 50496 581979 456446 125533 29276 198070 154701 43369 258376 176499 81877 334607 425169 323437 254204 246388 41121 32182
is_linear=0
shrinkage=0.03


Tree=8
num_leaves=31
num_cat=0
split_feature=33 33 33 24 27 27 23 33 33 8 33 27 33 33 33 10 33 33 33 0 33 33 18 23 33 10 43 18 33 39
split_gain=2828.39 1165.11 2531.97 1030.06 709.336 601.94 552.013 771.982 645.833 532.092 516.976 448.701 402.144 401.988 566.893 372.844 396.771 526.969 368.925 368.416 352.11 454.995 341.532 338.493 336.391 338.797 319.67 282.954 277.869 268.883
threshold=-0.048507720232009881 -0.034664670005440705 -0.022055992856621739 0.028946775943040851 0.12005586549639703 0.277853474020958 0.030612490139901642 -0.038446523249149316 -0.040747443214058869 -0.056953949853777878 -0.038446523249149316 0.48151403665542608 -0.045113515108823769 -0.059739705175161355 -0.064229741692543016 -1.0000000180025095e-35 -0.012578809168189762 -0.015923499129712578 -0.0060724508948624125 -0.029971390962600705 -0.064229741692543016 -0.054731162264943116 -0.0078297141008079035 0.065950542688369765 -0.07850195467472075 -0.0076319670770317307 0.48937609791755682 -0.024471838958561417 -0.059739705175161355 0.58667480945587169
decision_type=2 2 2 2 2 2 2 2 2 2 2 2 2 2 2 2 2 2 2 2 2 2 2 2 2 2 2 2 2 2
left_child=11 6 5 15 -5 19 8 12 -2 18 -10 13 -8 14 27 23 17 -17 -6 -3 24 28 -21 -4 25 -13 -25 -1 -22 -14
right_child=1 2 3 4 9 -7 7 -9 10 -11 -12 20 29 -15 -16 16 -18 -19 -20 22 21 -23 -24 26 -26 -27 -28 -29 -30 -31
leaf_value=0.018794938891786468 -0.021189461701991538 0.0048448336273263356 -0.0059539337446431004 0.0041535684621939756 -0.0018246633501414868 0.0038905385153155956 -0.0094808587494951326 -0.012436180391219222 0.0081122852463903529 -0.0012150269158978718 -0.012460873875161519 -0.0071751938149718208 0.013987343380113761 0.0082276166969615198 0.028825095270515782 -0.0066742670360900435 -0.0063531049464585938 0.0083768429871119241 0.0034563069344695314 0.019860856296669491 0.0060555582761783284 0.00061621185286514643 0.0094276313145815801 0.00062171708710441898 -0.016830052170478144 0.019134750449768808 -0.0033479563015246343 0.0041012186446020673 0.026985506646090125 0.0012791924340730362
leaf_weight=2499.1506642401218 4337.4335427172482 4746.379676323384 14725.827363006771 36519.597193416208 16196.873048063368 17736.770552780479 1973.4216317720711 5128.6410211920738 1685.9410670362413 168651.40663548186 3081.260851085186 992.29030917957425 2345.9827580265701 6684.9888757318258 2878.7364920265973 4165.5154090672731 38956.320837587118 4169.0890614278615 44806.501513060182 5870.2160209678113 957.43976224586368 2547.0943598598242 5554.7483158782125 45085.782029166818 1073.362818941474 761.52718836441636 30655.706202339381 2244.5229214578867 1448.5348174721003 4099.1072888597846
leaf_count=33207 38584 40572 111309 312985 142729 178323 21296 43626 14019 1464303 25457 15521 25076 67182 23927 27758 279443 25520 418969 42173 10124 25519 46593 369058 12937 12564 248086 30395 11233 39273
internal_value=2.16736e-06 -0.00050103 -0.000157648 -0.000818772 0.00027113 0.00771387 -0.00713234 -0.00328483 -0.0128374 -0.000346562 -0.00518159 0.010484 0.00230652 0.0136352 0.0183438 -0.0029244 -0.00508264 0.000856545 0.00205403 0.0118973 0.00466903 0.00947704 0.0148136 -0.00179532 -0.00376176 0.00433582 -0.000985433 0.0118888 0.0187752 0.00593386
internal_weight=482580 460493 437841 403933 266174 33908.1 22651.8 13547.2 9104.64 229655 4767.2 22087.6 8418.51 14307.4 7622.41 137758 47290.9 8334.6 61003.4 16171.3 7780.25 4953.07 11425 90467.3 2827.18 1753.82 75741.5 4743.67 2405.97 6445.09
internal_count=4157761 3915152 3707821 3400160 2338986 307661 207331 129271 78060 2026001 39476 242609 85645 154711 87529 1061174 332721 53278 561698 129338 87898 46876 88766 728453 41022 28085 617144 63602 21357 64349
is_linear=0
shrinkage=0.03


Tree=9
num_leaves=31
num_cat=0
split_feature=32 35 33 32 33 24 33 33 32 32 33 32 33 33 33 32 35 33 33 33 35 33 35 32 35 35 32 35 35 32
split_gain=3088.79 4083.18 1771.35 1806.71 1680.66 1086.74 985.425 1232.53 966.334 1203.18 950.03 894.207 853.675 868.527 1584.29 829.028 793.059 963.279 756.175 738.008 735.484 779.124 718.071 1772.56 716.437 1181.43 835.356 705.489 688.16 662.881
threshold=0.010609809774905445 0.21833010017871859 -0.059739705175161355 -0.01810432784259319 -0.018673303537070748 0.031243125908076767 -0.022055992856621739 -0.011179239954799412 -0.014553854241967199 -0.015421228017657993 -0.024687093682587143 -0.02856467571109533 -0.022055992856621739 -0.014882357791066168 -0.015923499129712578 -0.026351015083491799 0.19795468449592593 -0.0049960946198552838 1.0000000180025095e-35 -0.10541613399982451 0.68453484773635875 -0.0053850426338613025 0.22466856986284259 -0.015421228017657993 0.1784622669219971 0.16237524896860125 -0.019158121198415753 0.059641739353537566 0.11674071848392488 -0.015421228017657993
decision_type=2 2 2 2 2 2 2 2 2 2 2 2 2 2 2 2 2 2 2 2 2 2 2 2 2 2 2 2 2 2
left_child=1 2 27 4 11 -3 10 29 9 -9 -5 28 19 14 -14 -6 17 -10 20 -2 -15 -22 -7 -24 25 26 -13 -1 -4 -8
right_child=12 5 3 6 15 22 7 8 16 -11 -12 24 13 18 -16 -17 -18 -19 -20 -21 21 -23 23 -25 -26 -27 -28 -29 -30 -31
leaf_value=0.006914153844377346 -0.019923659023473473 -0.0044491629986659967 -0.0016486556334396598 0.010580758218540378 0.031437850047859525 -0.017975333302382119 0.014041817189744803 0.010359323411380735 0.0076115901813552491 -0.021156431134224191 0.030503198544298352 -0.015417192416298124 0.0029843035813150163 0.044708782946758549 -0.036278367073668501 0.0043670689717042188 0.0023950668263358586 0.029996960283793048 0.0035251876556446995 0.015559635172695352 0.0039462109343410649 0.019624982925634714 0.043571855136655582 -0.00097233180566840547 0.0068468944582075284 -0.045027438433066017 0.02056956444306602 0.027567149951592932 0.036459053662701434 -0.0068120467673295328
leaf_weight=2294.4442245066166 541.8980626873672 137886.21599058434 4239.8025824278593 9825.8150734044611 1169.4890941791236 2192.7336615622044 1618.7515871524811 2973.1732083894312 2965.3493927568197 1694.9039218463004 2756.1443017758429 6928.985081743449 3125.8706994503736 562.06674499809742 1292.081601396203 7138.2878324128687 3004.0057636797428 4193.0395670123398 52424.360499341041 9465.3035277314484 7282.285677112639 4683.4371265843511 787.34159237891436 195182.74706258252 1317.4872415587306 1140.3283427134156 616.29072203114629 4308.5029806643724 454.01761448383331 8423.2237061299384
leaf_count=24630 5483 1069942 46516 77480 15525 24125 14008 27818 16303 14375 15906 68887 30698 3327 6736 67842 31808 29530 505745 104971 65704 37433 6883 1708774 11772 10705 10028 47586 3235 54557
internal_value=9.87756e-06 -0.00105533 0.00570243 0.00408742 -0.00252857 -0.00240417 0.00815018 0.00468278 0.0101728 -0.00112498 0.0149864 -0.00862106 0.00541834 0.00423416 -0.00861026 0.00824418 0.0153544 0.0207709 0.0051102 0.0136023 0.0117267 0.0101055 -0.000980908 -0.00078894 -0.0136819 -0.0168044 -0.0124312 0.020433 0.00217643 -0.00342921
internal_weight=482488 403111 67062 60459.1 23004.7 336049 37454.4 24872.4 14830.5 4668.08 12582 14696.9 79377.3 69370.1 4417.95 8307.78 10162.4 7158.39 64952.2 10007.2 12527.8 11965.7 198163 195970 10003.1 8685.6 7545.28 6602.95 4693.82 10042
internal_count=4158332 3398235 588511 516295 234510 2809724 281785 188399 119834 42193 93386 151143 760097 649643 37434 83367 77641 45833 612209 110454 106464 103137 1739782 1715657 101392 89620 78915 72216 49751 68565
is_linear=0
shrinkage=0.03


Tree=10
num_leaves=31
num_cat=0
split_feature=34 32 32 32 32 34 32 32 34 34 32 34 32 32 32 34 32 34 32 32 32 32 32 32 32 32 34 32 32 34
split_gain=3192.97 2834.76 3256.58 1200.45 1641.73 1155.22 1907.02 1144.85 1056.53 2453.24 997.635 987.81 1038.35 957.91 916.944 849.9 1722.21 1472.45 1274.09 992.849 868.716 750.797 748.946 716.586 722.373 1625.64 1273.17 1228.87 887.095 1332.8
threshold=-0.051768980920314782 0.01019556447863579 -0.0031672157347202297 -0.0027446640888229008 -0.0036088214255869384 -0.13885984569787976 -0.034430555999279015 -0.041274044662713998 0.057090418413281448 0.074291475117206587 -0.02856467571109533 -0.042777672410011285 0.0072680884040892133 -0.0053038655314594499 -0.013702181633561848 -0.033443899825215333 0.001789768517483026 -0.019969875924289223 0.0031770775094628338 0.0086359218694269674 0.0072680884040892133 -0.0055259522050619117 0.0080554848536849039 -0.0033790608868002887 -0.015421228017657993 -0.022725751623511311 -0.050065822899341576 -0.014553854241967199 -0.0036088214255869384 0.01225033449009061
decision_type=2 2 2 2 2 2 2 2 2 2 2 2 2 2 2 2 2 2 2 2 2 2 2 2 2 2 2 2 2 2
left_child=3 2 7 4 5 6 -1 -2 23 -10 -7 12 -4 14 -11 16 -13 22 -18 20 -20 -8 -17 24 25 -9 -26 -28 -29 -30
right_child=1 -3 11 -5 -6 10 21 8 9 13 -12 15 -14 -15 -16 17 18 -19 19 -21 -22 -23 -24 -25 26 -27 27 28 29 -31
leaf_value=-0.020563076108759768 0.030906049138239904 0.004580201664881261 -0.018130741760975091 0.011479156621385175 -0.030866368449043998 0.018029231237910177 0.040228295691928866 -0.0049394106796537751 0.017735088096879178 -0.014431030288861457 -0.00052186299293035773 0.022532100233113108 0.010969289428836673 -0.019604148240419637 0.01517957594024737 -0.010782215322292839 -0.034838985044619734 -0.0035113262654445335 0.0024704861950171787 -0.015194022624529185 0.03519969536293753 -0.0064793151867216696 -0.033404111395754957 0.013763239051019447 -0.036880372542779434 0.010900844426409206 -0.023828747810958215 -0.00090156584919620598 0.030969398841744083 -0.0084063150852316752
leaf_weight=751.83829981088638 1165.0392463356256 71547.619273029268 7751.974193457514 26144.002056337893 1244.0383985489607 2964.7760820128024 2123.119335077703 9674.8513178862631 10020.680703490973 1524.6483785100281 20715.583234973252 3242.56661054492 1272.4918809086084 2668.6731974259019 2391.2826837934554 15861.946679797024 996.9935785010457 176684.6825571321 3237.5613215900958 2136.2287719473243 923.63765373826027 356.10443108156323 1423.7315670326352 3466.0102896206081 871.11693397164345 14621.21198843047 2031.1938429400325 91389.054382167757 1902.2382057420909 1283.0517681837082
leaf_count=10094 15563 658552 63670 294435 11415 30603 26245 99579 81757 18490 202089 28139 9098 18060 31192 129575 6202 1436974 33348 15179 6363 7273 13937 31422 3534 125224 19513 703323 14821 11516
internal_value=7.1515e-07 -0.000868652 -0.00196228 0.00685247 0.00255121 0.00411779 0.0208873 0.00154106 0.00129555 0.00840134 0.00181398 -0.0043085 -0.0140123 -0.00581379 0.00363609 -0.00387896 0.00441254 -0.00432979 -0.00368167 0.00134576 0.00986882 0.0335213 -0.0126819 0.000352206 -3.17093e-05 0.00459428 -0.00118544 -0.000856005 -0.000357681 0.0151552
internal_weight=482388 428088 356541 54299.5 28155.5 26911.4 3231.06 143009 141844 16605.3 23680.4 213532 9024.47 6584.6 3915.93 204507 10537 193970 7294.42 6297.43 4161.2 2479.22 17285.7 125239 121773 24296.1 97476.7 96605.5 94574.3 3185.29
internal_count=4157185 3575031 2916479 582154 287719 276304 43612 1173994 1158431 149499 232692 1742485 72768 67742 49682 1669717 89231 1580486 61092 54890 39711 33518 143512 1008932 977510 224803 752707 749173 729660 26337
is_linear=0
shrinkage=0.03


Tree=11
num_leaves=31
num_cat=0
split_feature=32 32 33 33 32 33 33 33 33 27 32 32 32 32 32 33 33 33 32 32 33 32 32 32 33 33 24 33 32 33
split_gain=2751.81 3087.89 2052.58 2218.05 1549.3 1444.52 1721.32 1067.27 3298.45 1055.47 1011.51 1545.38 1536.16 1476.55 1552.81 1571.15 2177.94 1230.95 1095.91 1054.55 1036.12 1013.05 2032.95 1129.66 965.351 879.772 854.482 852.36 800.621 792.214
threshold=0.010609809774905445 -0.0053038655314594499 -0.059739705175161355 -0.036483865231275552 -0.013018006924539803 -0.048507720232009881 -0.040747443214058869 -0.014882357791066168 -0.015923499129712578 0.14295933395624164 0.0090181124396622198 0.0015933124814182522 -0.00018521653692005199 -0.0012608965043909846 -0.0027446640888229008 -0.034664670005440705 -0.023167964071035382 -0.026954179629683491 0.0023661317536607389 0.0096384696662426012 -0.017350947484374043 0.0056411146651953467 0.0042421831749379644 0.0030001203995198016 -0.033029537647962563 -0.013823971617966889 0.02567192725837231 -0.038446523249149316 0.007810059469193221 -0.022055992856621739
decision_type=2 2 2 2 2 2 2 2 2 2 2 2 2 2 2 2 2 2 2 2 2 2 2 2 2 2 2 2 2 2
left_child=1 2 4 5 -1 -4 -7 8 10 -5 11 12 13 14 15 -3 -17 -12 -13 -19 -18 22 23 -20 -14 -9 -27 -8 -23 -2
right_child=29 7 3 9 -6 6 27 25 -10 -11 17 18 24 -15 -16 16 20 19 21 -21 -22 28 -24 -25 -26 26 -28 -29 -30 -31
leaf_value=0.02022827357024579 0.01294165492272091 -0.016991648313670081 0.0046318325430660459 0.0074141648473776108 -0.029494308982265384 -0.0261712538093632 0.0072421101323923666 -0.028095741736322895 0.02594259536525366 0.0011335174370276609 -0.027013067534573915 -0.03093339690652798 0.04027044641683699 -0.027082972951101084 0.021665197892500203 0.028623924576959101 -0.014085122735156639 0.042065490585026968 0.019400704184562342 -0.043481229635880358 0.01992439703395325 -0.025939629937793269 0.025991955417443625 -0.01703422728246776 0.0090704572850046818 -0.0065639584987494462 -0.0024044259275542356 -0.014401585333135956 -0.0011520738941536014 0.0039347831650547943
leaf_weight=8132.9330779872835 10050.519612379372 4460.7512563019991 5499.4763200096786 37929.387686077505 588.53867265209556 5536.7007870301604 3305.5447985976934 1294.9235755726695 4458.1123459301889 65922.506507530808 367.38621699810028 1957.4527217410505 1300.5119403228164 1773.083742942661 2818.1561560742557 2423.0846061632037 3554.4815972521901 1254.6743629537523 937.38330477848649 128.16484382376075 1022.2000340484083 3207.233389236033 2005.9968776516616 3845.1964277848601 2806.0285284556448 60004.207427144051 171478.82920964062 3208.2230966091156 1845.190357580781 69437.720049008727
leaf_count=84519 110787 33371 60267 311313 14095 52477 28400 9102 29889 576971 7363 14418 11423 16778 34274 18082 26635 8958 10847 2465 11150 30574 25956 34189 32048 444532 1421878 30751 14601 650249
internal_value=-2.41475e-05 -0.00103026 0.00277243 0.00176115 0.0168131 -0.00809724 -0.0139045 -0.00284323 0.00167226 0.00342836 -0.00137078 -0.00252193 0.00277286 -0.00142233 0.00179756 -0.00311715 0.00574789 0.0207391 -0.01025 0.03363 -0.00643547 -0.00678435 0.000792074 -0.00984194 0.0190986 -0.00362244 -0.00348312 -0.0034295 -0.0169272 0.00507658
internal_weight=482555 403066 130123 121402 8721.47 17549.9 12050.5 272943 40165.1 103852 35707 33956.8 20158.3 16051.8 14278.7 11460.5 6999.77 1750.23 13798.5 1382.84 4576.68 11841 6788.58 4782.58 4106.54 232778 231483 6513.77 5052.42 79488.2
internal_count=4158362 3397326 1158793 1060179 98614 171895 111628 2238533 363021 888284 333132 314346 183761 140290 123512 89238 55867 18786 130585 11423 37785 116167 70992 45036 43471 1875512 1866410 59151 45175 761036
is_linear=0
shrinkage=0.03


Tree=12
num_leaves=31
num_cat=0
split_feature=34 33 33 33 33 34 33 34 33 33 33 34 34 33 33 34 33 34 34 34 34 33 34 33 33 33 34 34 34 34
split_gain=2980.74 975.543 1427.38 1321.06 1054.64 1017.52 1203.38 958.946 1551.72 1310.16 1174.74 1009.9 937.601 870.773 902.181 1595.09 1303.19 1123.5 1266.21 1008.76 905.7 1024.38 791.46 790.847 789.734 1312.91 1292.54 853.696 1151.38 784.758
threshold=-0.051768980920314782 0.0080125415697693842 0.013511817436665298 -0.054731162264943116 -0.064229741692543016 -0.06133866868913173 -0.016399403102695938 0.054842680692672736 0.010403670370578768 0.012265849858522417 0.013511817436665298 0.057090418413281448 -0.12285920977592467 -0.048507720232009881 -0.034664670005440705 -0.041464485228061669 -0.01992339268326759 -0.011635823640972374 -0.0066001922823488704 -0.044298728927969926 -0.034658784046769135 -0.038446523249149316 0.026874672621488575 -0.041936524212360375 0.027640369720757011 0.023700983263552192 0.11112556979060174 0.081276949495077147 0.068464327603578581 -0.050065822899341576
decision_type=2 2 2 2 2 2 2 2 2 2 2 2 2 2 2 2 2 2 2 2 2 2 2 2 2 2 2 2 2 2
left_child=1 3 -3 4 -1 -5 -7 13 -9 11 -11 -10 -4 -2 15 19 17 -16 -19 -15 23 -22 -20 -17 25 26 27 28 -12 -18
right_child=7 2 12 5 -6 6 -8 8 9 10 24 -13 -14 14 16 20 29 18 22 -21 21 -23 -24 -25 -26 -27 -28 -29 -30 -31
leaf_value=0.0057525245066479859 0.0085427084364530659 0.034033591707011042 0.029615054019580915 -0.0017910420358413963 0.024375727269423757 -0.0013145907961746293 0.02037671751907363 0.0080746556423073549 0.016391879421755066 0.02670540592331393 0.0071362238648458014 -0.022398653760629893 0.0033893155084702268 -0.00045763832869750385 -0.00055109293098673821 -0.038084308259656502 -0.018260039806420405 0.023129201304221442 0.0020306747670308422 0.039700761829027008 0.0040460920703783041 -0.019229601447455183 0.042893193396044596 -0.010604433495330108 0.0033663242575236573 -0.01719157835214288 -0.024110390118301173 0.013098186112690414 -0.013508382849957876 -0.0019269056403336828
leaf_weight=6643.4217141866684 7526.3563546203077 2594.5456711910665 1499.6348827108741 23262.800279643387 4654.2921704575419 4415.3411812223494 4783.6107214950025 26280.793766222894 702.67722237482667 1483.4602108895779 5294.243809774518 3793.9450839608908 6404.614577870816 1986.399274084717 18602.130436949432 2177.0791758447886 2652.0145482830703 4811.1235335618258 8557.6341948881745 765.36306615546346 3279.4163302965462 3504.440934188664 429.14676383882761 1687.0132275260985 25343.772905807942 5417.3109275475144 1786.7910141199827 4814.5554320141673 4462.7321544624865 292670.8039817065
leaf_count=87444 83775 33320 12044 240954 38008 46931 36501 270253 5814 6972 50991 27043 86967 14242 158772 12933 22913 35553 70449 5708 39861 29349 5273 11629 268713 41893 16579 38265 30842 2328549
internal_value=-2.01745e-05 0.0066027 0.0148079 0.00462823 0.0134542 0.00155012 0.00998499 -0.000859979 0.00211557 -0.000835726 0.000600291 -0.0162912 0.00842718 -0.00153753 -0.00176043 -0.0093846 -0.00144814 0.0042616 0.0107414 0.0109177 -0.014642 -0.00799897 0.0040729 -0.0262033 -0.000232558 -0.0044204 -0.000175192 0.00278881 -0.00231471 -0.0020748
internal_weight=482287 54258.3 10498.8 43759.5 11297.7 32461.8 9198.95 428029 79380.3 53099.5 48602.9 4496.62 7904.25 348649 341123 13399.7 327723 32400 13797.9 2751.76 10647.9 6783.86 8986.78 3864.09 47119.4 21775.6 16358.3 14571.5 9756.98 295323
internal_count=4158540 582169 132331 449838 125452 324386 83432 3576371 757365 487112 454255 32857 99011 2819006 2735231 113722 2621509 270047 111275 19950 93772 69210 75722 24562 447283 178570 136677 120098 81833 2351462
is_linear=0
shrinkage=0.03


Tree=13
num_leaves=31
num_cat=0
split_feature=34 32 35 34 35 35 32 32 35 34 32 6 34 34 35 32 32 32 32 34 35 32 34 34 35 35 35 32 35 35
split_gain=2818.79 2644.91 3412.91 1297.22 1183.84 1323.07 1133.14 1546.02 1098.45 1030.88 1837.57 1014 933.056 907.282 902.268 1785.64 1337.56 1069.11 952.414 945.542 2926.81 1259.92 971.198 869.699 1251.84 2069.76 970.336 1489.94 862.478 1183.47
threshold=-0.051768980920314782 0.01019556447863579 0.21833010017871859 -0.019969875924289223 0.68453484773635875 0.6519378423690797 -0.0027446640888229008 -0.0036088214255869384 0.79561480879783641 -0.13885984569787976 -0.034430555999279015 -0.02256476134061813 -0.015552219469100235 -0.048380721360445016 0.25866982340812689 -0.0084964241832494718 -0.013702181633561848 -0.012596955522894858 -0.02856467571109533 -0.067316208034753786 0.1705446392297745 -0.019158121198415753 -0.079633854329586015 -0.028287952765822407 0.41671648621559149 0.37352612614631658 0.60535466670990001 0.0070627711247652778 0.7863549292087556 0.89911252260208141
decision_type=2 2 2 2 2 2 2 2 2 2 2 2 2 2 2 2 2 2 2 2 2 2 2 2 2 2 2 2 2 2
left_child=6 2 -2 4 5 13 7 9 11 10 -1 -5 -13 -4 16 17 18 -16 -11 20 -20 -21 -22 26 25 -25 27 -15 -8 -30
right_child=1 -3 3 8 -6 -7 28 -9 -10 14 -12 12 -14 23 15 -17 -18 -19 19 21 22 -23 -24 24 -26 -27 -28 -29 29 -31
leaf_value=-0.020875063159095205 0.005309751182102411 0.0044362421406797933 -0.020805157554896349 0.00176511276346964 -0.023871319718397774 0.018989382828379291 0.014267159008273373 -0.030077877693271991 -0.033803655640211434 0.01662124896316303 0.032090860199341896 0.0061550115718489902 -0.0034574135404569352 -0.0027207030425629376 0.0079430618354346741 0.003304063478134197 0.024447274985496831 -0.04063833220652565 -0.028415827554332029 0.019265928494538346 0.028431004529650934 -0.0092520621465905679 -0.014124363014210157 -0.0099592499058409299 -0.021220553363310479 0.028655244421073752 -0.019696785531544504 0.02893482896211353 -0.0099591504414935014 0.014407982019755109
leaf_weight=756.83495560288429 50894.439738381654 71613.783337447792 3882.6957809403539 50955.83648743853 3540.1629091948271 1822.6559620313346 18991.750166296959 1251.2763149775565 961.54752723872662 2975.0512606017292 2472.3505976684391 9538.4479438476264 185568.43864929304 27618.061498768628 524.23169436305761 4471.4388621002436 2728.8052163496614 1726.2886530384421 3423.2510900087655 3051.5026635974646 1563.3781287297606 2536.616863809526 679.77737429738045 9139.552575301379 6771.3266481384635 1426.9862069301307 2775.5089449100196 1386.2937865704298 3627.7107540406287 3510.2531555518508
leaf_count=10191 425492 658549 31846 417132 21816 16952 201388 11471 5973 30700 33473 72641 1513294 249575 5627 50788 29219 14758 30615 27944 12097 22944 8181 72110 45734 9266 25261 9647 46667 46340
internal_value=-6.70192e-06 -0.000823829 -0.00188131 -0.00308001 -0.0071019 -0.00601072 0.0064315 0.00225396 -0.00212928 0.00377859 0.019625 -0.00200276 -0.0029869 -0.00687729 0.00160295 -0.00768373 0.00528872 -0.0293516 0.00158553 -0.00241148 -0.011028 0.00633392 0.015524 -0.00576829 -0.0111692 -0.00470017 -0.00281657 -0.0011888 0.0109286 0.00203071
internal_weight=482186 427896 356282 305388 58363.2 54823.1 54290.5 28160.8 247024 26909.5 3229.19 246063 195107 53000.4 23680.3 6721.96 16958.4 2250.52 14229.6 11254.5 5666.41 5588.12 2243.16 49117.7 17337.9 10566.5 31779.9 29004.4 26129.7 7137.96
internal_count=4157691 3575288 2916739 2491247 482207 460391 582403 288008 2009040 276537 43664 2003067 1585935 443439 232873 71173 161700 20385 132481 101781 50893 50888 20278 411593 127110 81376 284483 259222 294395 93007
is_linear=0
shrinkage=0.03


Tree=14
num_leaves=31
num_cat=0
split_feature=34 32 32 33 32 32 33 33 34 33 33 27 32 33 33 32 33 34 34 32 34 32 32 32 34 33 32 34 34 34
split_gain=2656.21 2395.88 2861.78 1247.49 1316.16 1866.76 1206.47 1498.87 1137.15 2031.23 1327.55 1106 1011.14 2465.23 1279.73 1175.69 1317.32 1973.7 1595.27 989.159 900.23 820.78 815.335 813.094 988.088 736.464 720.874 695.732 679.639 901.266
threshold=-0.051768980920314782 0.01019556447863579 -0.0031672157347202297 0.034461081027984626 0.01256545912474394 0.016984182409942154 -0.040747443214058869 -0.034664670005440705 -0.019969875924289223 -0.0060724508948624125 -0.012578809168189762 0.15800719708204272 -0.0027446640888229008 -0.054731162264943116 -0.064229741692543016 -0.0036088214255869384 -0.040747443214058869 -0.087091129273176179 -0.067316208034753786 -0.002536405459977686 -0.016650037840008732 -0.0058303989935666314 0.0086359218694269674 0.0004800847673323006 -0.010479332413524388 -0.051217978820204728 -0.041274044662713998 0.034743998199701316 -0.033443899825215333 -0.042777672410011285
decision_type=2 2 2 2 2 2 2 2 2 2 2 2 2 2 2 2 2 2 2 2 2 2 2 2 2 2 2 2 2 2
left_child=12 2 11 -3 27 -6 19 -8 9 -9 23 26 13 -1 -14 16 18 -18 -15 20 25 -20 -21 24 -10 -4 -2 -5 29 -11
right_child=1 3 6 4 5 -7 7 8 10 28 -12 -13 14 15 -16 -17 17 -19 21 22 -22 -23 -24 -25 -26 -27 -28 -29 -30 -31
leaf_value=0.016534015944629693 0.031590209121374765 0.0063458272336832733 -0.037179213471391449 -0.016844514539993562 -0.017387982109649848 0.0058046696394016073 -0.031097258802279391 -0.019245261856676212 -0.030148803310812471 -0.009475594530341358 -0.0038176526558083251 -0.00048183113289131829 -0.013306420394374539 -0.024277091331900199 0.012347338846504694 -0.033073118997827056 0.021763313633859711 -0.0035325255597313606 0.030351233973171285 0.040356975611995347 -0.036939442212219439 -0.032145352634757256 0.0024028620184286024 2.4145817253620582e-05 0.018744103043802789 0.029185042991599627 0.0045368501694825047 0.020555524740710963 -0.0085617050214746686 0.0089771705393803958
leaf_weight=7873.7618064060807 882.95839643850923 55650.748794220388 180.2663151845336 524.19495409727097 7282.9498945362866 5443.9372828565538 1839.0788910128176 11584.70814011991 384.5067322216928 3812.6740194931626 160909.54883102328 91505.861781511456 1869.6843410879374 3733.5374553538859 24298.344870660454 1102.1965549662709 3738.1785321682692 10606.981494165957 849.66104629263282 1325.8155200220644 518.69063955172896 224.05670782923698 823.9285621792078 8135.4999377392232 4922.2508844025433 598.41256345808506 50643.33141329512 2597.2379378117621 11982.88561199978 6276.0473146289587
leaf_count=85815 10763 487142 2590 5593 58482 79531 12437 92196 5259 37155 1277905 753967 27766 29512 267062 8979 53587 99129 8441 13502 5599 2679 5907 92087 37939 3382 409514 27426 104349 52319
internal_value=1.39346e-05 -0.00077944 -0.00178512 0.00423162 -0.00319096 -0.00747376 -0.0039866 -0.00427624 -0.00403614 -0.00908345 -0.00306089 0.00149789 0.00626327 0.00231191 0.0105056 -0.00322764 -0.00147736 0.00308039 -0.0150344 0.0135688 -0.0070567 0.0169605 0.0259666 0.00599005 0.0151016 0.0132752 0.00501252 0.0142075 -0.00373723 0.00199865
internal_weight=482122 427826 356326 71499.1 15848.3 12726.9 213294 209847 208008 33656.3 174352 143032 54296.4 28128.4 26168 20254.6 19152.4 14345.2 4807.26 3447.11 1297.37 1073.72 2149.74 13442.3 5306.76 778.679 51526.3 3121.43 22071.6 10088.7
internal_count=4158014 3575044 2916870 658174 171032 138013 1742626 1711646 1699209 286019 1413190 1174244 582970 288142 294828 202327 193348 152716 40632 30980 11571 11120 19409 135285 43198 5972 420277 33019 193823 89474
is_linear=0
shrinkage=0.03


Tree=15
num_leaves=31
num_cat=0
split_feature=34 32 32 33 32 32 33 33 34 33 33 32 33 32 33 32 34 34 33 33 32 33 33 32 33 34 34 32 32 32
split_gain=2494.76 2275.96 2758.89 1176.17 1277.32 1788.84 1087.24 1452.95 1123.77 1979.55 1274.21 1012.72 1152.2 2308.04 1276.8 2650.36 1153.47 1103.54 1031.14 986.325 974.04 2224.77 1229.35 1117.58 1301.54 1593.2 1527.93 928.576 914.961 1501.63
threshold=-0.051768980920314782 0.01019556447863579 -0.0031672157347202297 0.034461081027984626 0.01256545912474394 0.016984182409942154 -0.040747443214058869 -0.034664670005440705 -0.019969875924289223 1.0000000180025095e-35 -0.012578809168189762 -0.041274044662713998 -0.036483865231275552 -0.0093895830214023573 -0.024687093682587143 -0.010832737665623425 -0.050065822899341576 0.16271792352199557 -0.034664670005440705 0.077006325125694289 -0.0027446640888229008 -0.054731162264943116 -0.064229741692543016 -0.0036088214255869384 -0.033029537647962563 -0.079633854329586015 -0.067316208034753786 -0.002536405459977686 -0.015421228017657993 -0.014553854241967199
decision_type=2 2 2 2 2 2 2 2 2 2 2 2 2 2 2 2 2 2 2 2 2 2 2 2 2 2 2 2 2 2
left_child=20 2 11 -3 -5 -6 27 -8 9 -9 -10 -2 13 -13 15 -14 -16 19 -17 28 21 -1 -22 24 26 -26 -23 -4 -18 -30
right_child=1 3 6 4 5 -7 7 8 10 -11 -12 12 14 -15 16 18 17 -19 -20 -21 22 23 -24 -25 25 -27 -28 -29 29 -31
leaf_value=0.015782823885054486 0.029116993338615269 0.006185027893002965 -0.0071989284558552046 0.0139657064757554 -0.01703793243765991 0.0056578450428520439 -0.030730934506167693 -0.017172253345208513 0.0059236323224825579 -0.0025372263572106487 -0.0036949362894569664 0.0012371199047583133 0.000891396242008982 -0.026911944383799128 -0.030052334545639717 -0.012374288665165359 0.0088122366718149277 -0.041125138906612103 0.031661881581214454 0.048587214050699434 -0.01307591552271401 -0.016733122238952756 0.01206545352674193 -0.032217875563579822 0.024283685549043581 -0.0015859663522299248 0.013971182236081136 0.024842603498300586 -0.023474096018640641 0.00094451104012208153
leaf_weight=7806.6208212524652 1165.0307664349675 55757.121438577771 1293.6771759651601 3154.624211307615 7263.6209466643631 5461.2434586174786 1816.4823870621622 14753.493532929569 13412.171609994024 19055.277493376285 160905.50564575568 8401.3388362787664 9524.3480167649686 3789.535611949861 1044.8823899328709 520.91790951788425 13071.758516248316 528.73527200892568 4789.4476168863475 379.34376488626003 1870.3819255195558 6677.2781867049634 24242.936709903181 1097.2966768667102 2957.8207594119012 7630.7050093859434 1848.2790430597961 2142.2666646577418 2300.4632520861924 97513.614364508539
leaf_count=85716 15584 487469 11547 33385 58451 79860 12284 130203 134805 157096 1278182 99207 80247 24251 6136 3320 116926 7638 28739 5195 27707 55578 266604 8976 47681 66006 23852 19453 20202 767470
internal_value=2.28808e-05 -0.000744596 -0.00172536 0.00413407 -0.00306613 -0.00730379 -0.00388621 -0.0041606 -0.00392577 -0.00893005 -0.00295428 0.00149839 0.0012675 -0.00754277 0.00209681 0.0103732 0.00102606 0.00131666 0.027312 0.00152201 0.00608976 0.00220214 0.0102561 -0.0030538 -0.00134763 0.00567267 -0.0100595 0.0128067 0.00135528 0.000377134
internal_weight=482176 428045 356408 71636.6 15879.5 12724.9 213379 209943 208126 33808.8 174318 143029 141864 12190.9 129674 14834.7 114839 113794 5310.37 113265 54131.3 28018 26113.3 20211.4 19114.1 10588.5 8525.56 3435.94 112886 99814.1
internal_count=4159770 3577650 2918485 659165 171696 138311 1743570 1712570 1700286 287299 1412987 1174915 1159331 123458 1035873 112306 923567 917431 32059 909793 582120 287809 294311 202093 193117 113687 79430 31000 904598 787672
is_linear=0
shrinkage=0.03


Tree=16
num_leaves=31
num_cat=0
split_feature=34 35 35 34 33 35 34 34 34 34 34 35 33 33 33 33 33 35 35 35 34 35 33 34 35 35 34 34 33 34
split_gain=2348.6 2158.08 1429.63 1195.96 2697.64 873.201 851.818 847.826 1035.83 865.606 1047.95 1263.78 966.793 864.809 801.469 1310.18 1089.87 1237.25 1146.41 1164.2 830.533 773.298 758.936 1485.92 1141.76 844.567 1475.72 995.181 782.953 758.381
threshold=-0.051768980920314782 0.21833010017871859 0.83399909734725963 0.0035712240496650343 -0.0067772909533232442 0.24359410256147387 -0.025840445421636101 0.020178014412522319 0.0010914614540524783 -0.019182622432708737 -0.02406326029449701 0.18948969244956973 -0.021244096569716927 -0.013303210027515886 0.0080125415697693842 0.013511817436665298 -0.054731162264943116 0.35567307472229009 0.66535919904708873 0.88213157653808605 -0.12285920977592467 0.10636074841022493 -0.040747443214058869 -0.067316208034753786 0.3346592783927918 0.25866982340812689 -0.06133866868913173 -0.079633854329586015 -0.041936524212360375 0.01225033449009061
decision_type=2 2 2 2 2 2 2 2 2 2 2 2 2 2 2 2 2 2 2 2 2 2 2 2 2 2 2 2 2 2
left_child=14 7 3 -3 5 -5 -4 8 9 10 11 -2 -13 -10 16 -16 18 22 -1 -20 -17 -11 23 -18 25 27 -27 -24 -25 -15
right_child=1 2 6 4 -6 -7 -8 -9 13 21 -12 12 -14 29 15 20 17 -19 19 -21 -22 -23 24 28 -26 26 -28 -29 -30 -31
leaf_value=0.017238967674809102 0.00035066464110753662 -0.0040956384591546687 0.01779969817791948 -0.010496617439825828 -0.0021647354468997096 0.0079313036428409478 0.0029396493472007468 0.012663929945636112 -0.013371694127561212 0.026541199403283703 -0.012290122905409099 0.030269593285270287 0.0036849670148647695 -0.0040201510765737027 0.031711170091024192 0.027241937903880475 -0.023445994294386468 0.0073659294149391154 -0.017320200749984801 0.029353726663653244 0.002479645566088489 0.0077563318417344963 0.019900595839706176 0.02938834715273024 0.038893998543287019 -0.027423072570529589 0.011485332634205475 -0.0037620141831376653 -0.031392757056317853 0.025290000827084103
leaf_weight=8737.8957050479949 13021.094885598868 146419.18506908789 4231.074614353478 2460.5248382538557 169589.13527729735 35098.008253406733 19004.356329802424 10404.171097803861 5457.9908442348242 2726.9815574213862 3667.9471571557224 2679.7116669788957 2274.8066347464919 2419.0594670213759 2595.7813586890697 1486.0910617783666 3702.8280920572579 15583.226647909731 1901.2890843972564 622.10798282176256 6422.5700479783118 7095.6590715311468 2256.6184204183519 853.31329251825809 612.6910083964467 2506.3763809688389 1330.0795076414943 5363.6528103202581 226.35917994379997 1159.908860001713
leaf_count=96015 108594 1140178 33848 25252 1436314 294990 220269 102032 45957 16223 33195 16043 17921 22071 33362 11985 29438 168938 23636 5769 87043 54625 26609 8531 5814 25148 9489 48134 2709 8708
internal_value=-1.77404e-05 -0.000763369 -0.00154671 -0.00202051 -0.000553486 0.00671911 0.00565858 0.00503302 0.00306756 0.00563811 0.0022814 0.00526509 0.0181275 -0.00587565 0.00586427 0.013298 0.00407197 0.00127757 0.012104 -0.00567306 0.00718963 0.0130148 -0.00435448 -0.0144412 -0.000340324 -0.00250265 -0.0139441 0.00327903 0.0163061 0.00556674
internal_weight=481910 427710 376802 353567 207148 37558.5 23235.4 50907.3 40503.2 31466.2 21643.6 17975.6 4954.52 9036.96 54200.9 10504.4 43696.4 32435.1 11261.3 2523.4 7908.66 9822.64 16851.9 4782.5 12069.4 11456.7 3836.46 7620.27 1079.67 3578.97
internal_count=4158840 3576220 3150851 2896734 1756556 320242 254117 425369 323337 246601 175753 142558 33964 76736 582620 132390 450230 324810 125420 29405 99028 70848 155872 40678 115194 109380 34637 74743 11240 30779
is_linear=0
shrinkage=0.03


Tree=17
num_leaves=31
num_cat=0
split_feature=34 35 35 34 33 33 34 35 34 33 35 35 35 34 33 35 33 34 34 33 34 33 35 34 34 34 34 34 34 35
split_gain=2216.2 2031.51 1403.79 1080.29 2862.41 1438.51 1410.88 3997.54 1219.05 1389.74 1050.79 1358.93 1369.74 1184.62 1691.73 1132.91 931.386 2191.97 843.47 836.615 866.667 827.7 816.845 816.349 995.328 887.156 1308.32 847.807 947.194 1146.84
threshold=-0.051768980920314782 0.21833010017871859 0.83399909734725963 -0.0082228151150047762 -0.011179239954799412 -0.0084456396289169771 -0.017826614901423451 0.26354099810123449 -0.02160988841205835 -0.048507720232009881 0.57411360740661632 0.42291125655174261 0.41173607110977178 0.051015950739383704 1.0000000180025095e-35 0.5424766242504121 -0.0067772909533232442 0.008650485426187517 -0.025840445421636101 -0.0027886325260624285 0.065712161362171187 0.046790573745965965 0.22466856986284259 0.020178014412522319 0.0010914614540524783 0.008650485426187517 0.014085122849792244 -0.019182622432708737 -0.02406326029449701 0.18948969244956973
decision_type=2 2 2 2 2 2 2 2 2 2 2 2 2 2 2 2 2 2 2 2 2 2 2 2 2 2 2 2 2 2
left_child=-1 23 3 5 22 6 8 -8 9 -3 11 12 -6 14 15 -13 17 -12 -4 20 -18 -15 -5 24 27 -26 -27 28 29 -2
right_child=1 2 18 4 10 -7 7 -9 -10 -11 16 13 -14 21 -16 -17 19 -19 -20 -21 -22 -23 -24 -25 25 26 -28 -29 -30 -31
leaf_value=0.0057336556413433454 0.00038368805965626282 0.015415520664603376 0.017762381212211804 -0.01481328188569506 -0.0018288020182386541 -0.0016374507477983071 0.035355160019587654 -0.025359198784368854 0.01404436654095342 -0.0094313352931038215 -0.027290389872675142 0.0060355884639930451 0.020598977361632211 -0.0028496693720247552 -0.0134697355011961 -0.017903221922943507 -0.01789082690873698 0.020430865320685648 0.0029682862479995359 0.00046395853787182867 0.04220779264967435 0.019654529750321469 0.0081259438550154005 0.012404410512615042 -0.013724252899989745 0.017084655476126 -0.020491708071419697 0.01285959074122405 -0.011657692664231703 0.017366910757698882
leaf_weight=54132.684365980327 13049.160671506077 2177.6720114648342 4226.5118980519474 1440.9895913228393 76284.844927936792 61680.508238468319 1078.8461435548961 8864.8822938539088 2555.7456957809627 26212.957578025758 1033.2698114365339 7876.9745237566531 2512.1739551983774 18046.65646347031 30888.577973410487 2276.7089217565954 3454.8125680610538 4899.8326586857438 18998.029907543212 67423.92621877417 211.53236495703459 1581.3375033251941 32972.659106172621 10407.659694712609 5257.8646604008973 2620.0064736604691 1199.8056656830013 9738.9171509593725 3663.4949825070798 4911.1855939552188
leaf_count=582569 108569 17401 33782 14270 618651 500100 8315 70134 22868 204424 6248 47858 27730 159597 254167 15370 19493 31863 220217 556146 2632 23089 295659 101779 40976 20425 15711 70497 33263 33621
internal_value=1.5962e-05 -0.000708201 -0.00146803 -0.00193755 -0.000876996 -0.00453116 -0.00889322 -0.0187142 -0.00572747 -0.00751597 -0.00215469 -0.00370774 -0.00110872 -0.0070818 -0.00997963 0.000643267 0.000657664 0.0120563 0.00567355 -0.000296773 -0.0142132 -0.00101845 0.00715737 0.0049192 0.00298765 -0.00575169 0.00523664 0.00551923 0.00220446 0.00504184
internal_weight=481680 427548 376699 353475 250904 102571 40890.1 9943.73 30946.4 28390.6 216491 139467 78797 60670.3 41042.3 10153.7 77023.4 5933.1 23224.5 71090.3 3666.34 19628 34413.6 50848.1 40440.4 9077.68 3819.81 31362.8 21623.8 17960.3
internal_count=4157424 3574855 3150014 2896015 2072773 823242 323142 78449 244693 221825 1762844 1146462 646381 500081 317395 63228 616382 38111 253999 578271 22125 182686 309929 424841 323062 77112 36136 245950 175453 142190
is_linear=0
shrinkage=0.03


Tree=18
num_leaves=31
num_cat=0
split_feature=34 35 35 34 34 34 34 34 34 34 34 35 22 35 34 35 35 35 34 35 34 26 35 34 35 35 35 5 35 35
split_gain=2059.57 1900.77 1307.28 1043.58 777.639 750.915 941.828 821.451 1211.6 768.264 968.389 868.718 687.425 679.231 649.642 1205.06 842.967 1069.3 807.765 738.951 649.592 800.582 706.468 1216.49 1033.7 784.783 683.474 643.682 710.748 970.081
threshold=-0.051768980920314782 0.21833010017871859 0.83399909734725963 0.0056202784180641183 -0.025840445421636101 0.020178014412522319 0.0010914614540524783 0.008650485426187517 0.014085122849792244 -0.019182622432708737 -0.022534483112394806 0.18948969244956973 -0.62240758538246144 0.10636074841022493 -0.12285920977592467 0.059641739353537566 0.38521173596382147 0.25866982340812689 -0.06133866868913173 0.80529150366783153 -0.058575619012117379 0.02899089548736811 0.6519378423690797 -0.074805337935686098 0.89911252260208141 0.88213157653808605 0.65811309218406688 -0.021610176190733906 0.57411360740661632 0.42291125655174261
decision_type=2 2 2 2 2 2 2 2 2 2 2 2 2 2 2 2 2 2 2 2 2 2 2 2 2 2 2 2 2 2
left_child=14 5 3 -3 -4 6 9 -8 -9 10 11 -2 -13 -11 15 -1 17 -16 -19 -17 21 22 23 -18 25 -24 -22 -5 29 -29
right_child=1 2 4 27 -6 -7 7 8 -10 13 -12 12 -14 -15 16 19 20 18 -20 -21 26 -23 24 -25 -26 -27 -28 28 -30 -31
leaf_value=-0.021407052978845927 0.00035724796104687234 -0.0037293661141885094 0.017098992427106038 0.0042038284378933593 0.0028844397703201565 0.011950262739562926 -0.013280418750955576 0.016514151312989053 -0.01983837430749304 0.025070803214973507 -0.016109682725336864 0.027886453106136324 0.0061282053202459915 0.0074127988187825721 0.0047279973725397901 0.024163420544715115 0.024591830820888585 -0.016275608664706349 0.0034667359916065524 0.00037531668247550487 0.0062216205995037736 0.03077223676832606 -0.0048113145949548507 -3.1081382369327366e-05 0.015381677571069495 -0.042522416093526624 0.027401262613576078 4.5143063351140121e-05 0.0014030753343144686 -0.0055904518141547425
leaf_weight=754.86554428562522 13799.934683401138 153177.42651136592 4218.5902451127768 23667.085791282356 19018.621457070112 10392.432945370674 5246.5594523660839 2588.1379405446351 1187.8433263115585 2703.5410549268126 2301.0507821142673 2092.0102385357022 3468.4605584815145 7103.6761198304594 16415.147092096508 4749.3385483361781 3189.2123807519674 4845.5312116742134 3015.0153866298497 1560.4365052953362 2627.6381350904703 1041.1453657187521 5997.0324280373752 4129.3365400731564 2292.8604498878121 522.3904169946909 2882.7842883989215 60147.414885919541 65937.833231434226 50608.887376751751
leaf_count=10160 114365 1193667 33699 209328 220373 101768 40963 20210 15700 16114 24072 13586 23755 54684 152017 72366 38379 51801 24230 20648 27963 7136 66920 50254 29467 3219 27402 519395 539270 435170
internal_value=2.00815e-05 -0.00067722 -0.00141228 -0.00186541 0.0054775 0.00476403 0.00291463 -0.00562149 0.00503415 0.00536409 0.00220558 0.00439679 0.0143849 0.0123217 0.00553833 0.0140091 0.00425852 0.000371977 -0.00871359 0.0183003 0.00841408 0.00552626 0.0038607 0.0107367 -0.00186112 -0.00795385 0.0173608 -0.000440171 -0.00106261 -0.00253053
internal_weight=481682 427660 376776 353539 23237.2 50883.6 40491.2 9022.54 3775.98 31468.7 21661.5 19360.4 5560.47 9807.22 54022.7 7064.64 46958.1 24275.7 7860.55 6309.78 22682.4 17172 16130.8 7318.55 8812.28 6519.42 5510.42 200361 176694 110756
internal_count=4158081 3576119 3150902 2896830 254072 425217 323449 76873 35910 246576 175778 151706 37341 70798 581962 103174 478788 228048 76031 93014 250740 195375 188239 88633 99606 70139 55365 1703163 1493835 954565
is_linear=0
shrinkage=0.03


Tree=19
num_leaves=31
num_cat=0
split_feature=32 32 33 33 33 32 33 33 33 32 32 32 33 32 32 33 33 26 32 32 32 32 33 33 32 33 33 33 26 33
split_gain=1959.92 2150.61 1427.05 1842.09 2507.9 1392.01 959.457 1143.69 899.961 1600.92 1171.3 1129.08 1316.24 920.7 1124.23 874.308 3014.37 1078.97 1353.22 1305.84 1224.23 1271.94 1313.61 1852.18 999.394 937.967 859.93 790.167 781.48 760.293
threshold=0.01019556447863579 -0.0053038655314594499 -0.059739705175161355 -0.040747443214058869 -0.048507720232009881 -0.013018006924539803 0.0015069840592332186 0.002568425028584898 -0.022055992856621739 -0.019158121198415753 -0.0058303989935666314 -0.0088555663824081404 -0.025970567949116227 -0.015421228017657993 -0.014553854241967199 -0.014882357791066168 -0.015923499129712578 0.02899089548736811 0.0015933124814182522 -0.00018521653692005199 -0.0012608965043909846 -0.0027446640888229008 -0.034664670005440705 -0.023167964071035382 0.0023661317536607389 -0.017350947484374043 -0.013823971617966889 -0.033029537647962563 -0.0037476577563211317 0.077006325125694289
decision_type=2 2 2 2 2 2 2 2 2 2 2 2 2 2 2 2 2 2 2 2 2 2 2 2 2 2 2 2 2 2
left_child=1 2 5 4 -4 -1 8 -8 9 -5 11 12 -11 -10 -15 16 17 18 19 20 21 22 -3 -24 -20 -25 -17 -21 -28 -9
right_child=-2 15 3 6 -6 -7 7 29 13 10 -12 -13 -14 14 -16 26 -18 -19 24 27 -22 -23 23 25 -26 -27 28 -29 -30 -31
leaf_value=0.017338139194800681 0.0041789793682522553 -0.015465759847323133 0.0040901717446794128 -0.0073875249780394579 -0.024509511739054593 -0.029843359315329984 0.032019063248021666 0.0051964820588377546 0.0062606700355531415 0.0046582778518999713 0.04438923496245218 -0.020247976752943313 0.02260007166535552 -0.025929663572304803 -0.0023121585979489173 -0.027374956897126799 0.024698448249860974 0.027273172267801179 -0.02935086795625523 0.037204566625311478 -0.024562513628980698 0.020029280331226557 0.026767949338630252 -0.013178257600534279 -0.006103052888696176 0.019481524089914364 -7.301378142590116e-05 0.0088299497628852083 -0.0040533515555976141 0.04719393061375092
leaf_weight=8031.7108166106045 82929.466617461294 4342.0701587051153 5496.3182731196284 6508.4856830351055 5511.9401117563248 587.12511570006609 1556.33447785303 28673.90246700123 11295.746568262577 12101.534361854196 823.49478194862604 1157.5231394134462 5277.3691381551325 1879.4852459654212 40475.112027868629 1290.0102940574288 4516.5353710949421 1132.992591843009 1901.0099171474576 1291.4390683323145 1749.0628043599427 2775.4286318309605 2392.7984778285027 3479.4390470907092 12607.354561187327 1003.7561297640204 60455.659986961633 2762.1612839475274 167080.43310013786 373.65645779669285
leaf_count=84181 791121 32708 60402 63736 52865 14059 9359 285745 106648 91301 8351 15551 38548 14872 307821 9087 30377 7684 14155 11298 16693 33687 17852 26220 129680 10955 509246 31656 1327132 5113
internal_value=-1.64603e-05 -0.000889649 0.00228201 0.00144161 -0.0102484 0.0140624 0.00261184 0.00712379 0.000873998 0.00546796 0.00979292 0.00820977 0.0101263 -0.00134227 -0.00337193 -0.00242078 0.00167331 -0.00127354 -0.00223171 0.00286869 -0.00104751 0.00192252 -0.0025849 0.00557041 -0.00918539 -0.00581191 -0.0031357 0.0180081 -0.00299589 0.00576882
internal_weight=481459 398530 129750 121131 11008.3 8618.84 110123 30603.9 79518.8 25868.4 19359.9 18536.4 17378.9 53650.3 42354.6 268780 39954 35437.5 34304.5 19796.2 15742.6 13993.5 11218.1 6875.99 14508.4 4483.2 228826 4053.6 227536 29047.6
internal_count=4158103 3366982 1158552 1060312 113267 98240 947045 300217 646828 217487 153751 145400 129849 429341 322693 2208430 362965 332588 324904 181069 138115 121422 87735 55027 143835 37175 1845465 42954 1836378 290858
is_linear=0
shrinkage=0.03


Tree=20
num_leaves=31
num_cat=0
split_feature=34 27 33 33 33 33 33 33 33 33 34 34 34 33 33 33 33 34 33 33 33 34 34 34 33 33 34 34 33 34
split_gain=1838.63 968.868 735.827 1153.98 881.197 660.485 702.971 1247.68 1434.01 918.133 1011.29 897.276 499.351 1099.22 497.532 553.821 820.998 827.989 665.764 559.624 1152.22 919.715 725.729 818.127 570.979 1076.19 529.93 487.264 465.363 456.328
threshold=-0.051768980920314782 0.12005586549639703 -0.0053850426338613025 -0.054731162264943116 -0.064229741692543016 -0.011179239954799412 -0.034664670005440705 -0.023167964071035382 -0.026954179629683491 -0.017350947484374043 -0.06133866868913173 -0.10099320486187933 0.054842680692672736 -0.013303210027515886 -0.010257564485073088 0.010403670370578768 0.012265849858522417 0.057090418413281448 0.013511817436665298 0.027640369720757011 0.023700983263552192 0.11112556979060174 0.081276949495077147 0.068464327603578581 0.018742998130619529 0.014746565837413074 0.065712161362171187 -0.10099320486187933 -0.014882357791066168 0.057090418413281448
decision_type=2 2 2 2 2 2 2 2 2 2 2 2 2 2 2 2 2 2 2 2 2 2 2 2 2 2 2 2 2 2
left_child=2 29 3 4 -1 6 -5 8 -8 -9 11 -11 -3 -14 -15 26 17 -17 -18 20 21 22 23 -20 25 -25 -16 -6 -13 -2
right_child=1 12 -4 5 27 -7 7 9 -10 10 -12 28 13 14 15 16 18 -19 19 -21 -22 -23 -24 24 -26 -27 -28 -29 -30 -31
leaf_value=0.0039707121657090198 0.0017270902714759564 -0.0017724190630881201 0.01061002213540921 -0.0047574787470314999 0.037342938754436145 -0.017626696509993996 0.0015447657435099693 -0.012178473798495687 0.031631983143610869 0.032146029538901139 0.021596629010066839 -0.040868942162543852 0.013541336498535353 -0.012684492357616988 -0.0058601412372653906 0.015789111389374139 0.022921625528315243 -0.02063273492647668 0.006348704828861902 0.0026938054396293755 -0.016592470746846923 -0.021116903143891495 0.012475838613747427 -0.017092580422484262 -0.023993110698121843 0.02664185971775224 0.0089155561621722512 0.015088882720202888 -0.0058698791482590766 0.0088732616303512628
leaf_weight=6614.2453505732119 52312.090581439435 295781.49122092873 16041.209318395704 11118.600274540484 1206.8683148808777 1851.9366368688643 2948.7625841237605 4085.2701499834657 2744.2159168273211 368.23026853054762 2194.7579899728298 534.92708538472652 5792.310101043433 2681.8287176266313 2736.4464721418917 665.69940003752708 1103.9146758466959 3183.6903696618974 4548.3861429579556 23153.404378365725 4999.3398200571537 1621.7369862385094 4474.6379040293396 1402.9289380162954 1908.4225446917117 766.22669699788094 10583.306810107082 3405.227191157639 912.15901490300894 9486.8316757269204
leaf_count=87702 418880 2401344 188688 108724 11277 21601 34425 41572 23162 7261 17524 3310 71682 19545 31169 5400 5332 22874 44538 246176 38105 14600 35796 6635 13649 7985 102639 26703 10782 88490
internal_value=1.27089e-05 -0.000646816 0.00522608 0.00294804 0.0110116 -0.000440629 0.000850346 0.00537271 0.0161078 -0.00219775 0.00798011 -0.00853852 -0.00123438 0.00105124 -8.60707e-05 0.000470436 -0.00103672 -0.014285 0.00012884 -0.000468425 -0.00417988 5.19232e-05 0.00270063 -0.0023873 -0.0121154 -0.00154168 0.00587576 0.0210483 -0.0191883 0.00282662
internal_weight=481229 427203 54026.4 37985.2 11226.3 26758.9 24906.9 13788.3 5692.98 8095.34 4010.07 1815.32 365404 69622.3 63830 61148.1 47828.4 3849.39 43979 42875.1 19721.7 14722.3 13100.6 8625.96 4077.58 2169.16 13319.8 4612.1 1447.09 61798.9
internal_count=4157570 3574839 582731 394043 125682 268361 246760 138036 57587 80449 38877 21353 3067469 666125 594443 574898 441090 28274 412816 407484 161308 123203 108603 72807 28269 14620 133808 37980 14092 507370
is_linear=0
shrinkage=0.03


Tree=21
num_leaves=31
num_cat=0
split_feature=32 35 35 24 35 32 32 27 35 32 35 32 27 15 35 32 32 35 35 35 32 32 35 20 35 32 35 7 35 32
split_gain=1846.32 2437.45 993.843 832.539 727.339 1373.04 667.094 846.38 645.553 623.55 1438.56 1153.47 610.672 600.045 529.309 517.275 1310.39 1035.4 1029.42 588.85 718.009 594.599 512.963 453.749 407.969 404.875 1029.65 439.161 391.827 391.054
threshold=0.01019556447863579 0.21833010017871859 0.79561480879783641 0.031243125908076767 0.22466856986284259 -0.015421228017657993 -0.012596955522894858 0.19052875041961673 0.66535919904708873 -0.02856467571109533 0.11674071848392488 -0.024857878684997555 0.31114467978477484 59.922554016113288 0.19795468449592593 -0.015421228017657993 -0.014553854241967199 0.1705446392297745 0.18464355915784839 0.10636074841022493 -0.022725751623511311 -0.020543091930449005 0.65811309218406688 51.702997207641609 0.1705446392297745 0.019189972430467609 0.79561480879783641 -0.0088373906910419447 0.1705446392297745 0.013692543376237156
decision_type=2 2 2 2 2 2 2 2 2 2 2 2 2 2 2 2 2 2 2 2 2 2 2 2 2 2 2 2 2 2
left_child=1 6 3 -3 -5 -6 9 14 22 10 -1 -11 -7 25 -8 17 -17 19 28 20 -13 -22 -2 -21 -9 26 29 -28 -18 -10
right_child=8 2 -4 4 5 12 7 24 13 11 -12 15 -14 -15 -16 16 18 -19 -20 23 21 -23 -24 -25 -26 -27 27 -29 -30 -31
leaf_value=0.0046048369488099561 0.010440988053435863 -0.0036537248299018713 -0.03233306946964503 -0.017612961457394376 0.039195592619835531 0.0016759538565827795 0.022985803185783298 -0.014116914185246696 0.003567428632413717 -0.011551554998374181 0.037233714553913631 0.035132108607489672 -0.0018356947373821266 -0.00083000887854998756 0.0070178250575992605 -0.021083260936679036 0.010193360439470826 0.014306160890315615 -0.0091719941289892786 -0.0061660634629529159 -0.018566537330775013 0.0096608587181376965 0.037553309062345934 0.0059845205281554344 0.0055413060577515346 0.0090960918220096814 -0.0099032714780538187 0.0019339421370719154 0.036836997635463907 0.010627553161487719
leaf_weight=7987.6741763092577 3928.2760220132768 135176.09169791639 945.09761973842978 2213.5082225650549 765.20884675532579 70103.848474621773 4744.5026489980519 1067.0145849138498 17739.0029707551 5635.5588014945388 1416.2378145158291 811.96868896484375 122280.07998779416 21870.147654701024 3113.0333595834672 2586.9277694188058 3096.8046224750578 7835.1972908452153 2941.9791611023247 8640.2994413785636 790.27309968322515 3925.294859610498 735.32511104643345 4045.6863548867404 7555.8319375887513 15796.140069276094 5901.117713958025 5376.6247198022902 579.3868466578424 11746.077213849872
leaf_count=91636 37509 1052623 5929 24347 6802 607422 28385 5645 147023 70630 14086 3536 1080048 218802 25652 25184 16293 74112 20743 78720 5963 19647 5865 38725 57198 167311 67704 56218 12042 92137
internal_value=-3.06382e-05 -0.000879362 -0.00193276 -0.00184389 -0.000591369 -0.000394497 0.00434902 0.00958388 0.00403647 0.0026305 0.00958737 0.00102663 -0.000556024 0.00338937 0.0166934 0.00304275 -0.00306549 0.00520197 0.00401964 0.00127408 0.00942757 0.00487185 0.014858 -0.0022878 0.00308171 0.00502063 0.00343765 -0.00426649 0.0145691 0.00638529
internal_weight=481350 398258 331484 330539 195363 193149 66773.7 16480.4 83092.7 50293.3 9403.91 40889.4 192384 78429.1 7857.54 35253.8 9205.1 26048.7 6618.17 18213.5 5527.54 4715.57 4663.6 12686 8622.85 56559 40762.8 11277.7 3676.19 29485.1
internal_count=4157937 3365368 2777171 2771242 1718619 1694272 588197 116880 792569 471317 105722 365595 1687470 749195 54037 294965 74262 220703 49078 146591 29146 25610 43374 117445 62843 530393 363082 123922 28335 239160
is_linear=0
shrinkage=0.03


Tree=22
num_leaves=31
num_cat=0
split_feature=32 35 34 35 32 35 35 34 32 32 34 34 32 32 32 34 34 35 34 34 34 34 32 34 32 35 32 34 34 32
split_gain=1706.93 2281.6 2783.38 939.441 1321.4 990.648 872.912 856.278 745.035 897.332 643.385 795.583 1312.25 798.953 1022.16 829.305 891.442 792.556 923.217 867.808 888.018 715.776 953.843 1165.64 2032.55 939.815 748.353 706.777 1056.12 640.21
threshold=0.01019556447863579 0.21833010017871859 -0.071513459086418138 0.35567307472229009 -0.015421228017657993 0.33866612613201147 0.79561480879783641 -0.067316208034753786 -0.010832737665623425 -0.0055259522050619117 0.020178014412522319 0.0010914614540524783 -0.0072368879336863748 -0.02856467571109533 -0.026351015083491799 -0.0043197525665163985 -0.011635823640972374 0.11674071848392488 -0.02406326029449701 -0.029658703133463856 -0.15249514579772946 -0.02406326029449701 -0.017131999135017392 -0.067316208034753786 -0.01810432784259319 0.11674071848392488 -0.019158121198415753 0.008650485426187517 0.014085122849792244 -0.0099765094928443415
decision_type=2 2 2 2 2 2 2 2 2 2 2 2 2 2 2 2 2 2 2 2 2 2 2 2 2 2 2 2 2 2
left_child=1 10 3 4 -3 8 7 -4 -6 -10 11 12 13 17 -15 16 21 18 19 20 -1 22 23 24 25 -16 -25 -13 -29 -12
right_child=-2 2 6 -5 5 -7 -8 -9 9 -11 29 27 -14 14 15 -17 -18 -19 -20 -21 -22 -23 -24 26 -26 -27 -28 28 -30 -31
leaf_value=-0.023039799404752533 0.0039140076792163548 0.038227078856692152 -0.022278970760333677 0.019501569464165661 -0.013580006178612387 -0.040330281699749081 -0.03101521412659972 -0.0021703641385063901 0.026769537633701612 -0.0082091823015857657 0.006783913967213168 -0.012336473450047189 0.04226948032326823 -0.016380940978011228 0.022208672747788743 -0.013609414613984674 0.018710643650063141 0.034855667417779304 0.030795889462607078 -0.030299782937434704 0.014056570638102445 -0.0075260152144137242 0.010328589260845174 0.011437389770836017 0.021596001695864772 -0.031245148466226249 -0.0088553292047138486 0.015243815655189452 -0.018787427683899481 0.023981032476460447
leaf_weight=690.76164278760552 83038.44938423112 800.7382674664259 1897.6937013119459 6840.290849070996 1683.6592512503266 543.4246545471251 935.22336303070188 316069.50438749418 1517.8374946005642 1143.3673866055906 7832.0334461070597 5211.9619526788592 795.3420395553112 2473.8361928425729 315.6936690993607 2376.306255672127 3609.6743586100638 1232.0400729291141 1273.9135053195059 621.98818990588188 3178.8980380557477 4884.8905497193336 13913.993396624923 5676.5658541768789 1073.9490305930376 2861.3611096926033 2277.3051873780787 2614.2653022706509 1172.943886347115 2585.9510345421731
leaf_count=9774 792169 6192 21730 91624 14631 5674 5924 2598077 18540 15486 86629 40807 3499 24620 7087 17239 21781 11579 11357 5851 37640 44338 111508 53550 6576 25209 17189 20404 15617 15475
internal_value=2.07214e-06 -0.000814051 -0.00183273 0.0120261 0.00300096 -0.0029016 -0.00237795 -0.00229177 0.00194306 0.0117921 0.00424878 0.0029783 0.00453514 0.00387128 0.00221146 0.00346308 0.00464233 0.013199 0.00846674 0.00202534 0.00735019 0.00299339 0.00496504 -0.00115648 -0.013802 -0.0258279 0.00561966 -0.00518895 0.00466061 0.0110904
internal_weight=481144 398105 331432 12529.3 5689.03 4888.29 318902 317967 4344.86 2661.2 66673.7 56255.7 47256.5 46461.2 39463.6 36989.7 34613.4 6997.6 5765.56 4491.65 3869.66 31003.8 26118.9 12204.9 4251 3177.05 7953.87 8999.17 3787.21 10418
internal_count=4157776 3365607 2777878 152147 60523 54331 2625731 2619807 48657 34026 587729 485625 408797 405298 329097 304477 287238 76201 64622 53265 47414 265457 221119 109611 38872 32296 70739 76828 36021 102104
is_linear=0
shrinkage=0.03


Tree=23
num_leaves=31
num_cat=0
split_feature=34 35 35 34 1 34 34 34 35 35 35 34 35 35 35 35 35 34 34 35 35 35 34 35 34 35 35 27 24 35
split_gain=1635.66 1570.57 1122.49 953.424 731.093 711.09 686.822 717.219 1000.45 626.477 591.348 770.048 1499.18 885.27 766.231 748.405 960.087 763.001 1552.42 794.808 732.481 699.49 854.407 586.854 557.323 729.423 599.86 536.329 512.856 504.147
threshold=-0.051768980920314782 0.21833010017871859 0.83399909734725963 0.0056202784180641183 -0.026384101249277588 -0.025840445421636101 0.058602003380656249 0.074291475117206587 0.20850654691457751 0.18948969244956973 0.38521173596382147 -0.13885984569787976 0.059641739353537566 0.25866982340812689 0.28582967817783361 0.7863549292087556 0.89911252260208141 -0.071513459086418138 -0.058575619012117379 0.65811309218406688 0.32231983542442327 0.66535919904708873 -0.067316208034753786 0.60535466670990001 -0.044298728927969926 0.58565238118171703 0.68453484773635875 0.59999999403953563 0.025983512401580814 0.84152835607528698
decision_type=2 2 2 2 2 2 2 2 2 2 2 2 2 2 2 2 2 2 2 2 2 2 2 2 2 2 2 2 2 2
left_child=10 6 3 24 -5 29 -2 8 -8 -9 11 12 -1 -13 -15 17 -17 -12 21 23 -16 22 -19 -20 25 -3 -27 -28 -26 -4
right_child=1 2 5 4 -6 -7 7 9 -10 -11 15 13 -14 14 20 16 -18 18 19 -21 -22 -23 -24 -25 28 26 27 -29 -30 -31
leaf_value=-0.020816892446206322 0.0029805673491788785 -0.015413557863880944 -0.0311631972178452 0.0031055834087098627 -0.0013301906931982895 0.002573401429944288 0.027745536779005403 -0.0089002318633511074 -0.022484642681586692 0.021735077067901089 0.017424589600253278 0.0039701500435403332 0.027531494308673649 -0.02696314288531769 0.011684587792723761 -0.010905890495224108 0.011108529051997934 -0.021460923836861517 0.014903979750947403 0.030001117212453455 -0.010271020250684911 -0.024286704679840676 0.010935467580472183 -0.015998652538041523 -0.0059831610272043628 0.012044066694760425 0.0073542189711462529 -0.015165150513664759 -0.0018617096292136768 0.018376563699085829
leaf_weight=745.58202154561877 44507.623406913131 7705.8535580039024 176.03168683499098 42405.248795751482 157892.65402663127 19004.506132800132 3214.0618300288916 1726.8166343830526 386.07455250620842 895.81795512884855 9213.7314685098827 16817.400589562953 2361.649695198983 1548.4878790862858 1953.2297437600791 3636.4909199289978 3459.6837041005492 1051.3445777669549 1850.8067736849189 2289.8047897405922 4440.9999242387712 1422.195944365114 2297.8719248063862 766.61391117051244 37046.833107504994 1960.9228691160679 1393.3856674358249 2917.7694025598466 101927.21830920875 4039.5836488120258
leaf_count=10069 367105 75080 2584 366568 1337752 220215 23486 21193 3086 10506 106110 161579 33061 14295 19422 46813 45990 13176 19465 17347 44583 12045 29212 8355 263255 12593 10603 20164 811607 31072
internal_value=-4.38747e-05 -0.000665061 -0.00133285 -0.00175292 -0.000390873 0.00505376 0.00428915 0.0136091 0.0222644 0.00164923 0.00488197 0.00184407 0.0158713 7.23564e-05 -0.00816982 0.00813556 -0.000171879 0.0112528 0.00535366 0.0171688 -0.00354877 -0.0068187 0.000698966 0.00580025 -0.0035363 -0.00924293 -0.00163682 -0.00788643 -0.00296108 0.0161705
internal_weight=481056 427200 376470 353250 200298 23220.1 50730.4 6222.77 3600.14 2622.63 53855.9 27867.3 3107.23 24760.1 7942.72 25988.5 7096.17 18892.4 9678.64 4907.23 6394.23 4771.41 3349.22 2617.42 152952 13977.9 6272.08 4311.16 138974 4215.62
internal_count=4158391 3576869 3151493 2897622 1704320 253871 425376 58271 26572 31699 581522 283009 43130 239879 78300 298513 92803 205710 99600 45167 64005 54433 42388 27820 1193302 118440 43360 30767 1074862 33656
is_linear=0
shrinkage=0.03


Tree=24
num_leaves=31
num_cat=0
split_feature=32 32 27 26 26 32 8 32 32 2 20 18 32 32 18 10 6 6 10 32 32 32 32 32 32 32 32 32 18 10
split_gain=1618.59 1789.66 635.188 534.57 576.256 769.809 506.764 349.088 530.326 358.624 323.693 322.021 308.879 345.063 305.145 278.435 235.163 216.723 285.883 208.445 268.622 202.029 312.512 303.536 351.581 227.178 195.772 521.528 192.926 192.065
threshold=0.010609809774905445 -0.0053038655314594499 0.19987893849611285 -0.0035707575734704729 0.02899089548736811 0.0090181124396622198 0.03207348287105561 0.01294582197442651 0.021241558715701107 -0.059878706932067864 57.000606536865241 -0.016253945417702195 0.013692543376237156 0.015679034404456619 0.0079439133405685442 0.010389426257461311 -0.0007385724748019128 -0.035154297947883599 -0.016317712143063542 -0.0031672157347202297 -0.0036088214255869384 -0.0048309725243598214 -0.0051399664953351012 0.001789768517483026 0.0023661317536607389 0.00016956408217083665 -0.02856467571109533 -0.026351015083491799 -0.0090367887169122679 -0.010066910181194542
decision_type=2 2 2 2 2 2 2 2 2 2 2 2 2 2 2 2 2 2 2 2 2 2 2 2 2 2 2 2 2 2
left_child=1 2 10 -3 17 -6 7 14 9 -9 15 -4 -11 -14 -2 26 -7 21 -19 20 -20 22 -5 25 -25 -23 -1 -28 -29 -12
right_child=6 3 11 4 5 16 -8 8 -10 12 29 -13 13 -15 -16 -17 -18 18 19 -21 -22 23 -24 24 -26 -27 27 28 -30 -31
leaf_value=0.0081877438000575765 0.006846710046396403 -4.3129935669670954e-05 0.0048273564370818495 0.0083384822111024562 0.00084848671680799119 0.043297328327668951 0.00043285624043520844 0.0074094800846413239 0.0099594576109614894 -0.0067613674638392386 0.012200385832102048 -0.00075588356081504723 0.008344907626237583 -0.00088025898740610726 0.016913136400065781 0.0062190395115770698 0.012321223832558514 -0.002178993245889499 -0.0033127531085639325 -0.0052339011766965983 0.0072030450294802055 0.0015710186277529926 -0.024823877050259929 -0.023873480891104682 -0.0018816585518718605 0.012432764589734933 -0.01849421338649411 0.0048708913591180084 -0.00062317665855143151 0.0053086487105857144
leaf_weight=3302.9805592335761 9332.8833096139133 76622.580687575042 11062.724351685494 387.57809316366911 3120.215042129159 573.09854808077216 25680.972994357347 8368.1727574504912 10539.583846505731 4618.2878468334675 6219.5814947336912 57689.97815765813 5258.3767998404801 11812.195455960929 3833.5309416987002 16381.93976893276 384.99162699654698 73075.782833471894 11149.349016621709 82994.246606815606 2698.7612914517522 8106.3309478536248 688.57123420387506 683.38935257121921 9445.0624303333461 2186.979670651257 1224.8287592604756 9104.5034712441266 15554.614606175572 8876.5021291971207
leaf_count=34505 90514 650785 108073 2645 27856 2815 256040 76286 115681 33499 55912 522694 43354 108907 36853 137801 2701 615418 75682 660486 20636 66024 5092 5257 82056 22236 10934 74575 133279 79768
internal_value=-1.17526e-05 -0.000785896 0.00211809 -0.00216707 -0.00299945 0.00813361 0.00390022 0.0055557 0.0041754 0.00214193 0.00435499 0.000143636 0.000104612 0.00196788 0.00979886 0.00309129 0.0313566 -0.00323747 -0.00359649 -0.00466545 -0.00125597 -0.0003991 -0.0129461 0.000274101 -0.00340962 0.00389841 0.00133271 0.000452309 0.00140762 0.00816043
internal_weight=480979 401535 129418 272117 195494 4078.31 79444 53763 40596.6 30057 60665 68752.7 21688.9 17070.6 13166.4 45568.9 958.09 191416 169918 96842.4 13848.1 21497.9 1076.15 20421.8 10128.5 10293.3 29186.9 25883.9 24659.1 15096.1
internal_count=4158364 3397230 1157541 2239689 1588904 33372 761134 505094 377727 262046 526774 630767 185760 152261 127367 391094 5516 1555532 1372222 756804 96318 183310 7737 175573 87313 88260 253293 218788 207854 135680
is_linear=0
shrinkage=0.03


Tree=25
num_leaves=31
num_cat=0
split_feature=27 9 25 26 10 41 5 22 9 18 0 9 24 30 10 42 42 27 9 42 27 5 5 20 10 38 16 23 21 10
split_gain=975.278 1000.05 400.865 387.986 361.338 356.254 322.569 320.738 317.619 408.469 247.502 245.792 199.465 179.607 175.541 144.417 143.295 128.046 145.088 124.454 123.6 120.016 106.904 140.505 115.471 98.1885 93.6285 92.4591 79.7866 72.0799
threshold=0.19987893849611285 -0.037710737437009804 0.0086865737102925795 0.02899089548736811 -0.022444380447268483 0.0085984580218791979 -0.023303887806832787 -0.42138081789016718 0.0093478132039308565 -0.014362869784235953 -0.087429210543632493 -0.084346789866685853 0.029517438262701038 11.367784023284914 0.007737629348412157 0.59483334422111522 0.72252175211906444 0.68002820014953624 -0.0042595334816724053 0.40283118188381201 0.07415493950247766 0.015893621370196346 -0.018001841381192204 52.740474700927741 0.010389426257461311 0.31737607717514044 -0.027933722361922261 0.18534976243972781 -1.6676837801933286 -0.0051075222436338654
decision_type=2 2 2 2 2 2 2 2 2 2 2 2 2 2 2 2 2 2 2 2 2 2 2 2 2 2 2 2 2 2
left_child=2 11 5 8 13 -1 -6 -5 9 28 -7 16 14 19 25 21 -2 -14 -19 27 -10 -13 24 26 -11 -8 -24 -3 -4 -23
right_child=1 4 3 7 6 10 12 -9 20 22 -12 15 17 -15 -16 -17 -18 18 -20 -21 -22 29 23 -25 -26 -27 -28 -29 -30 -31
leaf_value=-0.03319523655688477 0.0092343857703032044 -0.0010526484857853095 0.0064778834738697631 0.030568950383464927 0.0016654842674189542 0.030492513245521127 -0.0051996354034723581 0.007249303413728086 0.0067586551003877343 0.00018807970408004433 -0.0090253443161681414 0.0021800078656145703 -0.00094433941234837776 -0.0015624221254250095 -0.0055356386656353193 0.0001244986878701862 0.0032509053120955119 -0.00018275089720271403 -0.0040927562760035216 -0.00055159344224386172 0.0032475307866617273 0.0095586441105957078 0.0012820535321328354 0.0031762566026386869 0.0061437144612307756 -0.0015879547760426257 -0.003450099624887795 0.0028920216660363461 0.0029643402466652358 0.0018811717058554991
leaf_weight=496.2940902300179 6587.5855048187077 6589.6057388521731 9612.9758891165257 737.88498898223042 17068.920491792262 152.6568801663816 9006.2409783452749 1835.5110739357769 14551.667197078466 15485.558252975345 802.43243937194347 21136.015617329627 61050.633957207203 43479.17507795617 32031.748211640865 28991.644363887608 7996.2123062387109 11584.697371900082 32511.740244366229 27695.391462907195 23914.43045957759 3652.566592939198 4674.0806874036789 4644.3493472822011 3594.0725349523127 27290.686487480998 19095.86456361413 28154.161873977631 14859.498132094741 1587.9816577024758
leaf_count=5147 72179 66116 80854 4585 153942 2198 67954 16865 128333 131118 7072 194474 534257 359667 229959 249535 76512 102394 296490 257631 202356 33897 42017 38830 27517 216569 147855 266946 129497 14792
internal_value=2.92212e-05 -0.000725896 0.0024463 0.00264844 -0.00148721 -0.0131145 -0.00226802 0.0141201 0.00237861 0.00120177 -0.00221312 0.00250013 -0.00265519 -8.23971e-05 -0.00391709 0.00158629 0.00596262 -0.00183457 -0.0030661 0.000948381 0.00457861 0.0031917 -0.000420893 -0.00158676 0.00131521 -0.00248648 -0.00251928 0.00214369 0.00434865 0.00724823
internal_weight=480872 366415 114457 113006 296463 1451.38 190545 2573.4 110432 71966.4 955.089 69952 173476 105918 68328.7 55368.2 14583.8 105147 44096.4 62439.2 38466.1 26376.6 47493.9 28414.3 19079.6 36296.9 23769.9 34743.8 24472.5 5240.55
internal_count=4157558 3193314 964244 949827 2551925 14417 1601565 21450 928377 597688 9270 641389 1447623 950360 514482 492698 148691 933141 398884 590693 330689 243163 387337 228702 158635 284523 189872 333062 210351 48689
is_linear=0
shrinkage=0.03


Tree=26
num_leaves=31
num_cat=0
split_feature=34 35 33 34 35 35 34 34 35 34 34 33 33 33 35 34 34 33 34 34 33 35 33 35 34 33 34 33 33 34
split_gain=1464.59 1376.75 1156.51 1193.17 987.11 956.84 1281.32 900.737 823.206 821.994 1027.8 869.311 783.857 745.408 1263.84 725.464 1012.66 2348.57 1003.34 888.862 831.122 781.952 694.449 685.758 835.081 1073.96 1549.97 1005.49 1351.59 684.443
threshold=-0.079633854329586015 0.21833010017871859 -0.059739705175161355 -0.071513459086418138 0.1394230201840401 0.83399909734725963 -0.071513459086418138 -0.025840445421636101 0.7863549292087556 -0.071513459086418138 -0.067316208034753786 -0.026954179629683491 -0.064229741692543016 -0.0070511570665985337 0.19795468449592593 -0.051768980920314782 0.0056202784180641183 -0.0067772909533232442 0.0064267243724316367 -0.06133866868913173 -0.016399403102695938 0.43890498578548437 -0.051217978820204728 0.18948969244956973 0.01119432505220175 -0.022055992856621739 -0.051768980920314782 -0.015375064685940741 -0.014882357791066168 0.0010914614540524783
decision_type=2 2 2 2 2 2 2 2 2 2 2 2 2 2 2 2 2 2 2 2 2 2 2 2 2 2 2 2 2 2
left_child=4 2 -2 -4 -1 9 -7 -8 -6 11 -11 -3 -12 23 -15 19 22 -18 -19 21 -21 -14 -17 29 25 26 -25 -27 -29 -5
right_child=1 5 3 13 8 6 7 -9 -10 10 12 -13 15 14 -16 16 17 18 -20 20 -22 -23 -24 24 -26 27 -28 28 -30 -31
leaf_value=-0.0054546380913376843 0.019561316890865384 -0.0022949972414715368 -0.020144272450306495 0.002154342882530743 0.014408722877922841 -0.040528889014625487 0.015783194813152185 0.0024314003404308565 -0.0010267439518748984 -0.022702358981685235 -0.023991452390907948 0.024212840999955746 -0.023756942546443182 0.014168673865296593 -0.0068973535240715884 0.027019368986079609 0.0069568219777477996 0.014391433287909651 -0.001996058556571683 -0.005021710274716951 0.016580615927937161 0.0031349797241836839 -0.0035543793559710719 -0.024609907946832637 0.024310839699020946 -0.018647308383892534 0.02641980733906138 0.040708478756267125 -0.0041768187844058368 -0.0078294084273076211
leaf_weight=4154.3809064030647 3932.7984403669834 2143.8683101385832 1953.596887756139 19512.85763368383 13290.261960018426 533.40073919296265 5962.9204370975494 18994.05293020606 4054.3040282018483 2031.2164132744074 1357.9585577398539 2289.4906737580895 1383.6748000979424 11289.529759626836 3300.9029271528125 651.83757455646992 34386.979213874787 3413.8883570358157 162234.36833016574 2117.3859180882573 6477.484130166471 3160.504157025367 151920.94098211825 643.44403959065676 2178.9717075079679 2463.5042453072965 2821.6195840574801 775.19577203691006 2495.856886819005 9020.7904135547578
leaf_count=50061 38915 24466 19182 162022 162485 3313 54808 220085 60008 24267 16172 19847 11935 94637 35189 5833 293482 19144 1388026 26688 51021 33434 1180143 5951 19861 15354 18624 3420 15465 83821
internal_value=1.03489e-05 -0.000347909 0.00387286 0.00277345 0.0076598 -0.000986794 0.00463465 0.0056316 0.0108036 -0.0013706 -0.00152508 0.0114415 -0.00140668 0.003602 0.00939983 -0.00132152 -0.00157954 -0.000175389 -0.00165663 0.00559484 0.0112595 -0.00512167 -0.00342023 0.00147889 0.0076991 0.00372033 0.016857 -0.00424841 0.00664314 -0.00100525
internal_weight=480948 459449 60389.1 56456.3 21498.9 399060 25490.4 24957 17344.6 373570 369136 4433.36 367105 54502.7 14590.4 365747 352608 200035 165648 13139 8594.87 4544.18 152573 39912.2 11378.6 9199.62 3465.06 5734.56 3271.05 28533.6
internal_count=4157659 3885105 512441 473526 272554 3372664 278206 274893 222493 3094458 3050145 44313 3025878 454344 129826 3009706 2886628 1700652 1407170 123078 77709 45369 1185976 324518 78675 58814 24575 34239 18885 245843
is_linear=0
shrinkage=0.03


Tree=27
num_leaves=31
num_cat=0
split_feature=35 35 35 6 16 35 35 35 35 35 22 35 35 35 25 10 0 4 35 35 35 8 3 19 35 17 35 35 22 25
split_gain=1201.52 1011.01 799.554 583.83 571.711 499.235 504.979 499.073 453.803 827.853 378.328 361.264 615.24 524.471 333.647 329.745 440.21 312.647 292.295 293.318 619.865 304.059 289.351 288.094 417.487 278.489 270.701 548.77 394.261 257.17
threshold=0.21833010017871859 0.74449557065963756 0.22466856986284259 -0.036457944661378854 0.00096283850143663596 0.1705446392297745 0.1784622669219971 0.75839194655418407 0.88213157653808605 0.87232092022895824 -0.69583615660667408 0.16237524896860125 0.14826499670743945 0.1394230201840401 1.0000000180025095e-35 -0.012616708874702452 -0.015008101239800451 -0.016228462569415566 0.76419660449028026 0.79561480879783641 0.84152835607528698 -0.051283672451972954 -0.074481613934040056 17.31480693817139 0.18948969244956973 -0.014781327918171881 0.19795468449592593 0.18948969244956973 -0.46155875921249384 0.033492384478449828
decision_type=2 2 2 2 2 2 2 2 2 2 2 2 2 2 2 2 2 2 2 2 2 2 2 2 2 2 2 2 2 2
left_child=5 2 -2 14 7 11 17 -3 9 18 -5 12 13 -1 -4 -12 -17 -7 -9 21 22 -20 -21 24 -8 -13 27 28 -25 -30
right_child=1 4 3 10 -6 6 23 8 -10 -11 15 25 -14 -15 -16 16 -18 -19 19 20 -22 -23 -24 26 -26 -27 -28 -29 29 -31
leaf_value=0.0027845359465439846 -0.015809324971487095 0.013261647910153525 -0.030083410973171146 -0.0055440104232358034 -0.00070326446650123358 0.024626211900637174 -0.0041795177557791188 -0.0087373851525964288 0.0097314541632022682 -0.016373428304150048 -0.00013550867884843217 0.0038484910311483937 0.015307356548800763 -0.0097950665759785893 0.0021940206810149277 0.0013124335203611131 -0.0029268683119055795 0.0067083610800076181 0.014266694388389775 -0.011756702277015866 0.0092606481286748865 0.0022625784761952984 0.00053790288538301792 -0.0091669210811981382 0.016842409194006269 -0.010395015814140931 5.3529057684764309e-05 0.016183423489184716 0.013092227167676215 -0.001078305339298544
leaf_weight=26121.626147463918 3329.8236539103091 5837.6740785241127 270.06208539009094 20113.180370319635 24025.666584402323 2104.6371333412826 1103.6839749105275 1644.6015877947211 8407.6459704004228 2076.8775923773646 124602.20739223808 1850.2347830310464 3126.462066154927 3347.3254424519837 47478.824317649007 26556.433833219111 129465.19846178219 1525.5942641310394 4275.2899305485189 2775.8759615309536 5340.878134842962 3419.9234446436167 4484.5175033323467 2021.6291220150888 3584.2077064476907 3646.6489188447595 9748.9822744913399 3733.0048130229115 2514.8859423398972 2108.5946416817605
leaf_count=245675 33376 40150 2689 148366 236068 19195 9581 18772 107809 18648 1081944 10844 35394 33403 415075 225639 1054177 14433 35077 28029 53778 25658 44477 19963 24831 22919 85179 26418 18362 21897
internal_value=2.65082e-06 -0.000598648 -0.0012224 -0.00108212 0.00292363 0.00374397 0.00674975 0.00520015 0.00374154 0.00163838 -0.00157141 0.00149705 0.00269729 0.00134997 0.00199894 -0.00128631 -0.00220522 0.0171743 0.00335668 0.00434429 0.00152108 0.00895149 -0.00418209 0.00521212 0.0118964 -0.00560412 0.00364499 0.00701214 0.00182691 0.00665277
internal_weight=480642 414105 351816 348486 62289 66537.5 28445.2 38263.3 32425.6 24018 300737 38092.3 32595.4 29469 47748.9 280624 156022 3630.23 21941.1 20296.5 12601.3 7695.21 7260.39 24815 4687.89 5496.88 20127.1 10378.1 6645.11 4623.48
internal_count=4157826 3569732 2961266 2927890 608466 588094 239859 372398 332248 224439 2510126 348235 314472 279078 417764 2361760 1279816 33628 205791 187019 126284 60735 72506 206231 34412 33763 171819 86640 60222 40259
is_linear=0
shrinkage=0.03


Tree=28
num_leaves=31
num_cat=0
split_feature=32 27 33 33 33 32 33 32 32 32 32 33 32 33 33 33 33 24 32 33 33 33 32 32 32 32 33 26 32 32
split_gain=1384.64 1437.81 776.183 746.899 862.084 848.011 667.497 1127.57 696.952 629.227 617.8 696.229 671.335 574.351 757.305 1366.9 593.296 567.369 566.731 734.023 732.569 555.184 490.953 733.662 488.522 589.789 496.59 520.151 476.276 452.937
threshold=0.01019556447863579 0.19987893849611285 -0.059739705175161355 -0.036483865231275552 -0.012578809168189762 -0.026351015083491799 -0.054731162264943116 0.0062833137344568976 0.0052491456735879191 0.0090181124396622198 -0.006126526976004242 -0.0049960946198552838 -0.022725751623511311 -0.022055992856621739 -0.014882357791066168 -0.015923499129712578 -0.10541613399982451 0.033560484647750861 -0.002536405459977686 -0.048507720232009881 -0.040747443214058869 0.021076834760606292 0.023361636325716976 0.01497457502409816 -0.013018006924539803 -0.041274044662713998 -0.07850195467472075 -0.045561697334051125 -0.014553854241967199 0.011037581134587528
decision_type=2 2 2 2 2 2 2 2 2 2 2 2 2 2 2 2 2 2 2 2 2 2 2 2 2 2 2 2 2 2
left_child=1 2 24 18 9 -6 7 8 28 -5 11 -7 -13 16 15 -15 -2 -12 19 -4 -21 22 23 -16 25 26 27 -1 -3 -18
right_child=13 6 3 4 5 10 -8 -9 -10 -11 17 12 -14 14 21 -17 29 -19 -20 20 -22 -23 -24 -25 -26 -27 -28 -29 -30 -31
leaf_value=0.026767470516049538 -0.01972704116346127 0.01455145128476543 0.0030641845376042794 0.0062955309252446141 0.030017040692819012 -0.0037430993933073873 -0.0020709904441499633 -0.029570515335064329 0.042255990918816502 0.034914929291141927 -0.0056051410715097141 -0.022123960298344042 0.0089077328122783572 0.0013937956868433829 0.0084023380875347994 -0.03516842228059603 -0.040389465667543881 0.0012518668216731942 0.021610294149790082 -0.024684869367022265 -0.0040130135505389653 0.00034188292450426752 0.015539977828724702 -0.00047201629648004409 -0.020085237466259388 0.024433226512391767 0.028060608145697597 -0.025324844982898484 -0.0032187496862245632 0.012852638976786339
leaf_weight=212.39381757751107 542.51232864707708 3643.3481205478311 3579.6949890814722 26126.794227477163 857.0716364979744 6812.2654089964926 280701.61303396896 656.93697190284729 570.30370458215475 691.46142365410924 19325.364999007434 634.97036749124527 15628.703184746206 3101.2555298358202 19524.472389958799 1287.7138684540987 127.11375000327826 24747.195363949984 611.38385608419776 2965.5536042228341 3212.2433614395559 30207.664908386767 4121.615571513772 14679.523261461407 326.97140527889132 2934.5112452246249 371.45725013315678 666.60288313776255 2146.653173495084 9293.2488219849765
leaf_count=3344 5484 40447 37826 210687 10214 53737 2355915 7851 5015 3734 144637 6001 135653 30573 162511 6764 2447 208899 6416 27384 27084 316626 41189 123088 6921 29075 2757 9620 29727 102503
internal_value=7.50376e-06 -0.000728136 0.00219385 0.00166979 0.00250599 0.000708982 -0.00184234 0.00728405 0.0111714 0.0070589 0.000326073 0.00430076 0.0076705 0.00353413 0.00260941 -0.00944435 0.0102837 -0.00175604 -0.00596739 -0.00773602 -0.0139838 0.00338388 0.0057801 0.00459563 0.0143507 0.0171239 -0.000144034 -0.0124222 0.00797472 0.0120502
internal_weight=480309 397423 109705 105193 94823.8 68005.6 287719 7017.24 6360.3 26818.3 67148.5 23075.9 16263.7 82885.1 72922.2 4388.97 9962.87 44072.6 10368.9 9757.49 6177.8 68533.3 38325.6 34204 4511.94 4184.97 1250.45 878.997 5790 9420.36
internal_count=4154129 3362944 923989 872272 773562 559141 2438955 83040 75189 214421 548927 195391 141654 791185 680751 37337 110434 353536 98710 92294 54468 643414 326788 285599 51717 44796 15721 12964 70174 104950
is_linear=0
shrinkage=0.03


Tree=29
num_leaves=31
num_cat=0
split_feature=34 32 35 33 32 35 35 34 32 34 33 34 33 35 32 34 32 33 32 32 34 32 33 33 34 32 35 35 32 33
split_gain=1309.4 1392.85 1709.67 1120.95 1222.46 1806.59 1004.82 890.505 1852.75 1337.53 1066.33 783.482 1729.07 1366.43 1236.25 1131.73 970.568 1013.91 1345.79 1839.93 1468.27 1194.98 1094.41 2304.8 1913.72 1606.05 1573.74 1789.12 1090.65 1079.11
threshold=-0.051768980920314782 0.01019556447863579 0.21833010017871859 0.034461081027984626 0.01256545912474394 0.81633129715919506 0.68453484773635875 -0.017826614901423451 0.007810059469193221 0.032053120434284217 0.029251633211970333 0.0074763279408216485 -0.0067772909533232442 0.6519378423690797 -0.007640289142727851 0.008650485426187517 0.0092861321754753607 -0.0010090565192513166 0.001789768517483026 0.00016956408217083665 0.0049310585018247375 0.0041160879191011199 -0.012578809168189762 -0.034664670005440705 -0.045878114178776734 -0.0058303989935666314 0.26354099810123449 0.22466856986284259 -0.0012608965043909846 0.007675810484215618
decision_type=2 2 2 2 2 2 2 2 2 2 2 2 2 2 2 2 2 2 2 2 2 2 2 2 2 2 2 2 2 2
left_child=-1 2 -2 -3 -5 -6 11 -8 -9 -10 -11 16 13 14 -13 -14 17 18 19 22 -21 -20 23 -4 -25 26 27 -26 -27 -19
right_child=1 3 6 4 5 -7 7 8 9 10 -12 12 15 -15 -16 -17 -18 29 21 20 -22 -23 -24 24 25 28 -28 -29 -30 -31
leaf_value=0.0044493881917106824 0.003812015561535266 0.0052981692262772575 -0.014800956229197797 0.012987506193962587 -0.018845818122818318 0.0037164737564317819 -0.021988365725276467 0.021423404973512323 -0.0011485754265150865 -0.026494525870197013 0.0094056037287446204 -0.0061244635557035007 0.025051599928902081 -0.019740517369198043 0.010894188667247211 -0.0020660294297038754 -0.024962203611215587 0.0053510884954520808 -0.021431628082805312 0.015523689840291958 -0.034047614445019171 -0.0047547746815569114 -0.010271871202908614 -0.028906217711814744 -0.024609653144091297 0.023796867428897722 -0.013883880978441787 0.026416651216777151 -0.0076348420270662539 -0.003150321455725131
leaf_weight=53725.867942385375 50683.332184113562 55769.064815159887 7357.7404706552625 3138.8959722332656 6536.13072565943 6217.5280040316284 3731.1931193545461 1958.474213283509 7076.8813644461334 4666.224437661469 874.79084622114897 4617.8686208054423 1380.4958352223039 1680.0669763050973 22501.443961858749 126667.07897735015 1837.2591675594449 20278.741084400564 8009.2302855551243 6189.9942333698273 569.97408595308661 7487.8429527804255 22123.863870546222 1314.264626763761 801.24269888922572 6040.1210442893207 4006.7159529291093 2508.9805925413966 1178.4656450003386 39736.513418965042
leaf_count=582447 424667 487595 58095 33222 52855 85222 26766 14375 48321 32377 8381 47103 13995 12103 179053 1086575 12441 142499 63618 60774 5741 52357 161543 11136 8563 47050 29950 17891 13635 337695
internal_value=3.63434e-05 -0.000519173 -0.00128877 0.00329557 -0.00372962 -0.00785789 -0.00213771 -0.00894781 -0.00558419 -0.00980342 -0.0208133 -0.00170163 -0.000275816 0.00636336 0.00799388 -0.0017698 -0.00342901 -0.00311511 -0.00563444 -0.00332285 0.0112559 -0.0133903 -0.00550089 -0.000947759 0.00549368 0.00863947 -0.00126889 0.0139921 0.0186586 -0.000276928
internal_weight=480666 426940 355279 71661.6 15892.6 12753.7 304595 18307.6 14576.4 12617.9 5541.02 286288 156847 28799.4 27119.3 128048 129441 127604 67588.4 52091.4 6759.97 15497.1 45331.4 23207.5 15849.8 14535.5 7316.94 3310.22 7218.59 60015.3
internal_count=4158045 3575598 2916704 658894 171299 138077 2492037 130220 103454 89079 40758 2361817 1338829 238259 226156 1100570 1022988 1010547 530353 414378 66515 115975 347863 186320 128225 117089 56404 26454 60685 480194
is_linear=0
shrinkage=0.03


Tree=30
num_leaves=31
num_cat=0
split_feature=32 35 34 33 32 34 34 35 33 33 32 33 34 32 35 33 33 32 32 35 32 34 34 32 34 34 32 34 34 33
split_gain=1282.51 1594.53 2201.86 955.911 1347.98 1859.06 988.68 870.213 840.08 1115.25 2484.22 1903.66 1039.74 1015.4 843.343 824.465 1372.5 823.611 801.982 1225.69 3511.12 789.888 919.176 1227.82 802.757 866.29 774.95 1320.52 938.064 753.907
threshold=0.01019556447863579 0.21833010017871859 -0.071513459086418138 -0.059739705175161355 -0.01810432784259319 -0.067316208034753786 -0.058575619012117379 0.12695615738630298 -0.034664670005440705 -0.024687093682587143 -0.0012608965043909846 -0.023167964071035382 -0.067316208034753786 -0.0093895830214023573 0.79561480879783641 -0.026954179629683491 -0.038446523249149316 -0.041274044662713998 -0.013018006924539803 0.45529520511627203 0.0037086271913722162 0.008650485426187517 0.0010914614540524783 -0.0072368879336863748 -0.0043197525665163985 -0.011635823640972374 -0.020543091930449005 0.046266596764326103 -0.055723477154970162 -0.041936524212360375
decision_type=2 2 2 2 2 2 2 2 2 2 2 2 2 2 2 2 2 2 2 2 2 2 2 2 2 2 2 2 2 2
left_child=1 3 15 -1 5 7 -6 -5 18 10 13 -11 -13 -10 -14 16 29 -7 -4 -20 -21 22 23 24 25 -8 28 -28 -19 -3
right_child=-2 2 8 4 6 17 21 -9 9 11 -12 12 14 -15 -16 -17 -18 26 19 20 -22 -23 -24 -25 -26 -27 27 -29 -30 -31
leaf_value=0.014519234993369882 0.0033948638500467441 0.0059971464361674156 0.012234504145942592 -0.010811011523236705 0.022607787929571712 0.025238754075873393 0.0022634458254165613 -0.038653134013184334 -0.008832805438748632 -0.033180447503173748 -0.0066004209536294238 -0.027045442288174782 -0.0016377386339420129 0.029348374868789998 -0.029887648483821312 0.019037996087168985 -0.019791722899471269 0.025325601028595848 -0.018164930803441851 0.036395549206647365 -0.020281797719003476 0.012518787600250885 -0.01280689125039549 0.040100603451050633 -0.013749463829178174 0.021131753839353378 0.0021127400674531096 0.043993402664175819 -0.006785847787106539 0.036398664774068272
leaf_weight=6418.162525806576 82906.757066819817 4126.2077082470059 1391.7218046523631 2845.9392744340003 2907.5246449410915 1143.9753088466823 17122.832067128271 1567.1667686961591 730.33111596107483 1736.7499405220151 4989.2138033434749 1447.6337456963956 290810.68242839724 4088.1724397167563 934.26591132208705 5807.9246164746583 1672.9253331832588 859.48089668154716 8439.5064821243286 1592.1596152186394 2503.677748914808 8251.3778692409396 3326.0516516901553 799.00158862769604 2366.1527848541737 2492.3379791714251 3648.8692942596972 812.73974870145321 11924.470305986702 876.24738065898418
leaf_count=72152 791925 45569 16402 30144 29613 15620 123887 13741 6094 12199 61889 14217 2369067 29731 5918 79351 17044 10795 69297 16403 25255 68498 25935 3541 17230 12956 33907 8319 121801 10706
internal_value=1.16313e-06 -0.00070656 -0.00155782 0.00353252 0.00235417 -0.00338913 0.00586843 -0.020828 -0.00204225 -0.00171261 0.00822955 -0.00204377 -0.00185708 0.0235487 -0.00173025 0.0107918 0.00358183 0.000813912 -0.00924237 -0.0116425 0.00181997 0.00443953 0.00187832 0.00403179 0.00268546 0.00467997 -0.000833657 0.00990413 -0.00459077 0.0114461
internal_weight=480540 397634 331147 66486.1 60067.9 22802.6 37265.3 4413.11 318664 304737 9807.72 294929 293193 4818.5 291745 12483.3 6675.38 18389.5 13927.1 12535.3 4095.84 34357.8 26106.4 22780.3 21981.3 19615.2 17245.6 4461.61 12784 5002.46
internal_count=4159206 3367281 2779142 588139 515987 234327 281660 43885 2626472 2499115 97714 2401401 2389202 35825 2374985 152670 73319 190442 127357 110955 41658 252047 183549 157614 154073 136843 174822 42226 132596 56275
is_linear=0
shrinkage=0.03


Tree=31
num_leaves=31
num_cat=0
split_feature=34 27 33 33 33 33 33 33 25 34 34 33 33 34 34 33 34 34 33 33 17 34 33 33 33 34 24 34 33 33
split_gain=1251.57 907.756 609.182 543.508 534.728 1412.35 579.198 739.514 532.43 488.057 537.228 712.283 720.69 605.319 457.442 1208.84 873.745 608.163 607.355 538.064 507.541 434.576 433.729 486.833 403.214 646.201 388.799 387.671 487.397 462.057
threshold=-0.079633854329586015 0.13335933536291125 -0.07850195467472075 -0.059739705175161355 -0.041936524212360375 -0.048507720232009881 -0.038446523249149316 -0.036483865231275552 1.0000000180025095e-35 -0.067316208034753786 -0.051768980920314782 -0.016399403102695938 0.049807082861661918 -0.063797727227210985 0.049347488209605224 -0.013303210027515886 0.046266596764326103 0.047592170536518104 0.025467921979725364 0.013511817436665298 -0.0032584725413471456 -0.087091129273176179 -0.015375064685940741 0.048644645139575012 -0.10541613399982451 -0.10836575180292128 0.027776285074651245 0.057090418413281448 0.0089572328142821806 -0.00038152282650116826
decision_type=2 2 2 2 2 2 2 2 2 2 2 2 2 2 2 2 2 2 2 2 2 2 2 2 2 2 2 2 2 2
left_child=4 3 -3 -2 5 24 -6 21 -5 -4 11 13 22 -11 16 -16 26 -18 19 -19 -17 -8 -13 -24 -1 -26 -12 -10 29 -29
right_child=1 2 9 8 6 -7 7 -9 27 10 14 12 -14 -15 15 20 17 18 -20 -21 -22 -23 23 -25 25 -27 -28 28 -30 -31
leaf_value=-0.0043633992748323951 0.019514728737701277 0.032716613012529892 -0.0082281767216622424 -0.024305545960916355 0.032406665476118833 -0.023426866336345192 0.0045067257139750705 0.011973389059039923 0.0016487920335762618 0.013890891712699957 -0.0030056916045759626 0.028536914902622664 -0.029785570102289969 -0.0065948844327420849 0.013496465304514763 0.0037439541884094025 -0.021055219113606614 0.0023082196241444291 0.017862518198670036 -0.025875458122715977 -0.0017579131435279851 -0.033318278166063163 0.0069843382752236213 0.036213339722192296 0.022378009059901081 0.0026659597094409672 -0.00057720376071228069 0.0083710999839316999 0.0020783183817236536 0.028537063313802517
leaf_weight=2084.643387246877 1668.248539917171 464.03307213634253 8120.2457524351776 651.14692914485931 1061.3914960473776 1625.7538953125477 545.81131517887115 9416.567082259804 62648.33592569828 1623.1671548262239 87349.586566507816 1179.0584622621536 374.50113205611706 6168.0483814403415 6349.625131495297 21386.042480424047 3442.8586147762835 1302.350508838892 891.5942043364048 1121.2883397564292 51124.001133061945 519.38725285232067 7223.159563049674 534.1674403399229 2544.6138001866639 3609.7031752802432 184937.48419464752 3086.8426949717104 5776.2991943322122 1529.3898285627365
leaf_count=27944 19032 7244 77897 6530 11229 14149 3303 145289 503516 16588 655885 6359 2898 65520 75957 188370 26836 9324 9802 10462 482330 3252 70171 3232 35635 31605 1550999 31692 51157 13882
internal_value=3.95132e-06 -0.000326909 -0.000918303 0.00268279 0.00709076 0.00195548 0.0114684 0.00929046 0.00229656 -0.000960746 -0.000802949 0.00438845 0.00998018 -0.00230238 -0.00105125 0.000966079 -0.00162138 -0.0122611 -0.00305697 -0.0108359 -0.000134613 -0.0142108 0.0117095 0.00908499 0.00700865 0.0108624 -0.00135643 0.0025403 0.00790099 0.0151465
internal_weight=480359 458951 383591 75360.3 21407.9 9864.71 11543.2 10481.8 73692 383127 375007 17102.1 9310.89 7791.22 357905 78859.7 279045 6758.09 3315.23 2423.64 72510 1065.2 8936.39 7757.33 8238.96 6154.32 272287 73040.9 10392.5 4616.23
internal_count=4158089 3885683 3259874 625809 272406 109333 163073 151844 606777 3252630 3174733 164768 82660 82108 3009965 746657 2263308 56424 29588 19786 670700 6555 79762 73403 95184 67240 2206884 600247 96731 45574
is_linear=0
shrinkage=0.03


Tree=32
num_leaves=31
num_cat=0
split_feature=34 32 32 33 32 32 33 33 33 34 34 33 32 32 33 32 34 33 33 33 34 32 33 33 32 33 34 34 33 32
split_gain=1170.16 1217.1 1536 987.126 1095.78 1507.98 945.592 1317.81 900.436 1083.16 1531.53 1324.95 1096.25 1030.13 924.979 1522.76 858.899 1751.44 921.535 796.783 2355 741.475 1438.95 1005.34 888.192 886.711 1182.09 1093.36 716.277 1951.89
threshold=-0.051768980920314782 0.01019556447863579 -0.0031672157347202297 0.034461081027984626 0.01256545912474394 0.016984182409942154 -0.040747443214058869 -0.034664670005440705 0.077006325125694289 0.085458565503358855 0.057090418413281448 0.018338722176849846 -0.041274044662713998 -0.0063924952410161487 -0.036483865231275552 -0.0093895830214023573 -0.019969875924289223 0.017180294729769233 -0.012578809168189762 0.026197178289294246 -0.027107475325465199 -0.0027446640888229008 -0.054731162264943116 -0.064229741692543016 -0.0036088214255869384 -0.033029537647962563 -0.067316208034753786 -0.079633854329586015 -0.024687093682587143 -0.010832737665623425
decision_type=2 2 2 2 2 2 2 2 2 2 2 2 2 2 2 2 2 2 2 2 2 2 2 2 2 2 2 2 2 2
left_child=21 2 8 -3 -5 -6 -4 -8 9 10 12 13 -2 -12 15 -14 17 -9 -18 20 -19 22 -1 -23 25 26 -24 -27 29 -16
right_child=1 3 6 4 5 -7 7 16 -10 -11 11 -13 14 -15 28 -17 18 19 -20 -21 -22 23 24 -25 -26 27 -28 -29 -30 -31
leaf_value=0.011868533636603328 0.037348327811532626 0.0049221745351153232 0.01278364240037849 0.012307416224269835 -0.016373552672860125 0.0044683095187989779 -0.028398921227380206 -0.012148062167737898 0.046195879433351676 -0.015823565830406356 0.011096522753129704 -0.0057127967598781682 -0.00052338842004049507 0.033751652572213638 -0.00061377856169580927 -0.02371393218907427 0.0055181059998140308 0.021291947329507812 -0.0026745261061188897 -0.004457519873320979 -0.034336730404956835 -0.013310825942619588 -0.015088141171440717 0.0094796631383199919 -0.029689024849551739 0.019496879349448566 0.01200559858174381 -0.0020811808636710246 0.00013868519000943504 0.023143252747292724
leaf_weight=7596.2944913133979 698.98547828197479 55711.489472828805 3401.6839964911342 3125.5175436884165 7286.2206876017153 5446.5494469888508 1819.5173126086593 22303.88179147616 378.55412101745605 3327.5288124382496 7916.3516390435398 3219.3728884533048 8156.9692624174058 2336.0089141614735 9214.4761475734413 3686.7475577481091 13370.467044994235 3933.9452499747276 160269.77976066992 6484.9901968054473 809.69979892671108 1860.9891348555684 6597.2840698324144 23995.351007100195 1077.3104565069079 2896.9120664894581 1839.4706507734954 7660.4247650541365 98716.998304817826 4679.4452520832419
leaf_count=84989 8017 487439 30864 33022 58486 79540 12542 191598 5178 43451 64326 29042 96534 17839 75145 24036 134603 34764 1277079 54587 5886 27748 55676 265922 8942 47686 23816 66407 781127 28612
internal_value=-3.85052e-07 -0.000525406 -0.00124546 0.00304276 -0.00355765 -0.00746525 -0.00286138 -0.00311723 0.00116598 0.0010394 0.0014464 0.0110497 0.000411089 0.0163142 0.000197668 -0.00777002 -0.00289247 -0.00728679 -0.00204312 0.00237379 0.0116923 0.00417981 0.000765107 0.00783032 -0.00344477 -0.00192658 -0.00916645 0.00386547 0.00103689 0.00740931
internal_weight=479819 426295 354725 71569.8 15858.3 12732.8 212394 208992 142331 141953 138625 13471.7 125154 10252.4 124455 11843.7 207173 33532.5 173640 11228.6 4743.65 53524 27667.7 25856.3 20071.4 18994.1 8436.75 10557.3 112611 13893.9
internal_count=4154903 3573717 2915230 658487 171048 138026 1741923 1711059 1173307 1168129 1124678 111207 1013471 82165 1005454 120570 1698517 286835 1411682 95237 40650 581186 287516 293670 202527 193585 79492 114093 884884 103757
is_linear=0
shrinkage=0.03


Tree=33
num_leaves=31
num_cat=0
split_feature=32 32 32 32 32 32 2 4 6 10 32 32 32 16 4 36 32 20 32 32 2 39 32 32 13 32 32 32 32 32
split_gain=1108.9 1220.19 466.681 627.383 415.914 973.258 398.044 324.419 315.815 344.884 289.392 1326.41 612.203 340.748 339.627 362.185 288.411 287.33 282.744 275.225 263.896 395.557 257.052 233.488 211.144 221.214 606.826 209.391 379.613 288.922
threshold=0.010609809774905445 -0.0053038655314594499 0.01294582197442651 0.019189972430467609 -0.02856467571109533 -0.024857878684997555 -0.041291480883955949 -0.087317131459712968 -0.036457944661378854 -0.0076319670770317307 -0.015421228017657993 -0.014553854241967199 -0.01810432784259319 -0.041080532595515244 -0.0069181777071207753 0.69599282741546642 -0.0031672157347202297 47.402854919433601 -0.0042567250784486524 -0.019158121198415753 1.0000000180025095e-35 0.5705765187740327 -0.0033790608868002887 -0.002860693726688623 0.57165434956550609 0.0023661317536607389 0.0015933124814182522 0.001789768517483026 0.0023661317536607389 0.0030001203995198016
decision_type=2 2 2 2 2 2 2 2 2 2 2 2 2 2 2 2 2 2 2 2 2 2 2 2 2 2 2 2 2 2
left_child=1 4 7 6 -1 -6 -4 -2 27 18 12 -12 19 -14 20 -16 22 -5 -10 -7 -13 -22 -11 -18 25 26 -25 -3 -29 -30
right_child=2 8 3 17 5 10 -8 -9 9 16 11 14 13 -15 15 -17 23 -19 -20 -21 21 -23 -24 24 -26 -27 -28 28 29 -31
leaf_value=0.0078993928794860082 0.013003860630822645 0.0033001772800563284 0.0042166269204933814 0.0088972865744197296 -0.010893574165679173 0.0025123411990731169 -0.002537261039070351 0.0047382420183664118 -0.0065898451891971861 -0.00075601517331921539 -0.017559256498643996 -0.0015499072403958693 0.022508849612451663 0.0075239658735648512 0.0062943184111139867 0.00030553258187397767 -0.014268881119705102 0.0018365269317983468 -0.00056255479484453334 -0.007471687290005715 0.0100340184268768 -0.00032091595820512263 0.012669413251382345 -0.0054225462225930667 -0.0025496009286243492 -0.0035210022873190588 -0.020963346541879209 -0.019464178010119668 0.018512350197054651 -0.0012385400130023047
leaf_weight=9292.2101551517844 5991.7632981352508 17150.054253008217 11290.923225030303 12541.98797307536 5580.7800804153085 12120.977511316538 25674.247893087566 14940.116709817201 7469.1076921336353 16582.958971802145 3294.4233185388148 30495.216614343226 1540.6997954621911 11430.473864216357 22620.46691679582 15187.357504550368 1876.4861885942519 8856.9660652801394 108402.90896351263 3104.5263967849314 5137.7514255195856 9315.5981440879405 1371.0865418687463 13421.348360341042 62894.987318139523 24398.852689303458 2706.4438243918121 972.44696353375912 680.54018603265285 13730.224711779505
leaf_count=105613 60543 146406 97903 131341 70539 106238 225172 138256 55445 115645 33528 260454 12401 89868 189276 126549 16166 106671 928536 35155 46514 82279 12390 107379 510802 197089 18968 8009 6853 115916
internal_value=3.24045e-05 -0.000608972 0.00327339 0.00189386 0.00179187 0.00131701 -0.000473137 0.00711443 -0.00175015 -0.00212743 0.00191528 0.00105047 0.00455189 0.00933576 0.00179537 0.00389006 -0.00323201 0.0059793 -0.000952144 0.000469436 3.24955e-05 0.00336875 0.000282194 -0.00383115 -0.00363904 -0.0053277 -0.00805322 0.00102249 -0.00151778 -0.000281451
internal_weight=480074 400778 79296 58364.1 129120 119828 36965.2 20931.9 271657 239124 114247 86050.8 28196.7 12971.2 82756.4 37807.8 123252 21399 115872 15225.5 44948.6 14453.3 17954 105298 103422 40526.6 16127.8 32533.3 15383.2 14410.8
internal_count=4157904 3398018 759886 561087 1158414 1052801 323075 198799 2239604 1962420 982262 738600 243662 102269 705072 315825 978439 238012 983981 141393 389247 128793 128035 850404 834238 323436 126347 277184 130778 122769
is_linear=0
shrinkage=0.03


Tree=34
num_leaves=31
num_cat=0
split_feature=33 32 33 32 35 32 33 32 33 33 35 35 32 33 32 32 33 35 32 35 35 35 35 33 32 32 32 32 33 35
split_gain=1041.55 1085.44 1273.7 1310.27 1288.95 1848 1160.65 2169.06 985.796 863.538 865.797 1080.9 1265.62 1211.46 969.221 906.681 856.554 898.931 757.465 756.106 720.698 691.688 777.703 723.387 689.714 680.266 701.495 677.766 932.821 681.34
threshold=-0.048507720232009881 0.010609809774905445 -0.034664670005440705 -0.0031672157347202297 0.45529520511627203 0.0030001203995198016 -0.023167964071035382 -0.013018006924539803 -0.040747443214058869 0.077006325125694289 0.36528639495372778 0.34502233564853674 -0.0045352263841778031 0.0015069840592332186 -0.015421228017657993 -0.014553854241967199 -0.038446523249149316 0.22466856986284259 -0.002296349266543984 0.19795468449592593 0.79561480879783641 0.19795468449592593 0.32971000671386724 -0.0049960946198552838 -0.011543228756636379 -0.026351015083491799 -0.024857878684997555 -0.0036088214255869384 -0.017350947484374043 0.42291125655174261
decision_type=2 2 2 2 2 2 2 2 2 2 2 2 2 2 2 2 2 2 2 2 2 2 2 2 2 2 2 2 2 2
left_child=-1 2 4 6 8 -6 7 19 18 10 11 13 -13 14 -8 -16 17 -10 -2 -4 -5 23 -23 24 -17 -15 -27 29 -29 -12
right_child=1 -3 3 20 5 -7 9 -9 16 -11 27 12 -14 25 15 21 -18 -19 -20 -21 -22 22 -24 -25 -26 26 -28 28 -30 -31
leaf_value=0.006412702066709788 -0.022359817703800033 0.0029742346207341373 0.0024873186434961727 -0.0018738179896019742 0.03472319654584758 -0.012645026387276579 0.0051203196337015269 0.020695488866203569 -0.00092095477821637706 0.044449821849582377 0.0011933894245731698 -0.00075420604374855675 -0.028194329716029046 0.042029695821579616 -0.024401501325677057 0.007956590706630795 -0.011932121699227352 0.038252952096931782 0.031610221617628081 -0.025117813692303554 -0.028222201514661299 -0.0057725371431402309 0.014072726799158559 0.025966681126627818 -0.012524601920309906 -0.04807096951670483 0.0043367032998803002 -0.0048491988215615088 0.028704796111938082 0.040333569667616267
leaf_weight=21747.339807543904 6548.4737299978733 75840.726125370711 9965.3469459712505 221636.19690120965 1387.3559289723635 1549.9735383242369 12923.117529600859 7824.3774510025978 2642.1462514735758 383.66766073554754 7295.8242292404175 3534.8145309761167 2626.0194511264563 408.96861840412021 1883.2725300975144 4292.4544502161443 6386.9857802651823 638.34118277952075 225.77976095676422 960.69126705080271 918.37253454700112 38553.101695369929 1844.3818193785846 1215.7561626397073 2232.9365874044597 211.31146097183228 40113.518857400864 1039.3786109834909 2573.0576343461871 403.60832969099283
leaf_count=242694 59186 722723 80353 1851292 13691 18759 116270 61397 20382 5249 52160 27011 20780 7537 15005 25120 54821 7950 2688 8879 5899 306242 17169 8734 12785 2696 359605 6337 18509 5331
internal_value=9.34703e-07 -0.000303744 -0.000954289 -0.000553834 -0.00844383 0.0098114 0.0017167 0.00865975 -0.0117131 0.000644275 0.000498236 -0.000316225 -0.0125038 0.00041026 -0.00219826 -0.0040903 -0.00554501 0.0068874 -0.0204733 1.86295e-05 -0.00198507 -0.00328589 -0.00485997 0.00491986 0.000931236 0.00444025 0.00403838 0.00839335 0.019077 0.00334432
internal_weight=479807 458060 382219 362840 19379.1 2937.33 140286 18750.4 16441.7 121535 121152 109840 6160.83 103679 62945 50021.9 9667.47 3280.49 6774.25 10926 222555 48138.6 40397.5 7741.15 6525.39 40733.8 40324.8 11311.9 3612.44 7699.43
internal_count=4157254 3914560 3191837 3014360 177477 32450 1157169 150629 145027 1006540 1001291 918954 47791 871163 501325 385055 83153 28332 61874 89232 1857191 370050 323411 46639 37905 369838 362301 82337 24846 57491
is_linear=0
shrinkage=0.03


Tree=35
num_leaves=31
num_cat=0
split_feature=33 33 33 24 26 25 5 17 33 23 33 33 33 20 18 33 33 23 25 33 33 33 26 40 33 18 5 0 33 21
split_gain=968.206 804.284 1183.38 563.399 455.127 389.186 347.953 373.478 403.282 337.07 556.912 470.341 392.322 327.962 327.41 266.955 266.269 262.399 258.2 257.669 1009.76 303.595 246.723 245.693 238.636 223.477 218.103 213.892 198.306 194.95
threshold=-0.048507720232009881 -0.034664670005440705 -0.022055992856621739 0.025354795157909397 0.02899089548736811 1.0000000180025095e-35 -0.025127351284027096 -0.014270564075559376 -0.0060724508948624125 0.030612490139901642 -0.038446523249149316 -0.040747443214058869 -0.038446523249149316 22.8697624206543 0.004172184970229865 -0.064229741692543016 -0.041936524212360375 0.24420523643493655 0.044263035058975227 -0.012578809168189762 -0.015923499129712578 -0.0090944641269743425 -2.008576638345971e-11 0.64262461662292492 0.077006325125694289 -0.0078297141008079035 0.010422330349683763 -0.0053359421435743562 -0.033029537647962563 2.934171319007874
decision_type=2 2 2 2 2 2 2 2 2 2 2 2 2 2 2 2 2 2 2 2 2 2 2 2 2 2 2 2 2 2
left_child=13 9 4 14 18 -5 -7 8 -8 11 16 22 -13 15 19 27 -11 -6 25 20 -4 -21 -2 -18 -10 -3 -23 -1 -20 -22
right_child=1 2 3 5 17 6 7 -9 24 10 -12 12 -14 -15 -16 -17 23 -19 28 21 29 26 -24 -25 -26 -27 -28 -29 -30 -31
leaf_value=0.010194525905521097 -0.023413114522875759 0.0096868931721367305 -0.008143474857677779 -0.024062166722092552 0.038041694055483209 0.0028317383453524093 -0.002573708213823577 -0.00093390733674171317 0.0028850308069937295 -0.0033882550265155087 -0.010738718384509339 0.0076967280402278756 -0.010316926546510737 0.0033082968366637765 -0.00034454382987078624 0.015281253132388246 0.015817468636315637 0.0087391313803377897 0.012165814425251147 -0.011493036239126002 0.022604055185439037 -0.0049690407884581192 -0.0082851127311221774 0.00098648513785278024 -0.0083010294930663635 0.0036541635900267069 0.0011336076044992877 -0.0056418711501175943 -0.00072283684479465722 0.0072917830400969297
leaf_weight=1986.4017303399742 2581.9591215439141 10636.208186231554 5914.5611279718578 576.35605824366212 567.63647757843137 39307.543758124113 17287.519802410156 185985.36491642147 63055.127507291734 4171.3782845437527 4988.1134879253805 1680.9962446428835 3007.1276578120887 13576.799835588783 37977.660528156906 4947.9887598901987 1744.2863260768354 546.02008516713977 1198.2259395606816 5562.5674888901412 911.26494782790542 33819.21086762473 1597.6547537334263 2343.5196324251592 1745.5652847923338 11562.445378907025 6235.2549087256193 1226.7674280181527 9085.3134135529399 4029.6416865363717
leaf_count=25790 22697 91248 43507 5945 3058 333544 149940 1589595 586630 42479 43491 14090 25372 157238 307391 41889 20000 4417 13435 35831 5876 254006 15772 23186 15011 111673 47221 17742 83446 26189
internal_value=-9.95425e-06 -0.000303612 -2.03919e-05 -0.000472088 0.00538704 0.000149612 0.000196573 -0.000190003 0.00149526 -0.0058823 -0.00284489 -0.0104032 -0.00385261 0.00617335 -0.00249876 0.0109199 0.00193699 0.0240824 0.00473164 -0.00394683 0.000207028 -0.00493498 -0.0176974 0.00736114 0.00258124 0.00655079 -0.00401895 0.00415079 0.000799633 0.0101956
internal_weight=479856 458119 436003 402408 33595.8 307957 307381 268074 82088.2 22115 13247.3 8867.74 4688.12 21738 94450.2 8161.16 8259.18 1113.66 32482.2 56472.5 10855.5 45617 4179.61 4087.81 64800.7 22198.7 40054.5 3213.17 10283.5 4940.91
internal_count=4157709 3915050 3707963 3400686 307277 2680665 2674720 2341176 751581 207087 129156 77931 39462 242659 720021 85421 85665 7475 299802 412630 75572 337058 38469 43186 601641 202921 301227 43532 96881 32065
is_linear=0
shrinkage=0.03


Tree=36
num_leaves=31
num_cat=0
split_feature=32 27 33 33 32 32 33 33 32 32 32 33 32 33 26 33 33 33 33 33 32 32 33 33 32 33 16 33 33 33
split_gain=969.731 1140.19 750.262 582.87 742.447 648.27 651.816 637.8 547.956 627.015 534.311 472.13 1287.14 463.929 484.267 462.633 731.222 1249.46 626.283 547.844 486.558 755.543 590.235 1025.76 898.892 456.782 451.005 448.82 514.436 1032.03
threshold=0.010609809774905445 0.24985136836767199 -0.059739705175161355 -0.036483865231275552 -0.0039312124717980615 -0.002536405459977686 -0.048507720232009881 -0.040747443214058869 -0.013018006924539803 -0.041274044662713998 -0.041274044662713998 -0.022055992856621739 -0.013018006924539803 -0.07850195467472075 -0.045561697334051125 -0.022055992856621739 -0.014882357791066168 -0.015923499129712578 1.0000000180025095e-35 -0.10541613399982451 0.01294582197442651 0.020049545913934711 0.034461081027984626 0.030892575159668926 0.01634942460805178 0.063805449753999724 -0.00097506146994419385 -0.0053850426338613025 -0.0090944641269743425 -0.010808091145008801
decision_type=2 2 2 2 2 2 2 2 2 2 2 2 2 2 2 2 2 2 2 2 2 2 2 2 2 2 2 2 2 2
left_child=1 2 8 5 10 6 -4 -8 9 13 -5 12 -12 14 -1 19 17 -17 27 -2 25 22 23 -22 -24 -20 -26 28 29 -18
right_child=15 -3 3 4 -6 -7 7 -9 -10 -11 11 -13 -14 -15 -16 16 18 -19 20 -21 21 -23 24 -25 26 -27 -28 -29 -30 -31
leaf_value=0.024691119783083752 -0.019672278926632675 -0.001733768858284762 0.0027265516064987135 0.034091783824143358 -0.00083470293130476247 0.020564663469484899 -0.02160694229212503 -0.0037523208220559762 -0.020053091793792353 0.022675431651242469 0.0026193151341077298 0.0024896387658901366 0.023583807106027796 0.025432044755357829 -0.025054609726400487 0.0006856192779107176 0.0028945604819080465 -0.034234162223737249 0.008048248130265041 0.0107799991205289 -0.0021113353640098914 0.0061964043270828027 -0.019123569434832639 0.022827037916029341 0.0085323444871218557 -0.010640038834779406 -0.010482697117011481 0.016361518076458359 -0.01022771322614535 0.035092706386829507
leaf_weight=214.60060163959861 545.48951565846801 267106.83560561761 4025.0057683549821 506.8745030388236 51218.418725892901 808.83988821133971 3448.4787462726235 3765.9565716646612 399.24756252393126 3362.6320522427559 8684.6518051028252 52022.280826635659 3767.9518946111202 377.03744551539421 709.37934107705951 3116.8760143183172 5102.7520367093384 1289.2337860167027 12668.08257368952 9399.6313647702336 16527.1576288715 11549.422038443387 4293.5115197114646 1610.6871007829905 2493.5074199326336 1280.2408954054117 2008.6894277818501 4651.4709232375026 1645.7283626012504 1067.9074901640415
leaf_count=3435 5506 2271166 42514 4931 420767 8486 32353 31989 8316 33612 67966 428970 29156 2832 10415 30710 43217 6793 118478 105014 145664 139658 39385 9431 23360 8901 21233 37301 18978 6576
internal_value=-2.72495e-06 -0.000602856 0.001663 0.00121479 0.00186624 -0.00506084 -0.00693822 -0.0123229 0.0129672 0.0158676 0.00399471 0.0037476 0.00899047 -0.00180489 -0.0132225 0.00302886 0.0021591 -0.00964048 0.00296291 0.00907356 0.00152424 -0.000216445 -0.00296891 0.00012596 -0.00933672 0.00632017 3.9798e-05 0.00900086 0.00459002 0.00856221
internal_weight=479669 400418 133311 128248 116200 12048.3 11239.4 7214.44 5062.9 4663.65 64981.8 64474.9 12452.6 1301.02 923.98 79250.4 69305.3 4406.11 64899.2 9945.12 52431.3 38483 26933.6 18137.8 8795.71 13948.3 4502.2 12467.9 7816.39 6170.66
internal_count=4157113 3396908 1125742 1067132 951790 115342 106856 64342 58610 50294 531023 526092 97122 16682 13850 760205 649685 37503 612182 110520 506110 378731 239073 155095 83978 127379 44593 106072 68771 49793
is_linear=0
shrinkage=0.03


Tree=37
num_leaves=31
num_cat=0
split_feature=34 33 34 33 33 33 33 33 34 34 34 33 33 33 33 33 33 34 33 33 33 34 33 33 33 33 33 33 34 34
split_gain=971.532 801.807 560.403 761.899 1560.17 806.299 1026.52 1246.65 1094.93 842.711 1219.21 810.832 862.099 642.059 1104.45 618.722 963.419 637.615 595.361 980.282 572.458 592.231 562.002 522.674 1223.06 882.549 562.361 592.434 485.445 467.847
threshold=-0.079633854329586015 -0.07850195467472075 0.065712161362171187 0.010403670370578768 0.012265849858522417 0.013511817436665298 0.027640369720757011 0.023700983263552192 0.11112556979060174 0.081276949495077147 0.067046999931335463 0.041694547981023795 0.035644989460706718 0.028409776277840141 0.030892575159668926 0.049807082861661918 0.048644645139575012 -0.0066001922823488704 -0.010257564485073088 -0.013303210027515886 0.043468203395605094 0.10238429158926012 0.02467537205666304 -0.041936524212360375 -0.054731162264943116 -0.07850195467472075 -0.038446523249149316 -0.036483865231275552 -0.092207007110118852 0.057090418413281448
decision_type=2 2 2 2 2 2 2 2 2 2 2 2 2 2 2 2 2 2 2 2 2 2 2 2 2 2 2 2 2 2
left_child=23 -2 13 18 -5 -6 7 8 9 10 -7 12 -8 22 -15 16 -16 -18 19 -4 21 -13 -3 24 25 -1 -25 -28 -26 -19
right_child=1 2 3 4 5 6 11 -9 -10 -11 -12 20 -14 14 15 -17 17 29 -20 -21 -22 -23 -24 26 28 -27 27 -29 -30 -31
leaf_value=-0.00031037890855640789 0.029174280577418645 -0.00051165783555831416 0.0097402472303274191 -0.022990419853528336 0.023256774359094831 0.028178671375010289 0.0060233550319733148 -0.017709899147274347 -0.021762639358233731 0.013081018591545125 -0.0082499218031205201 0.035634024448350614 0.025933978176423754 -0.013329791527520953 -0.001305794465227566 -0.0085879726098154925 0.031580159425142321 -0.022597196036704872 0.010882878250123894 -0.012897382028107167 0.0026532073710330861 -0.020810984726379753 0.0062854636745022551 0.031325642978213344 -0.021277575044752167 0.022211959249755029 -0.012655914892496617 0.010886128709778084 0.003082512021660393 0.016058578718190601
leaf_weight=3865.0068990774453 811.4713009186089 336436.75010984018 4001.6613415628672 2470.6675366163254 1453.3465230315924 938.94873621314764 7394.3109352514148 4762.35322984308 1767.001694444567 4797.8529799580574 5991.5534101948142 167.02448962628841 2651.0284701809287 9218.3534582071006 25725.73569753021 8987.1841708682477 1383.6921799294651 432.75095274299383 13138.566377472132 2990.2153374217451 9057.4554620869458 1710.2437176555395 11296.127825453877 1054.6307323388755 2270.7448547333479 2611.6996914818883 1055.0800956636667 9369.7474540732801 1078.195281535387 726.42520080506802
leaf_count=57555 12806 2728326 56794 17619 6896 6390 70754 35832 16558 38208 45217 2555 20701 79580 247060 95360 8900 5381 126538 21157 117565 12277 106288 11127 22251 23207 6532 145110 6677 5938
internal_value=3.2231e-05 -0.000259004 -0.000312483 0.00230745 5.87878e-05 0.00146889 0.000650438 -0.00454846 0.000115395 0.00344299 -0.00324767 0.00517475 0.011319 -0.000733224 -0.00404423 -0.00174074 0.000440665 0.0179816 0.00712397 4.96413e-05 -0.000480091 -0.0154663 -0.000290504 0.00629157 0.00120795 0.00881206 0.0106331 0.0084838 -0.0134631 0.00148886
internal_weight=479616 458311 457499 63292.2 43161.8 40691.1 39237.8 18257.7 13495.4 11728.4 6930.5 20980.1 10045.3 394207 46474.1 37255.8 28268.6 2542.87 20130.4 6991.88 10934.7 1877.27 347733 21305.1 9825.65 6476.71 11479.5 10424.8 3348.94 1159.18
internal_count=4157159 3884700 3871894 595061 390572 372953 366057 142205 106373 89815 51607 223852 91455 3276833 442219 362639 267279 20219 204489 77951 132397 14832 2834614 272459 109690 80762 162769 151642 28928 11319
is_linear=0
shrinkage=0.03


Tree=38
num_leaves=31
num_cat=0
split_feature=32 32 33 33 33 32 33 33 32 32 33 32 32 32 33 32 32 32 33 32 32 32 32 33 33 33 32 32 26 32
split_gain=867.906 1085 941.508 1054.54 1048.72 1108 934.512 1712.46 701.737 1269.15 669.073 627.839 625.2 636.581 623.638 1200.5 919.665 909.705 1064.67 769.178 718.697 616.698 894.185 593.358 533.801 2563.52 797.999 1298.27 1254.74 997.285
threshold=0.01019556447863579 -0.0053038655314594499 0.0015069840592332186 0.002568425028584898 -0.059739705175161355 -0.013018006924539803 -0.040747443214058869 -0.048507720232009881 -0.0093895830214023573 -0.017131999135017392 0.077006325125694289 -0.011543228756636379 -0.026351015083491799 -0.024857878684997555 -0.022055992856621739 -0.0058303989935666314 -0.022725751623511311 -0.0088555663824081404 -0.025970567949116227 -0.026351015083491799 -0.014553854241967199 -0.015421228017657993 -0.014553854241967199 -0.038446523249149316 -0.014882357791066168 -0.015923499129712578 0.0013818392762914302 -0.00018521653692005199 0.02899089548736811 -0.0012608965043909846
decision_type=2 2 2 2 2 2 2 2 2 2 2 2 2 2 2 2 2 2 2 2 2 2 2 2 2 2 2 2 2 2
left_child=1 2 4 -4 5 -1 7 11 9 -9 12 -6 -5 -14 15 16 19 18 -18 -8 -20 -16 -23 -19 25 26 27 29 -28 -3
right_child=-2 24 3 10 6 -7 14 8 -10 -11 -12 -13 13 -15 21 -17 17 23 20 -21 -22 22 -24 -25 -26 -27 28 -29 -30 -31
leaf_value=0.013275686146896531 0.0027461046371990505 0.0018482464623930973 0.030145647295075857 0.040596642058627112 -0.00042109863421172162 -0.029184997683883135 0.0016254646291463978 -0.026861993777211768 -0.035064279819156691 0.010924061558472564 0.043628141328968771 0.034625760143793288 -0.046029590256926482 0.0042475117986252543 0.0047858554502058946 0.039637533119220018 0.0030820709633527931 0.050854164013764316 0.0081950430098667593 -0.021111521699885442 0.030289656662614666 -0.023290454859015302 -0.0021721544862112817 -0.025657228107337397 -0.0022751563558140379 0.022940938997186845 -0.0082283682801032876 0.01926546528294935 0.028782894265043973 -0.022167472729036641
leaf_weight=7852.6246123351157 82886.209717750549 14026.05648957938 1555.0285631753504 403.08131536096334 4969.7260921746492 576.26167284697294 3233.5908848270774 2085.7219362854958 1994.1422568932176 1275.8682570978999 376.84040065854788 486.91474455967546 208.61855027079582 27974.055617142469 11234.578587781638 813.81101500242949 12916.513016276062 81.054179046303034 2734.926284763962 2262.3962803818285 2588.0976974777877 1869.1169056333601 40473.673267964274 1073.0289973206818 228255.91166223213 4433.6116600520909 14993.975243058056 3530.9818256758153 852.90539035573602 1730.1512073427439
leaf_count=84300 791852 122811 9311 7503 52605 13848 26459 21687 12822 18329 5168 7590 2670 275481 106379 8324 99545 2215 20897 26490 20045 14911 308464 13324 1845475 29986 151765 35574 5428 16839
internal_value=-4.56066e-05 -0.000628774 0.0016309 0.00623333 0.000204306 0.0103105 -0.000743287 -0.00900828 -0.0210264 -0.0125408 0.00492954 0.00282128 0.00438924 0.00384296 0.000385887 0.00422554 0.00303678 0.00610609 0.00774644 -0.00777672 0.0190108 -0.00145705 -0.00311492 -0.0195089 -0.00171755 0.00149869 -0.00121864 0.00287849 -0.00620259 -0.000813621
internal_weight=479749 396863 129040 30517.6 98522 8428.89 90093.2 10812.4 5355.73 3361.59 28962.6 5456.64 28585.8 28182.7 79280.8 25703.4 24889.6 19393.6 18239.5 5495.99 5323.02 53577.4 42342.8 1154.08 267824 39567.7 35134.1 19287.2 15846.9 15756.2
internal_count=4158097 3366245 1158367 300133 858234 98148 760086 113033 52838 40016 290822 60195 285654 278151 647053 217299 208975 156026 140487 52949 40942 429754 323375 15539 2207878 362403 332417 175224 157193 139650
is_linear=0
shrinkage=0.03


Tree=39
num_leaves=31
num_cat=0
split_feature=35 35 24 35 35 35 20 35 35 6 21 35 35 35 8 35 26 16 8 35 35 22 16 35 35 35 35 35 35 8
split_gain=821.932 752.432 634.502 465.065 464.692 742.768 548.575 453.124 404.015 324.739 317.859 305.03 546.149 400.678 264.42 262.315 253.69 221.962 220.427 213.872 457.723 285.117 212.918 210.994 370.899 242.902 208.96 266.164 226.314 208.157
threshold=0.21833010017871859 0.22466856986284259 0.027776285074651245 0.1705446392297745 0.45058386027812963 0.42291125655174261 59.730604171752937 0.1784622669219971 0.89911252260208141 -0.031476305797696107 10.837464809417726 0.16237524896860125 0.14826499670743945 0.1394230201840401 -0.035403892397880547 0.18948969244956973 0.042962435632944114 1.0000000180025095e-35 0.036548027768731124 0.19795468449592593 0.18948969244956973 -0.47550711035728449 -0.016722088679671284 0.25190488994121557 0.30004669725894934 0.30883631110191351 0.79561480879783641 0.74449557065963756 0.88213157653808605 0.04374989494681359
decision_type=2 2 2 2 2 2 2 2 2 2 2 2 2 2 2 2 2 2 2 2 2 2 2 2 2 2 2 2 2 2
left_child=3 -2 4 11 5 6 23 18 9 16 15 12 13 -1 -6 17 26 -9 -5 20 21 -12 -13 -3 -25 -26 27 -4 -28 -10
right_child=1 2 8 7 14 -7 -8 10 29 -11 19 22 -14 -15 -16 -17 -18 -19 -20 -21 -22 -23 -24 24 25 -27 28 -29 -30 -31
leaf_value=0.0019991142438006517 -0.014739403607740812 0.0018929224990298574 0.001866162250223681 0.019681754229958388 0.0019568841142383738 -0.014046243403914612 0.0018420507911846601 -0.0062977281581133747 0.010152850554317232 -0.00036843099072176948 -0.01089809437871944 0.0025262796083793683 0.013982657207418928 -0.0090035579486189513 -0.0019685485239197046 0.012734222819324074 0.028360855928003376 0.014245755057159533 0.0014336508433058165 -0.0013222648549930799 0.014782386125458964 0.0043849974848369846 -0.0099394489655074796 -0.011419046986693578 0.0093674310920974346 -0.0046996139312357309 -0.0084308118602077001 0.010007658558429937 0.0099846278263859781 -0.00022151882456662578
leaf_weight=26017.035787515342 3302.9663609564304 3288.4259685240686 52319.50389431417 2852.8098680600524 23484.561729699373 6280.4498450011015 14162.86297775805 1432.2659172005951 5601.9766546823084 221562.44352478534 1469.9884742461145 1868.6271441280842 3079.434950299561 3343.7398649379611 45019.465556930751 5832.2846338003874 309.74936957284808 682.23076747730374 755.79593547806144 8104.017817530781 3043.2099005505443 4162.6085985824466 3567.5158156305552 8336.745053306222 1157.7262920029461 18209.318631526083 3048.4146583862603 3864.0660282000899 728.90948875248432 2520.0521233938634
leaf_count=245908 33260 25989 460767 26869 196448 50255 109260 13792 80208 1940927 13999 11329 35331 33426 349718 42069 1954 5125 6679 72344 21782 37016 22397 60502 10896 139889 30238 33740 7626 38714
internal_value=-2.40714e-05 -0.000521362 -0.000406078 0.00307852 -0.00224109 -0.00439552 -0.00304762 0.00598403 0.000353076 0.000162733 0.00452685 0.00090291 0.00200565 0.000740804 -0.000622653 0.00946206 0.00211483 0.000401889 0.0158888 0.0021811 0.00544909 0.000371987 -0.00566091 -0.00528185 -0.00613425 -0.00384992 0.00196984 0.00242946 -0.00484332 0.00694132
internal_weight=479409 413198 409895 66211.6 119940 51435.5 45155.1 28335.2 289955 281833 24726.6 37876.4 32440.2 29360.8 68504 7946.78 60270.6 2114.5 3608.61 16779.8 8675.81 5632.6 5436.14 30992.2 27703.8 19367 59960.9 56183.6 3777.32 8122.03
internal_count=4158457 3570391 3537131 588066 942957 396791 346536 239675 2594174 2475252 206127 348391 314665 279334 546166 60986 534325 18917 33548 145141 72797 51015 33726 237276 211287 150785 532371 494507 37864 118922
is_linear=0
shrinkage=0.03


Tree=40
num_leaves=31
num_cat=0
split_feature=32 35 33 32 32 35 33 33 33 32 32 33 35 35 32 33 33 33 35 33 32 32 33 35 32 33 33 33 33 32
split_gain=848.995 1127.67 707.766 1164.7 909.096 670.948 660.16 607.277 776.747 1435.86 1088.37 687.164 677.659 591.72 1420.26 580.705 802.384 567.63 554.786 624.972 552.704 549.01 536.155 1367.57 1819.41 1319.66 2004.34 1351.41 1280.24 967.112
threshold=0.01019556447863579 0.21833010017871859 -0.059739705175161355 -0.01810432784259319 -0.041274044662713998 0.79561480879783641 -0.018673303537070748 -0.022055992856621739 -0.015375064685940741 -0.011964013334363697 -0.011150465346872805 -0.014882357791066168 0.20850654691457751 0.22466856986284259 -0.015421228017657993 -0.064229741692543016 -0.054731162264943116 -0.10541613399982451 0.66535919904708873 0.0054054979700595149 -0.0072368879336863748 -0.012596955522894858 -0.034664670005440705 0.25190488994121557 -0.002860693726688623 -0.024687093682587143 -0.026954179629683491 -0.023167964071035382 -0.038446523249149316 0.0030001203995198016
decision_type=2 2 2 2 2 2 2 2 2 2 2 2 2 2 2 2 2 2 2 2 2 2 2 2 2 2 2 2 2 2
left_child=1 2 -1 4 -4 13 -6 21 9 12 11 -10 -9 -3 -15 17 -17 -16 19 -2 -12 -5 23 -18 -25 26 -24 -27 29 -26
right_child=18 5 3 7 6 -7 -8 8 10 -11 20 -13 -14 14 15 16 22 -19 -20 -21 -22 -23 25 24 28 27 -28 -29 -30 -31
leaf_value=0.01250630445315507 0.037862682066670018 -0.013760185252386559 0.022739643238928946 0.0075606414161725121 -0.0086309152934489486 -0.026663080586649367 0.0023319765660678531 0.00022229928537250822 -0.037064277301570282 -0.023659891969350907 0.012007069506370562 0.0014714758025959603 0.036916850462280396 0.036099725004757534 0.017105808991478687 0.018582718109438453 0.046039708236328768 -0.024094071614783448 0.0021707578175383215 0.0079594995199987889 0.038702435987405984 0.023536066567867824 -0.00091654210271758163 -0.019421556778197461 0.021451990573647953 -0.026995082970465115 0.024794975045458151 -0.0011708521663955614 -0.023850001698424203 -0.0054624868879732226
leaf_weight=6359.3161413930357 733.19930646568537 3327.5669270083308 1121.1632462665439 10009.556236162782 13901.9461100474 914.86405165866017 7654.5398567207158 3474.611320078373 412.99795587360859 2575.6022958010435 6103.982186768204 10884.931227896363 500.89068156480789 901.97983308508992 349.40332581102848 1836.0420711524785 402.96803515404463 1707.8271069861948 78090.440110582858 3933.7827197499573 775.96794192492962 2392.8899337016046 7054.1018753536046 6831.2457591407001 2801.1348176114261 1815.2067656740546 4428.7524559386075 294616.4208377488 1245.0327836051583 2081.3747669383883
leaf_count=72311 5911 33474 15650 71262 141017 5915 77346 23836 3169 15311 41695 97850 3290 8715 7090 19223 5315 25224 747935 37495 3455 21839 79365 55918 25538 14475 33044 2434380 9118 21710
internal_value=9.64891e-06 -0.000567267 0.00300684 0.00199295 -0.00336214 -0.00128337 -0.00473952 0.00526357 0.00254271 -0.0063011 0.00573334 -2.13279e-07 0.00500725 -0.00121127 -0.00108237 -0.00118772 -0.00108601 -0.0169993 0.00277306 0.0127989 0.0151214 0.0106758 -0.00119956 -0.00707824 -0.00879841 -0.000944013 0.00902585 -0.0013308 0.00306939 0.0100031
internal_weight=479240 396482 66168.4 59809.1 22677.6 330314 21556.5 37131.4 24729 6551.1 18177.9 11297.9 3975.5 329399 326071 325170 323112 2057.23 82757.4 4666.98 6879.95 12402.4 321276 13361.8 12958.8 307914 11482.9 296432 6127.54 4882.51
internal_count=4157876 3366535 588031 515720 234013 2778504 218363 281707 188606 42437 146169 101019 27126 2772589 2739115 2730400 2698086 32314 791341 43406 45150 93101 2678863 117599 112284 2561264 112409 2448855 56366 47248
is_linear=0
shrinkage=0.03


Tree=41
num_leaves=31
num_cat=0
split_feature=34 35 34 35 34 35 35 34 35 35 35 9 34 34 34 35 35 35 35 35 34 35 35 34 35 35 34 34 35 35
split_gain=875.652 831.413 592.264 1155.43 595.358 1042.26 2589.7 1239.25 946.43 818.188 821.572 574.862 547.579 841.508 610.806 839.943 590.122 1219.35 657.926 1364.59 479.569 605.075 625.17 475.038 605.677 947.975 472.956 1094.41 716.013 893.264
threshold=-0.051768980920314782 0.21833010017871859 0.0056202784180641183 0.84152835607528698 0.020178014412522319 0.42836917936801916 0.527622550725937 0.018549336120486263 0.22466856986284259 0.25190488994121557 0.40745401382446295 -0.009176086634397505 0.049347488209605224 0.046266596764326103 0.047592170536518104 0.5424766242504121 0.27849972248077398 0.27460195124149328 0.30004669725894934 0.30589757859706884 -0.044298728927969926 0.58565238118171703 0.68453484773635875 0.019406237639486793 0.52155479788780224 0.43890498578548437 0.033366149291396148 0.032053120434284217 0.47099089622497564 0.50608089566230785
decision_type=2 2 2 2 2 2 2 2 2 2 2 2 2 2 2 2 2 2 2 2 2 2 2 2 2 2 2 2 2 2
left_child=-1 -2 3 20 5 7 23 9 -6 -4 -11 -8 13 26 -15 -16 17 -14 -18 -20 21 -3 -23 24 25 -7 27 28 -10 -30
right_child=1 2 4 -5 8 6 11 -9 12 10 -12 -13 16 14 15 -17 18 -19 19 -21 -22 22 -24 -25 -26 -27 -28 -29 29 -31
leaf_value=0.0036159044325091132 0.0031561016594964168 -0.013858954538710591 0.023855672764169576 0.0091404953415144333 -0.034581885647264159 -0.02740840031999011 0.010362484575060235 0.023761140725736929 -0.0071169479727138229 -0.00085334040934595585 0.016365583867322359 0.00026308411689866356 0.0025794398057493715 -0.020460093693117097 -0.020235411640326675 0.011168428202698723 -0.015077031857605575 0.042438738812820391 0.036378097870571668 0.00056482314168520035 -0.0023573393727673599 0.012666078411497002 -0.0076735807968612941 -0.037218322608221381 -0.039653681583876305 -0.0012805835328520742 0.0013584631840686946 -0.018523897757253591 0.01856511738496636 -0.00068846557469413384
leaf_weight=53299.415362264961 50373.81278334558 7632.6672392189503 1775.0550049729645 7521.4629492089152 722.12465998902917 1869.474783077836 8722.1165523268282 3676.027815464884 14936.147889938205 12853.652487002313 3073.7120758593082 12086.298016853631 2656.901862706989 3785.440518360585 1334.2497267536819 1746.9050877466798 2337.2150039114058 914.77839655056596 949.60069929808378 77066.630330689251 139366.95158880204 1963.5940981060266 4307.295173112303 856.23546064645052 688.99949480593204 3697.6955518834293 31129.710535764694 3940.6216588951647 2391.513799007982 21526.710989896208
leaf_count=582377 424630 74996 16705 79981 8187 9732 67674 29399 123617 117929 19163 94160 25634 29913 13780 16837 26443 8412 8510 720345 1085690 12594 30851 6077 3372 45115 253265 29678 19733 173001
internal_value=-8.46422e-06 -0.000462182 -0.000947683 -0.00232439 8.32889e-05 0.0029763 -0.000841054 0.007958 -0.00077906 0.00465326 0.00248598 0.00450226 -0.000626687 -0.00238935 -0.0124198 -0.00247335 0.00107032 0.0129677 0.000538396 0.00100995 -0.00288812 -0.00819758 -0.00128463 -0.0164425 -0.0134896 -0.0101211 -0.00145456 -0.00350047 -0.00196804 0.00125055
internal_weight=479203 425904 375530 160792 214738 49299.3 27920.8 21378.4 165439 17702.4 15927.4 20808.4 164716 80791.3 6866.6 3081.15 83925.1 3571.68 80353.4 78016.2 153271 13903.6 6270.89 7112.41 6256.17 5567.17 73924.7 42795 38854.4 23918.2
internal_count=4157800 3575423 3150793 1284112 1866681 409326 226130 183196 1457355 153797 137092 161834 1449168 659824 60530 30617 789344 34046 755298 728855 1204131 118441 43445 64296 58219 54847 599294 346029 316351 192734
is_linear=0
shrinkage=0.03


Tree=42
num_leaves=31
num_cat=0
split_feature=34 32 32 32 32 34 32 34 34 34 34 32 32 34 32 34 32 34 34 34 34 32 34 32 32 34 34 34 32 32
split_gain=843.439 895.683 821.218 801.297 2592.88 1123.81 760.475 1741.24 1058.5 698.549 677.728 598.982 1083.02 671.637 548.494 616.519 901.819 730.113 1065.79 726.323 668.447 887.423 1235.06 1416.81 609.239 721.845 595.093 1523.48 565.545 1077.35
threshold=-0.079633854329586015 -0.041274044662713998 0.01019556447863579 0.001789768517483026 0.0023661317536607389 -0.054370544850826256 0.0031770775094628338 0.081276949495077147 -0.03053368907421827 0.074291475117206587 0.070729009807109847 0.0086359218694269674 0.0049684937112033376 0.076394002884626402 0.0013818392762914302 0.0074763279408216485 1.0000000180025095e-35 0.09017695859074594 0.099228288978338255 0.11112556979060174 0.057090418413281448 -0.0020840164506807919 0.021224041469395164 -0.024857878684997555 -0.019158121198415753 0.023456288501620296 0.019406237639486793 0.026874672621488575 -0.0051399664953351012 -0.0048309725243598214
decision_type=2 2 2 2 2 2 2 2 2 2 2 2 2 2 2 2 2 2 2 2 2 2 2 2 2 2 2 2 2 2
left_child=-1 -2 3 14 -5 -6 7 8 -7 -10 -8 12 13 -12 15 28 17 20 -19 -20 21 22 23 -17 -24 -26 -16 -28 -3 -30
right_child=1 2 -4 4 5 6 10 -9 9 -11 11 -13 -14 -15 26 16 -18 18 19 -21 -22 -23 24 -25 25 -27 27 -29 29 -31
leaf_value=0.0058490202296691751 0.024608450683982767 0.00029317870054475665 0.0025040653935914227 -0.018484593594372416 0.010338258350115198 -0.020990689167048555 -0.0039672159871341137 -0.024389882205014615 0.011347147299162927 0.04395011670005549 0.010488625805404153 -0.0089446116890302182 0.011916805427518757 -0.012696500531378923 0.017098306158571011 -0.024588069446584371 -0.0055362032379359157 -0.029614464675709856 0.01923952032553522 -0.0073558539254974529 0.0084239361461606599 0.0098650065087043451 0.024463899356691934 0.007490136222032851 -0.020497285452418926 -0.0032230650130920771 -0.041106007082775328 0.012643080765995567 -0.023013607215045001 -0.0027453343520964044
leaf_weight=21213.487447239459 1279.0299578383565 78568.245980527252 76221.040480684489 8773.0534397959709 6653.8585421405733 842.79024704545736 97117.169786695391 1476.8458757512271 7277.8385048210621 628.00629717111588 1618.0691840983927 3277.8241190090775 8452.489019498229 3577.9293712973595 3460.1778785698116 1299.5680286549032 13216.866413965821 1426.2902828231454 1250.7047995477915 3369.0613890327513 19809.559572186321 10654.4976038225 634.00676097348332 20483.563706878573 2388.1975176669657 22847.101659912616 641.11146032810211 1662.9545796141028 2443.4427312724292 56710.152416646481
leaf_count=272792 18168 653928 707987 64944 61919 10664 753634 11554 67475 3427 12158 25938 76768 42833 37380 13842 105629 9157 11223 48405 168715 93443 10229 175955 15112 193103 3433 23310 20159 444903
internal_value=3.83404e-06 -0.000267109 -0.000337837 -0.000907131 -0.00271455 -0.00165515 -0.00229888 0.00553133 0.0106264 0.0140414 -0.00300181 0.00253549 0.00530161 -0.00546396 0.000141265 -8.32704e-05 0.00174351 0.00288776 -0.00714019 -0.000103818 0.00366553 0.00204655 0.000295029 0.00555557 -0.00413546 -0.00487279 0.0092678 -0.00253776 -0.001375 -0.00359005
internal_weight=479275 458061 456782 380561 139696 130923 124269 10225.5 8748.64 7905.84 114043 16926.3 13648.5 5196 240866 235101 97379.4 84162.6 6046.06 4619.77 78116.5 58306.9 47652.4 21783.1 25869.3 25235.3 5764.24 2304.07 137722 59153.6
internal_count=4158187 3885395 3867227 3159240 1131314 1066370 1004451 93120 81566 70902 911331 157697 131759 54991 2027926 1963803 844813 739184 68785 59628 670399 501684 408241 189797 218444 208215 64123 26743 1118990 465062
is_linear=0
shrinkage=0.03


Tree=43
num_leaves=31
num_cat=0
split_feature=34 32 32 35 34 35 35 35 34 32 35 35 32 35 34 32 34 35 34 34 34 34 32 34 35 35 35 32 32 34
split_gain=800.615 818.196 824.585 816.239 919.703 813.896 797.289 660.599 564.18 631.668 1836.2 682.801 859.075 552.074 567.804 529.976 1189.86 1134.63 893.952 1078.35 523.007 697.338 622.966 520.763 934.743 949.391 982.935 763.312 1009.92 900.412
threshold=-0.079633854329586015 -0.041274044662713998 0.01019556447863579 0.21833010017871859 -0.071513459086418138 0.1394230201840401 0.7863549292087556 0.79561480879783641 -0.12285920977592467 -0.007640289142727851 0.25866982340812689 0.6519378423690797 0.011868199799209835 0.66535919904708873 0.018549336120486263 -0.020543091930449005 0.058602003380656249 0.20850654691457751 -0.03822719864547252 -0.067316208034753786 -0.071513459086418138 -0.067316208034753786 0.0090181124396622198 0.070729009807109847 0.29060079157352453 0.50608089566230785 0.70370927453041088 0.0037086271913722162 0.0070627711247652778 0.081276949495077147
decision_type=2 2 2 2 2 2 2 2 2 2 2 2 2 2 2 2 2 2 2 2 2 2 2 2 2 2 2 2 2 2
left_child=5 -2 3 4 -3 -1 8 20 -7 10 -10 -11 -13 14 -4 18 -17 -18 19 -6 22 -22 -5 -23 -25 -26 27 -27 29 -29
right_child=1 2 13 7 15 6 -8 -9 9 11 -12 12 -14 -15 -16 16 17 -19 -20 -21 21 23 -24 24 25 26 -28 28 -30 -31
leaf_value=-0.0062883850848279308 0.023594279621545852 -0.018069989366298344 0.036410533332940372 0.0037517787209924067 -0.032677677284427879 0.021724955529152708 -0.0030937813677575062 -0.026761511496891613 0.01296181430615216 0.021748993159338065 -0.032212517380738943 -0.036999697875616626 0.011022322279314933 0.0018419423995737585 0.0078641402824231182 0.0032294134392337531 0.028556356437254113 -0.014846442447267077 -0.006573894518023757 0.012062481674303139 -0.019657317933038206 -0.0018933546333436719 0.034679365592391473 0.024439856719772574 -0.0036957674131588847 0.041894256467421551 -0.011326503130448353 0.013491711385824593 0.018411140595547895 -0.008801770637818793
leaf_weight=4106.6274098791182 1267.6529464609921 1904.0352529808879 731.11312241107225 3198.3588452450931 514.34119717776775 3883.4838829189539 4026.0236987769604 910.31642577797174 2501.798777308315 3720.9123486503959 1172.905570898205 426.11766956374049 1329.4224693626165 71517.738957818598 3922.4509909749031 36392.841911185533 3075.7879052683711 643.99976268410683 10817.98310867697 5290.1149596087635 1888.7905294857919 280992.49540373683 699.46789532899857 1577.4564457498491 17883.12489509955 621.05848993360996 2295.754407312721 2791.4692938737571 4978.4383052065969 3861.8635177128017
leaf_count=50091 18039 19129 5909 35669 3299 55746 60059 5907 27056 46981 13213 9574 9496 664865 37363 278888 21267 7908 108066 55329 21793 2283718 3427 16563 165988 3381 17600 27951 40988 41256
internal_value=-2.21574e-05 -0.000286017 -0.000353359 -0.000923971 0.00233068 0.00567911 0.00856376 -0.00151734 0.0121637 0.0080676 -0.00155341 0.0145055 -0.00091941 0.00249531 0.0124856 0.00302146 0.00488726 0.0210029 -0.00148149 0.0079994 -0.00144404 -0.00157863 0.00945046 -0.00146898 0.00203632 0.000932237 0.00661825 0.00999345 0.00822117 0.000564075
internal_weight=478944 457777 456509 380338 58639.1 21167.3 17060.7 321699 13034.6 9151.16 3674.7 5476.45 1755.54 76171.3 4653.56 56735.1 40112.6 3719.79 16622.4 5804.46 320788 316890 3897.83 315002 34009.2 32431.7 14548.6 12252.8 11631.8 6653.33
internal_count=4156519 3884303 3866264 3158127 493886 272216 222125 2664241 162066 106320 40269 66051 19070 708137 43272 474757 308063 29175 166694 58628 2658334 2619238 39096 2597445 313727 297164 131176 113576 110195 69207
is_linear=0
shrinkage=0.03


Tree=44
num_leaves=31
num_cat=0
split_feature=34 32 35 34 32 33 33 34 32 34 35 32 32 32 32 33 34 34 34 33 33 35 35 26 33 32 32 35 34 34
split_gain=766.483 823.226 862.556 751.416 775.521 682.174 741.096 672.937 637.634 1114.72 1070.45 770.743 681.354 1010.2 596.919 594.295 548.67 741.093 592.462 539.521 823.868 531.847 509.692 497.211 579.049 953.352 901.149 509.121 896.812 631.523
threshold=-0.051768980920314782 0.019189972430467609 0.21833010017871859 -0.044298728927969926 0.01847008336335421 -0.0053850426338613025 -0.011179239954799412 0.030582120642066005 -0.020543091930449005 0.058602003380656249 0.20850654691457751 -0.041274044662713998 -0.015421228017657993 -0.014553854241967199 0.029995904304087165 -0.059739705175161355 0.13775379955768588 0.12774557620286944 0.19208952039480212 -0.0090944641269743425 0.029251633211970333 0.18948969244956973 0.80529150366783153 0.02899089548736811 -0.054731162264943116 0.0062833137344568976 0.011868199799209835 0.059641739353537566 -0.15249514579772946 -0.12285920977592467
decision_type=2 2 2 2 2 2 2 2 2 2 2 2 2 2 2 2 2 2 2 2 2 2 2 2 2 2 2 2 2 2
left_child=5 2 8 4 19 6 23 -3 11 12 -11 -2 21 -14 -7 -13 17 -5 -18 -4 -21 -10 -20 24 25 27 -27 28 -1 -29
right_child=1 7 3 16 -6 14 -8 -9 9 10 -12 15 13 -15 -16 -17 18 -19 22 20 -22 -23 -24 -25 -26 26 -28 29 -30 -31
leaf_value=-0.030317844367117375 0.02139532182261954 0.011057776219848596 -0.015653242707872304 -0.00090391150448584511 0.030721462276091172 0.0092900427880792513 -0.017230717203681162 -0.0013675975655311633 0.0058896432952017406 0.027999822993788656 -0.014571752104887148 0.015498910871122793 -0.021273708148925746 0.0020646790372091973 -0.041448626326223932 -0.0066461713080780572 0.017152966619030437 -0.017832572501265281 -0.02543598761423119 0.004491235037936127 -0.016381270579724827 0.021836885429815055 0.037514830043313692 0.021214663794128313 -0.001130377007327571 -0.032664148884378214 0.0045563965539627731 0.033766599131901158 0.01169454358383535 0.01111580830127977
leaf_weight=616.62703473493457 1099.9860612079501 9982.8845282457769 6333.7723748758435 338906.61242394149 431.29583647847176 15700.638045411557 1844.4658432081342 6447.1950074210763 9970.419737033546 3055.6892407797277 629.52821227163076 1185.2386992685497 1811.2398548573256 18844.098813254386 192.07963898405433 11547.155883029103 2768.5958416908979 2323.5596991926432 574.45946581289172 4367.7483768798411 2762.0933366641402 2308.5608263909817 125.12055820226669 1172.9337663389742 23513.764495372772 896.10087912902236 1610.621834743768 1454.7341940738261 1603.2994893603027 4611.5350929945707
leaf_count=7617 15545 85419 49939 2777322 3151 183453 21701 92541 82295 21184 7810 15913 16900 128331 4660 116916 38983 24169 10104 42377 23264 20558 2495 8991 239855 12772 16218 22031 16941 48231
internal_value=3.07312e-05 -0.000393875 -0.00065847 -0.00117524 -0.00801015 0.00342438 0.0012063 0.0061863 0.00301353 0.00508559 0.0206881 -0.00247141 0.00332823 -4.33021e-07 0.00862549 -0.00456365 -0.000899271 -0.00102022 0.0109387 -0.00929461 -0.00361796 0.00891851 -0.0134474 0.00217395 0.00151097 0.00725694 -0.0089024 0.0121551 -0.000141707 0.0166407
internal_weight=478692 425475 409045 358593 13894.9 53216.8 37324.1 16430.1 50451.9 36619.5 3685.22 13832.4 32934.3 20655.3 15892.7 12732.4 344698 341230 3468.18 13463.6 7129.84 12279 699.58 35479.6 34306.7 10792.9 2506.72 8286.2 2219.93 6066.27
internal_count=4157686 3575216 3397256 2971804 118731 582470 394357 177960 425452 277078 28994 148374 248084 145231 188113 132829 2853073 2801491 51582 115580 65641 102853 12599 372656 363665 123810 28990 94820 24558 70262
is_linear=0
shrinkage=0.03


Tree=45
num_leaves=31
num_cat=0
split_feature=34 35 35 34 35 6 34 35 35 35 34 35 35 34 34 34 35 34 17 34 35 34 35 34 34 34 34 34 34 34
split_gain=697.535 654.894 542.98 537.397 997.62 550.908 505.778 450.984 431.215 865.714 839.575 768.918 644.006 678.819 564.062 634.594 667.088 618.262 441.29 419.315 494.259 1792.19 1441.98 871.267 683.988 1196.08 647.66 1141.38 847.622 770.855
threshold=-0.051768980920314782 0.21833010017871859 0.22466856986284259 0.0035712240496650343 0.84152835607528698 -0.02256476134061813 0.043923599645495422 0.23088207840919497 0.57411360740661632 0.42291125655174261 0.051015950739383704 0.41173607110977178 0.64565208554267894 0.01225033449009061 0.072579029947519316 0.09017695859074594 0.58565238118171703 0.063413232564926161 -0.0032584725413471456 -0.048380721360445016 0.27849972248077398 -0.039083503186702721 0.25866982340812689 0.0010914614540524783 -0.0043197525665163985 -0.015552219469100235 -0.014743878971785305 -0.0082228151150047762 -0.019969875924289223 -0.0075412576552480451
decision_type=2 2 2 2 2 2 2 2 2 2 2 2 2 2 2 2 2 2 2 2 2 2 2 2 2 2 2 2 2 2
left_child=-1 -2 6 4 7 -5 -3 -4 9 11 -11 -7 13 -10 17 -16 -17 -15 -14 -9 21 -21 24 -24 25 -23 28 -28 -22 -29
right_child=1 2 3 5 -6 8 -8 19 12 10 -12 -13 18 14 15 16 -18 -19 -20 20 26 22 23 -25 -26 -27 27 29 -30 -31
leaf_value=0.0032298056274114779 0.0027964798422157361 -0.0064940056942167923 0.0096230685136415254 0.0034591773526433793 0.008890433693843295 -8.3971046743785166e-05 -0.034677122104143053 -0.010639446723861117 0.031058571029380335 -0.0078163978599134487 0.00039001740363140975 0.015266234633693011 0.0029540204261814052 0.0041856463660403225 0.027767078478100355 -0.020267234722696374 0.011817637800638298 -0.011655334893640741 -0.0027229441140868612 -0.033306749765513677 -0.0018592529908415254 0.0026551518806715237 -0.017510588308366035 0.039207040522541148 -0.0082220227913898658 0.037659145549377618 -0.011399000740532302 0.012497207960723192 0.00599752707704091 -0.0029294669148306873
leaf_weight=53200.066971544176 50414.891953703016 2472.477320484817 2627.1423900648952 38663.695675160736 7053.6610052362084 55738.64196781069 731.46817862987518 5979.9618173167109 877.77741313353181 29652.076924100518 18039.643984097987 3080.279609143734 19834.148107316345 13630.300041738898 1712.3937656357884 699.77616834640503 3071.9131061471999 2627.8075589649379 32471.670165888965 2103.1777752675116 51812.627859115601 2741.8815804794431 4901.2246141955256 237.95066053420305 1811.9134048111737 1275.1383245587349 15050.676755081862 3145.5632723383605 16207.186531364918 36881.211379203945
leaf_count=582680 425195 22776 20055 333179 72574 479220 8346 49951 6943 239033 173250 28064 181778 104190 17164 5204 24634 18933 296711 19569 429120 25432 39898 2743 12009 11114 113556 20871 125216 268705
internal_value=-8.21429e-06 -0.000413149 -0.000844624 -0.000738322 -0.0021112 0.000208819 -0.0131035 -0.00264836 -0.00048413 -0.00171066 -0.00471342 0.000724818 0.00125943 0.00548643 0.00442644 0.0127278 0.0057893 0.00161408 -0.000569957 -0.00287648 -0.00253405 -0.00807646 -0.00318663 -0.0147427 0.00701752 0.0138981 -0.00194431 -0.00436192 1.40068e-05 -0.0017115
internal_weight=478748 425548 375133 371929 151829 220100 3203.95 144776 181436 106511 47691.7 58818.9 74925.8 22620 21742.2 5484.08 3771.69 16258.1 52305.8 142149 136169 13071.3 10968.1 5139.18 5828.93 4017.02 123097 55077.5 68019.8 40026.8
internal_count=4158113 3575433 3150238 3119116 1210813 1908303 31122 1138239 1575124 919567 412283 507284 655557 177068 170125 47002 29838 123123 478489 1118184 1068233 110765 91196 42641 48555 36546 957468 403132 554336 289576
is_linear=0
shrinkage=0.03


Tree=46
num_leaves=31
num_cat=0
split_feature=33 33 35 35 33 33 35 35 35 33 35 35 35 33 35 33 33 35 33 35 35 35 35 35 33 35 33 35 14 33
split_gain=624.359 612.501 1855.44 1171.1 945.687 845.117 728.611 509.822 437.448 993.644 866.25 787.197 981.106 701.576 698.813 611.634 587.658 544.304 520.112 571.387 518.523 478.895 478.778 420.27 1275.22 402.193 394.888 394.379 372.003 366.507
threshold=-0.048507720232009881 -0.034664670005440705 0.45529520511627203 0.56957185268402111 -0.022055992856621739 -0.040747443214058869 0.43890498578548437 0.74449557065963756 0.6778777837753297 -0.026954179629683491 0.44545404613018041 0.56957185268402111 0.60956576466560375 -0.033029537647962563 0.18948969244956973 -0.028275797143578526 -0.031214697286486622 0.48698009550571447 -0.023167964071035382 0.43890498578548437 0.29550418257713323 0.1705446392297745 0.42291125655174261 0.19795468449592593 -0.0070511570665985337 0.7863549292087556 -0.033029537647962563 0.89911252260208141 43.750783920288093 -0.031214697286486622
decision_type=2 2 2 2 2 2 2 2 2 2 2 2 2 2 2 2 2 2 2 2 2 2 2 2 2 2 2 2 2 2
left_child=-1 2 5 -4 8 -2 -7 -5 10 13 14 17 -13 -10 16 -15 21 -12 22 20 -20 -3 28 24 -6 -9 -23 -11 29 -16
right_child=1 4 3 7 23 6 -8 25 9 27 11 12 -14 15 18 -17 -18 -19 19 -21 -22 26 -24 -25 -26 -27 -28 -29 -30 -31
leaf_value=0.0049665782233630877 -0.018501803100572638 0.02220141281942864 0.033482836247627538 -0.011976639607956059 -0.0028903815910962614 -0.00063303079417361709 -0.021822908667639866 0.030578296724487451 0.047746321679720594 0.035672794548060112 -0.0020776404040217205 0.025446422320423705 -0.0084216143885840009 -0.032449087495077189 0.0035536823109475011 0.004415233294270445 -0.0025310155841889843 -0.02353070912828387 0.003969592057049315 0.042864559067356117 -0.03023821429570871 -0.039502120120970582 -0.018550065219713294 -0.00066588109494516545 0.010633075127586799 0.0033231303334781853 0.019858918475408077 0.0029184619806733856 0.006885951777742527 0.02323953857807641
leaf_weight=21539.789377231151 6657.7817284613848 1663.8456139601767 1373.8153570443392 1529.6711152493954 13626.863400090486 7822.8460378013551 1776.0242637842894 609.96421502530575 223.9971787892282 1595.8373604677618 1975.4032254107296 1327.8032794483006 1778.5826167650521 548.04048774018884 1026.3730219528079 1398.5899063572288 8479.1286133043468 2298.7754103578627 1091.1522832214832 200.51409110426903 605.00895855203271 217.02369190752506 361.6928113438189 376378.30208045989 11602.477420609444 2178.8267515972257 159.11275439709425 420.75648349523544 2857.5553784407675 5204.966268774122
leaf_count=242451 62095 11770 13652 18582 105066 73269 10071 7800 4892 14027 24247 18413 17103 5582 11121 18379 70711 22391 9109 2695 5597 2688 5307 3191104 104248 21701 2547 3137 22916 34922
internal_value=-2.23422e-05 -0.000257697 -0.00514504 0.00957223 -1.08933e-05 -0.0103037 -0.0045909 0.00184636 0.00483525 0.013883 0.0035313 -0.00534532 0.00612522 -0.000236929 0.00652958 -0.00618774 0.000955144 -0.0136716 0.0116864 -0.00262752 -0.00844229 0.0153292 0.0145586 -0.000414559 0.00333229 0.00945966 -0.0146564 0.0289345 0.015914 0.0200188
internal_weight=478531 456991 21948.9 5692.28 435042 16256.7 9598.87 4318.46 33434.2 4187.22 29246.9 7380.56 3106.39 2170.63 21866.4 1946.63 10519.1 4274.18 11347.3 1896.68 1696.16 2039.98 9450.59 401608 25229.3 2788.79 376.136 2016.59 9088.89 6231.34
internal_count=4157593 3915142 207170 61735 3707972 145435 83340 48083 307554 46017 261537 82154 35516 28853 179383 23961 87716 46638 91667 17401 14706 17005 74266 3400418 209314 29501 5235 17164 68959 46043
is_linear=0
shrinkage=0.03


Tree=47
num_leaves=31
num_cat=0
split_feature=34 35 35 33 35 34 33 33 35 34 33 33 35 35 35 34 33 34 34 35 33 33 33 34 33 35 34 34 35 35
split_gain=697.208 742.173 738.653 698.532 525.6 860.94 756.39 566.272 525.786 515.753 824.447 488.217 1152.9 649.064 516.853 482.14 478.271 465.904 722.457 504.792 522.01 2797.06 1633.9 687.331 1068.6 499.819 621.223 1464.85 1421.47 782.648
threshold=-0.079633854329586015 0.1394230201840401 0.7863549292087556 -0.07850195467472075 0.21833010017871859 -0.071513459086418138 -0.064229741692543016 -0.041936524212360375 0.22466856986284259 -0.12285920977592467 -0.064229741692543016 -0.024687093682587143 0.6519378423690797 0.60535466670990001 0.25866982340812689 0.043923599645495422 -0.059739705175161355 0.13775379955768588 0.12774557620286944 0.89911252260208141 -0.024687093682587143 -0.026954179629683491 -0.023167964071035382 -0.067316208034753786 0.0054054979700595149 0.74449557065963756 -0.010479332413524388 -0.028287952765822407 0.42291125655174261 0.25866982340812689
decision_type=2 2 2 2 2 2 2 2 2 2 2 2 2 2 2 2 2 2 2 2 2 2 2 2 2 2 2 2 2 2
left_child=1 -1 9 -2 5 7 -6 -5 15 -3 -11 13 -13 14 -12 -8 -7 18 19 20 21 25 -22 24 -24 26 27 29 -28 -10
right_child=3 2 -4 4 6 16 8 -9 17 10 11 12 -14 -15 -16 -17 -18 -19 -20 -21 22 -23 23 -25 -26 -27 28 -29 -30 -31
leaf_value=-0.0061172703176243437 0.027418752162627697 0.020709523863310861 -0.0030987355967540659 0.018473066393759185 -0.020893908350085026 0.014013090886411861 -0.0062491578085253352 -0.024641801214389445 -0.021445191969681698 -0.026829569343172266 0.0082442324642668565 0.023846995908775679 -0.034028012898558294 0.017863929871062046 -0.01599680617325493 -0.033828732990289642 0.0023249140058159419 0.0086171868987386553 -0.016141198114223133 0.0076890146968902401 -0.030173748104225375 0.023610876575973536 -0.032822451077998499 -0.00069761090176007404 0.0025270261810383431 0.0084154643096248267 0.022240644374829675 -0.027307050211651595 -0.0063322004570952667 0.0016699522240041999
leaf_weight=4092.6866507530212 800.46668894961476 3878.5306024737656 4044.9491793103516 315.13511768355966 1639.2394343577325 3327.1273290738463 2490.7254342995584 1589.7717778757215 1537.4010139256716 566.04195266589522 1498.2202732227743 3243.5455351024866 324.72825782746077 1853.6306292042136 1636.9043161720037 725.220209158957 54089.367591369897 4964.2154261171818 2658.24192526564 6628.4839820861816 1695.4881409630179 4987.4451234452426 1500.8494369871914 344806.78914447129 1552.8385550677776 4086.1439131759107 2472.6984921097755 2535.5461943000555 4202.9300494715571 8572.6625085957348
leaf_count=50031 12882 56016 60328 5061 21178 31085 22876 14058 11961 13956 11905 48033 7222 12935 12417 8283 454151 76604 29300 97027 12097 40895 14335 2793773 16351 39091 24949 25138 44361 87911
internal_value=8.8227e-06 0.0053327 0.00808566 -0.000237568 -0.000287275 0.0023462 -0.000680821 -0.0173913 -0.000595974 0.0115647 0.00764009 0.00997748 0.0184198 0.00388955 -0.00443362 -0.0126392 0.00300686 -0.000496583 -0.000613857 -0.000505697 -0.000649814 0.00326063 -0.000967632 -0.000823554 -0.0149473 -0.00109188 -0.00310916 -0.00701378 0.0042862 -0.00188048
internal_weight=478318 21139.2 17046.6 457179 456378 59321.4 397057 1904.91 395418 13001.6 9123.07 8557.03 3568.27 4988.76 3135.12 3215.95 57416.5 392202 387238 384579 377951 28394.8 349556 347860 3053.69 23407.4 19321.2 12645.6 6675.63 10110.1
internal_count=4156210 272843 222812 3883367 3870485 504355 3366130 19119 3344952 162484 106468 92512 55255 37257 24322 31159 485236 3313793 3237189 3207889 3110862 274306 2836556 2824459 30686 233411 194320 125010 69310 99872
is_linear=0
shrinkage=0.03


Tree=48
num_leaves=31
num_cat=0
split_feature=34 27 34 34 34 26 34 34 34 8 27 34 34 34 34 34 34 34 34 34 26 34 34 34 34 34 34 5 34 27
split_gain=624.046 658.444 360.018 710.148 488.866 409.501 349.762 473.436 313.174 333.185 285.775 253.174 317.499 250.152 671.325 386.667 260.122 228.986 220.184 221.165 219.563 215.722 714.838 259.264 236.02 368.411 213.208 212.352 209.705 206.038
threshold=-0.079633854329586015 0.19987893849611285 -0.040453832596540444 -0.017826614901423451 -0.044298728927969926 0.02899089548736811 -0.039083503186702721 -0.022534483112394806 -0.067316208034753786 -0.045865649357438081 0.045486874878406532 0.049347488209605224 0.032053120434284217 -0.0043197525665163985 0.0074763279408216485 0.0064267243724316367 -0.0082228151150047762 -0.12285920977592467 0.033366149291396148 0.038053836673498161 -0.045561697334051125 0.13775379955768588 0.12774557620286944 0.065712161362171187 0.058602003380656249 0.057090418413281448 -0.019969875924289223 -0.025127351284027096 0.19208952039480212 0.8750300705432893
decision_type=2 2 2 2 2 2 2 2 2 2 2 2 2 2 2 2 2 2 2 2 2 2 2 2 2 2 2 2 2 2
left_child=10 2 4 6 5 27 -4 -8 20 11 -1 12 -10 16 15 -15 -5 29 -14 -20 -3 22 23 24 25 -11 -9 -2 -23 -12
right_child=1 8 3 13 -6 -7 7 26 9 21 17 -13 18 14 -16 -17 -18 -19 19 -21 -22 28 -24 -25 -26 -27 -28 -29 -30 -31
leaf_value=-0.0046305003107007673 0.0060666000631944732 0.026825632517202918 -0.017634429518670915 0.0029996676521956062 0.015864129311386171 0.024322966966126319 -0.00014938192097593484 -0.017034532836977364 0.00072106883087087715 -0.0016799481487421767 0.01357717334049751 0.0051343679159924459 -0.020580070698602418 -0.0023446912872679576 0.0033298794405389313 -0.017448114160669402 0.01193405135629629 0.0039766113195444912 0.0057881349574675604 -0.0076360351820141904 -0.0078812542467151889 0.0098372219090622458 -0.018505780878424586 0.00099183730975897777 -0.0074937609375048094 0.01020613868690238 -0.0027218180735989307 -0.0016527317727127748 -0.004543490475914745 -0.0010596477774110504
leaf_weight=2415.3643811941147 6003.7129674702883 148.85648495331407 1551.6515346094966 8072.4826448857784 3451.1966392919421 762.02911219745874 13490.15294322744 2563.2163976058364 80926.329581517726 192573.91515488178 5040.8981271982193 10517.059141147882 815.84514607861638 11233.9559160918 45440.897205941379 1747.0606951415539 4604.1106075420976 12510.563761636615 1492.8458536863327 4097.5123749598861 6978.338131967932 2914.2776483185589 2170.8032868467271 37714.411024935544 6154.1418764293194 2356.2071099504828 1483.3236037231982 6845.6333174370229 1310.4668855927885 1040.7947168163955
leaf_count=26394 56589 2111 9708 62394 26495 5040 106089 22972 709684 1553076 78353 92692 6139 84794 398658 12419 31397 153041 12444 38565 69276 45895 23158 330027 68126 19444 12697 62395 23570 14028
internal_value=-5.61503e-06 -0.000237905 0.00181856 0.0010619 0.00581207 0.00324382 -0.00407304 -0.0028544 -0.000867821 -0.00073828 0.00504769 0.000741623 0.00021157 0.00244127 0.00161118 -0.00440111 0.0062583 0.00630863 -0.00620688 -0.0040434 -0.00708334 -0.00132888 -0.00144687 -0.00129026 -0.00171833 -0.00153524 -0.0118272 0.00195786 0.0053761 0.011077
internal_weight=478428 457420 107249 90186.9 17062.6 13611.4 19088.3 17536.7 350171 343044 21007.6 97849.6 87332.5 71098.5 58421.9 12981 12676.6 18592.3 6406.2 5590.36 7127.19 245194 240969 238799 201084 194930 4046.54 12849.3 4224.74 6081.69
internal_count=4157670 3885854 891647 741128 150519 124024 151466 141758 2994207 2922820 271816 859524 766832 589662 495871 97213 93791 245422 57148 51009 71387 2063296 1993831 1970673 1640646 1572520 35669 118984 69465 92381
is_linear=0
shrinkage=0.03


Tree=49
num_leaves=31
num_cat=0
split_feature=6 27 17 35 35 35 35 35 25 35 25 35 35 27 9 17 35 26 26 35 35 35 24 23 25 19 24 9 35 35
split_gain=547.201 397.825 432.222 350.809 369.007 320.399 246.998 245.808 237.206 237.062 226.938 324.612 216.908 204.017 309.744 214.48 199.295 186.889 178.017 168.769 405.49 155.975 169.131 153.744 153.241 149.123 141.801 140.663 139.633 138.484
threshold=-0.035154297947883599 0.12005586549639703 -0.014270564075559376 0.89911252260208141 0.95136055350303661 0.19795468449592593 0.87232092022895824 0.70370927453041088 0.025329492986202243 0.88213157653808605 1.0000000180025095e-35 0.059641739353537566 0.81633129715919506 0.49386480450630194 0.011147971265017988 0.00090519536752253782 0.1705446392297745 -3.8026914950251005e-11 0.042962435632944114 0.79561480879783641 0.84152835607528698 0.87232092022895824 0.02567192725837231 0.21523525565862658 0.036391498520970351 56.036911010742195 0.033851346001029022 -0.0017403011443093417 0.91467610001564037 0.39780005812644964
decision_type=2 2 2 2 2 2 2 2 2 2 2 2 2 2 2 2 2 2 2 2 2 2 2 2 2 2 2 2 2 2
left_child=10 5 3 6 28 16 7 17 -7 -8 11 -1 13 14 26 -15 25 29 -12 27 -21 -14 -23 -11 -18 -2 -4 -9 -5 -3
right_child=1 2 12 4 -6 8 9 19 -10 23 18 -13 21 15 -16 -17 24 -19 -20 20 -22 22 -24 -25 -26 -27 -28 -29 -30 -31
leaf_value=0.026337415968853219 0.0010417658818203635 -0.00066211959517797014 -0.0036903446462106565 0.02558737613764589 -0.0039786878700761473 -0.0022580150703850697 -0.019468789112410744 0.0081224803048202641 0.0027343354203007574 -0.013831069582150135 0.00221498593467679 -0.030529294498516893 0.0042580215414522371 -0.0010069506397237795 0.00083246262734900799 -0.0034721654686690417 0.016965744851880672 -0.0016504954819729959 0.025095110238538273 -0.0074340878777491284 0.0082212484179821129 -0.0093849327669084468 0.00090713767298951158 0.011324733710175769 0.0024095179762800506 0.0095629921060056185 -0.00020388140182858952 0.00013654571119931368 0.010557870179054792 0.0029017273670842599
leaf_weight=100.17182275652885 5375.1649615876377 17125.841218855232 30888.713706616312 965.33553197607398 1116.4023021198809 14482.290202386677 1057.1910900175571 8306.99440054968 20906.521509889513 339.62553254887462 82394.48828664422 377.47019489109516 9676.6415009498596 52063.225367549807 53696.54197030887 81528.191432271153 2272.5827804803848 33746.390336640179 287.39076213538647 3143.0078066326678 2793.482514962554 1811.8911531865597 6653.4669197201729 538.27099779620767 919.30988588184118 2801.6513954848051 15903.701366186142 2607.2910502515733 1397.6567554734647 22941.621645960957
leaf_count=1590 45643 164338 233748 7917 21544 118985 10721 66097 178017 2509 748607 4074 92250 428222 454011 677041 15828 297708 2017 32672 29185 19602 86593 4219 8484 24971 138021 21943 20702 200495
internal_value=-3.20328e-05 -0.000497649 -0.00084648 0.000865671 0.0101898 0.00210008 0.000513195 0.000740537 0.000691177 -0.0100371 0.00217952 -0.0180239 -0.00149871 -0.00174364 -0.000722257 -0.00251172 0.00647682 -6.16934e-06 0.00230056 0.00400757 -6.44237e-05 0.00166006 -0.00131266 0.00150158 0.0128145 0.00397763 -0.00250597 0.00621848 0.016861 0.00137888
internal_weight=478219 395059 348301 96079.1 3479.39 46757.5 92599.7 90664.6 35388.8 1935.09 83159.5 477.642 252222 234080 100489 133591 11368.7 73813.9 82681.9 16850.8 5936.49 18142 8465.36 877.897 3191.89 8176.82 46792.4 10914.3 2362.99 40067.5
internal_count=4157754 3401466 3009538 880050 50163 391928 829887 812438 297002 17449 756288 5664 2129488 1931043 825780 1105263 94926 662541 750624 149897 61857 198445 106195 6728 24312 70614 371769 88040 28619 364833
is_linear=0
shrinkage=0.03


Tree=50
num_leaves=31
num_cat=0
split_feature=34 35 35 33 35 33 34 34 33 34 33 33 33 2 34 34 35 33 34 33 33 35 35 35 35 35 6 34 33 35
split_gain=605.512 716.189 707.548 615.355 457.172 1124.56 901.297 1074.69 711.656 670.329 778.848 531.574 512.754 490.012 484.474 745.152 947.87 519.777 451.301 810.77 446.921 1102.81 589.889 523.7 432.865 562.937 428.201 533.753 478.333 467.034
threshold=-0.079633854329586015 0.1394230201840401 0.7863549292087556 -0.07850195467472075 0.19795468449592593 -0.0049960946198552838 -0.071513459086418138 -0.003217829042114317 -0.064229741692543016 -0.010479332413524388 0.021076834760606292 0.021869794465601448 -0.038446523249149316 -0.023293401114642617 -0.017826614901423451 -0.055723477154970162 0.18948969244956973 -0.059739705175161355 -0.12285920977592467 -0.064229741692543016 -0.024687093682587143 0.6519378423690797 0.60535466670990001 0.25866982340812689 0.88213157653808605 0.95136055350303661 -0.036457944661378854 -0.0082228151150047762 -0.0077770166099071494 0.57411360740661632
decision_type=2 2 2 2 2 2 2 2 2 2 2 2 2 2 2 2 2 2 2 2 2 2 2 2 2 2 2 2 2 2
left_child=1 -1 18 -2 5 6 -5 14 -6 -7 -11 -12 -9 -14 15 -8 17 -17 -3 -20 22 -22 23 -21 -4 -26 27 -10 -29 -28
right_child=3 2 24 4 8 9 7 12 26 10 11 -13 13 -15 -16 16 -18 -19 19 20 21 -23 -24 -25 25 -27 29 28 -30 -31
leaf_value=-0.0062453560666139475 0.025950469955484185 0.019790901417242764 -0.013160826317873584 -0.023484669636660384 -0.020227448860272081 0.0024521036067782008 0.012696386076252184 0.0098085212722672718 -0.0012701124736768624 0.023463436223251553 -0.045516002313379329 0.0057950977111736321 -0.017666835194707364 -0.0038286125004485371 0.013174141168429144 0.022543614850654058 0.019893686735379022 -0.0048458634797764319 -0.026751851471734728 0.0087940361724085266 0.023207375502874602 -0.033616522644811263 0.017440192454958186 -0.015636064984501843 0.015153462188695298 -0.02102710103752848 -0.001741001506158717 0.009362857254405681 0.0014890552048941032 0.00049687782331671792
leaf_weight=4093.6466979123652 787.53683973476291 3812.9963406771421 1983.0916638746858 1380.1598332300782 1633.2040083706379 4294.6944256164134 4855.9849564880133 1465.5083127804101 24027.114985495806 4646.8579696789384 207.65391541272402 884.32614640891552 3717.5276712849736 6039.3343176133931 4717.3467748388648 635.99703322350979 1742.2924287989736 12734.356359291822 564.25783853232861 1497.0462692826986 3229.72687747702 321.90603033825755 1818.0520350709558 1629.467345148325 1567.9605456292629 492.84973946213722 217873.64299792051 11962.510062590241 16535.62970110774 136501.83091172203
leaf_count=50102 12774 55704 28059 11390 21197 39465 42723 27170 204542 33059 2664 10799 29815 48512 33086 7978 9701 108003 13915 11884 47977 7164 12732 12388 20549 11723 1839693 105468 135509 1158085
internal_value=1.47783e-05 0.00499187 0.00771521 -0.000214435 -0.000260774 0.00253005 0.000129146 0.00104933 -0.000584154 0.0114347 0.0181251 -0.00460551 -0.00664081 -0.00912656 0.00454785 0.00249885 -0.000790267 -0.00351128 0.0111497 0.00747757 0.00980833 0.0178977 0.00394914 -0.00395683 -0.00321932 0.00638182 -0.00050432 0.00202302 0.00479845 -0.000879014
internal_weight=477655 21011 16917.4 456644 455856 47322 37288.5 35908.3 408534 10033.5 5738.84 1091.98 11222.4 9756.86 24686 19968.6 15112.6 13370.4 12873.5 9060.46 8496.2 3551.63 4944.57 3126.51 4043.9 2060.81 406901 52525.3 28498.1 354375
internal_count=4153830 272197 222095 3881633 3868859 404365 318378 306988 3464494 85987 46522 13463 105497 78327 201491 168405 125682 115981 161764 106060 92145 55141 37004 24272 60331 32272 3443297 445519 240977 2997778
is_linear=0
shrinkage=0.03


Tree=51
num_leaves=31
num_cat=0
split_feature=32 32 32 33 33 33 32 32 33 32 33 32 32 33 32 33 32 32 33 32 2 32 32 33 33 33 32 33 32 32
split_gain=603.77 672.785 2182.35 583.058 724.639 568.953 768.236 550.374 534.395 1588.74 1184.42 1272.27 917.411 1301.31 802.261 773.91 681.592 604.771 896.825 555.816 549.619 502.219 500.532 511.611 964.816 564.388 1030.55 723.728 1169.2 741.114
threshold=0.01019556447863579 0.001789768517483026 0.0023661317536607389 -0.064229741692543016 -0.054731162264943116 -0.059739705175161355 -0.016042145900428292 0.0013818392762914302 -0.034664670005440705 0.0004800847673323006 -0.012578809168189762 -0.006126526976004242 -0.006126526976004242 -0.0049960946198552838 -0.0042567250784486524 -0.048507720232009881 -0.0093895830214023573 -0.007640289142727851 0.010403670370578768 -0.022725751623511311 0.033289240673184402 -0.0063924952410161487 0.0031770775094628338 -0.028275797143578526 -0.022055992856621739 -0.0090944641269743425 0.0033974709222093229 -0.0049960946198552838 0.0092861321754753607 0.0033974709222093229
decision_type=2 2 2 2 2 2 2 2 2 2 2 2 2 2 2 2 2 2 2 2 2 2 2 2 2 2 2 2 2 2
left_child=1 5 -3 -4 -5 6 -1 8 9 15 11 21 13 -12 -13 -7 19 -15 -19 -17 -14 -10 -6 -24 -25 26 -26 28 -27 -29
right_child=-2 2 3 4 22 7 -8 -9 10 -11 12 14 20 17 -16 16 -18 18 -20 -21 -22 -23 23 24 25 27 -28 29 -30 -31
leaf_value=0.013062939603340767 0.0022938121862949678 -0.01653099723217712 -0.030883555080566505 0.029270537530063093 0.0048982683056592383 0.0025213127268866259 -0.0068271680866387246 0.0091777000908803003 0.0014163149337372346 0.030353253111696621 -0.005150168348394127 0.022940676290902864 -0.0041581758969441197 0.0034076708083435494 0.0073343540645002883 -0.013802489067888571 -0.016641601856597549 0.031124516102591773 0.0068268575267204099 0.0013329909612160283 0.00052598075897556849 -0.021357608236241853 -0.012157299662920449 0.017540394171191173 -0.039837489481463831 0.0009790474549549327 -0.0054822159769581736 0.013509105557344152 0.028516981799093108 -0.0022310851132047761
leaf_weight=6601.0788035877049 82751.918316520751 8909.5918327644467 573.42437444627285 684.29844573140144 10943.613302968442 6751.14910081774 2360.1340064257383 5887.3169332183897 38631.623660743237 1114.3768845051527 15121.0435818322 3636.8361036516726 69353.011215209961 29688.613000500947 15883.338764313608 3436.6948001496494 6963.078649584204 1829.9800779484212 5305.0460531003773 5920.7577732391655 33392.039379138499 871.62000392377377 4122.3349567838013 2344.6836824677885 821.72097216174006 5410.9980727620423 12047.072847116739 2753.562608346343 1846.899670496583 92051.191780377179
leaf_count=75281 792433 69524 7726 5880 102476 71784 35354 66650 311092 8730 121843 29314 548800 286137 141973 35704 51056 14156 43710 61058 285105 5989 48334 22370 5662 37027 90948 22944 10028 748246
internal_value=-3.60514e-05 -0.000523928 -0.0021721 -0.00121219 -0.00107966 0.000405473 0.0078209 0.000132275 -9.23262e-05 -0.00431699 0.000386141 0.00400097 -0.000993472 0.00225521 0.0102625 -0.00601643 -0.00954691 0.00529726 0.0131283 -0.00424337 -0.00263602 0.000903266 -0.00124099 -0.00179514 -0.00142889 -0.00181886 -0.00773434 -0.00107163 0.00804567 -0.00177117
internal_weight=478009 395257 142509 133600 133026 252748 8961.21 243787 237899 24186.1 213713 59023.4 154690 51944.7 19520.2 23071.7 16320.5 36823.6 7135.03 9357.45 102745 39503.2 132342 121398 117276 114931 12868.8 102063 7257.9 94804.8
internal_count=4157334 3364901 1171165 1101641 1093915 2193736 110635 2083101 2016451 228332 1788119 488368 1299751 465846 171287 219602 147818 344003 57866 96762 833905 317081 1088035 985559 937225 914855 96610 818245 47055 771190
is_linear=0
shrinkage=0.03


Tree=52
num_leaves=31
num_cat=0
split_feature=34 34 34 34 34 27 34 34 34 34 34 0 15 26 18 34 34 9 34 34 25 34 27 34 22 34 34 34 19 34
split_gain=543.702 417.2 449.434 841.097 827.023 628.365 639.713 572.986 517.992 505.427 483.332 518.38 447.045 344.424 344.009 343.782 567.399 336.928 337.423 313.181 303.217 296.097 629.575 543.686 406.183 286.654 635.409 283.431 280.356 275.722
threshold=-0.051768980920314782 -0.044298728927969926 -0.033443899825215333 -0.019969875924289223 -0.016650037840008732 0.12005586549639703 -0.0082228151150047762 -0.012866792734712361 -0.02406326029449701 -0.035839064046740525 -0.034658784046769135 -0.02343304734677076 58.338497161865241 -0.00035298291186336423 -0.024471838958561417 -0.0075412576552480451 -0.0066001922823488704 -0.021487196907401081 0.017901685088872913 -0.03053368907421827 0.0086865737102925795 -0.040453832596540444 0.22229123860597613 -0.039083503186702721 -0.69583615660667408 0.13775379955768588 0.12774557620286944 0.065712161362171187 52.760934829711921 0.067046999931335463
decision_type=2 2 2 2 2 2 2 2 2 2 2 2 2 2 2 2 2 2 2 2 2 2 2 2 2 2 2 2 2 2
left_child=-1 -2 9 8 -5 20 7 13 19 14 11 -11 -12 -7 -3 -8 -17 18 -18 -4 -6 22 -16 -23 -24 26 27 -19 -10 -29
right_child=1 2 3 4 5 6 15 -9 28 10 12 -13 -14 -15 21 16 17 25 -20 -21 -22 23 24 -25 -26 -27 -28 29 -30 -31
leaf_value=0.0028485640465142851 -0.0046369537366067574 0.010866756147773641 -0.0083395726206236236 0.0079495085164086078 -0.015032606148250322 0.0069720963698857216 0.0088254006956204143 -0.0093425402622361702 -0.012898667987727997 -0.010226592633803431 0.0075964382698391793 0.019707418139956755 -0.015197309165558306 -0.0043659790681769223 0.014226180985176749 -0.012194205380975024 0.0047104515825545385 -0.0014757016485033951 -0.00024369106154054036 -0.00070197782145924286 0.0034452825229711404 -0.01277510355343635 -0.016075078713974844 0.0013601551452503277 0.0016965390237086539 0.0063143314220957918 -0.016455078944233179 0.0098498789666513157 -0.0028647587759827869 0.00062283965801026079
leaf_weight=52860.393462337554 19710.94743013382 2770.5832180120051 6154.8722663447261 11437.440756510943 795.10397160798311 3905.4097378887236 3616.0749246068299 14090.039262421429 8200.9640687853098 583.74028561264277 2991.8821745067835 4083.8718566596508 1022.624703399837 6231.6576237939298 3213.2977473847568 3638.2090904377401 21749.162002209574 145545.85998359695 28662.451621651649 22238.84125225991 42659.659514926374 3902.9523396976292 1393.480855435133 6508.8914844505489 6375.1067045405507 4873.5397755876184 2356.459628533572 3126.177727766335 3625.0590482540429 39664.353383675218
leaf_count=582050 167017 22966 67485 99934 7342 32811 25634 106872 67860 4739 24807 28380 9248 50607 25240 25572 174910 1204885 246602 170134 355541 29014 10374 57338 53893 77076 25405 24839 33641 345483
internal_value=-2.02203e-05 -0.000377041 -0.000169711 -0.00046635 2.96191e-05 -0.000253125 -0.000778533 -0.00543363 -0.00456272 0.00319326 0.00939277 0.0159362 0.00174358 7.25885e-06 0.000959878 -0.000332779 -0.000466145 -0.000291701 0.0018947 -0.00236228 0.00310043 -0.000332058 0.00310176 -0.00395288 -0.00152432 -0.000855431 -0.00103931 -0.000844704 -0.00983298 0.00130123
internal_weight=477989 425129 405418 372571 332352 320914 277459 24227.1 40219.7 32846.4 8682.12 4667.61 4014.51 10137.1 24164.3 253232 249616 245978 50411.6 28393.7 43454.8 21393.7 10981.9 10411.8 7768.59 195566 190693 188336 11826 42790.5
internal_count=4157699 3575649 3408632 3142633 2803513 2703579 2340696 190290 339120 265999 67174 33119 34055 83418 198825 2150406 2124772 2099200 421512 237619 362883 175859 89507 86352 64267 1677688 1600612 1575207 101501 370322
is_linear=0
shrinkage=0.03


Tree=53
num_leaves=31
num_cat=0
split_feature=34 33 33 35 34 33 35 34 35 35 33 33 34 35 35 35 33 35 34 35 33 34 34 35 35 33 34 33 33 35
split_gain=530.654 574.39 646.533 499.044 470.585 1611.21 921.722 618.647 795.148 1284.16 606.411 746.952 797.729 519.879 518.973 587.684 518.52 855.356 809.921 940.739 677.294 599.233 987.724 517.291 584.371 1030.66 1540.85 1144.11 628.489 985.756
threshold=-0.051768980920314782 -0.0053850426338613025 -0.011179239954799412 0.21833010017871859 0.0056202784180641183 -0.0084456396289169771 0.84152835607528698 0.010124357417225839 0.31297223269939428 0.60535466670990001 0.016183477826416496 0.015615454874932768 0.02578616235405207 0.66535919904708873 0.53556513786315929 0.36820137500762945 -0.026954179629683491 0.26354099810123449 0.008650485426187517 0.41173607110977178 -0.022055992856621739 0.017901685088872913 0.076394002884626402 0.23795892298221591 0.40745401382446295 0.0073428482282906779 0.034743998199701316 -0.0026019623037427659 0.011459405068308117 0.34502233564853674
decision_type=2 2 2 2 2 2 2 2 2 2 2 2 2 2 2 2 2 2 2 2 2 2 2 2 2 2 2 2 2 2
left_child=1 2 -1 -2 6 16 -5 8 -7 14 11 23 -13 -11 15 -10 21 -18 19 -19 -20 -6 -23 -9 25 26 -25 -28 -27 -30
right_child=3 -3 -4 4 5 7 -8 10 9 13 -12 12 -14 -15 -16 -17 17 18 20 -21 -22 22 -24 24 -26 28 27 -29 29 -31
leaf_value=0.0017010029653696094 0.0024540620750942389 0.0076263882633358033 -0.016482911533495254 -0.0024608598604599339 0.01152665291757673 0.028690046766410737 0.008318042807891805 -0.018977639112589463 -0.034390754344264897 0.028645361931990295 0.00048609676347197335 -0.035790131092407515 -0.0061498324326673586 0.0067059544320409413 -0.030485557543720915 0.0020810714518049787 -0.010520131347243205 0.030727740518256021 0.030123199325854635 -0.012648406284497772 0.0098004603729412876 -0.02790111233183085 0.0072833249256446572 -0.0014203384317620713 -0.0039870953517791852 -0.011073001497360407 -0.001417099849365935 0.025711926483630208 0.0094807216631853861 -0.022820195775822661
leaf_weight=35257.8311551027 50281.050437442958 15773.332990381867 1832.2150996886194 152846.40945180133 1576.3164757080376 1247.9590385407209 7470.4666266515851 1659.9624654464424 452.3679180406034 1468.9992868378758 84755.198720309883 1231.8144519738853 2384.9859618060291 2850.9476673752069 817.6364873200655 2501.0592568591237 2105.9330742135644 525.30869650840759 1571.1574642695487 2563.6685954816639 21576.170398358256 1508.8901316225529 1341.5017558448017 9490.4945743717253 53972.359473221004 7016.993520680815 2009.2526624910533 4571.9536070898175 4051.2783728539944 1055.0305144898593
leaf_count=373058 425136 187923 21559 1204288 20754 6696 80059 14093 7455 11609 777507 13428 17881 20853 3514 20304 17822 5595 16381 17619 177419 14310 20467 74341 436176 55477 19657 45024 37718 12754
internal_value=1.0106e-06 0.00283499 0.000794335 -0.000351688 -0.000728379 0.000191268 -0.00195761 -0.000914085 0.00659782 0.00312797 -0.0013222 -0.0030746 -0.0163861 0.0142641 -0.00963698 -0.00369896 0.00631169 0.00780245 0.00928006 -0.00512168 0.0112047 -0.00322515 -0.0114066 -0.0024965 -0.002159 0.00134077 0.00631905 0.0174502 -0.0052584 0.00274393
internal_weight=477769 52863.4 37090 424905 374624 214307 160317 181538 9338.97 8091.01 172199 87444.1 3616.8 4319.95 3771.06 2953.43 32768.9 28342.2 26236.3 3088.98 23147.3 4426.71 2850.39 83827.3 82167.4 28195 16071.7 6581.21 12123.3 5106.31
internal_count=4156877 582540 394617 3574337 3149201 1864854 1284347 1574487 70431 63735 1504056 726549 31309 32462 31273 27759 290367 234836 217014 23214 193800 55531 34777 695240 681147 244971 139022 64681 105949 50472
is_linear=0
shrinkage=0.03


Tree=54
num_leaves=31
num_cat=0
split_feature=32 27 34 34 34 32 32 34 34 32 32 32 32 32 32 32 34 32 32 34 32 32 34 32 8 34 34 32 34 32
split_gain=543.412 738.321 836.473 405.626 448.09 755.038 510.065 603.238 490.694 593.128 580.98 489.133 428.509 495.415 811.945 456.037 407.882 775.43 432.269 404.082 394.461 650.276 1000.09 390.681 380.304 369.935 355.902 439.92 384.804 492.4
threshold=0.01019556447863579 0.31919887661933904 -0.12285920977592467 0.057090418413281448 -0.040453832596540444 -0.041274044662713998 0.0090181124396622198 -0.044298728927969926 -0.039083503186702721 -0.002860693726688623 -0.0031672157347202297 -0.0036088214255869384 -0.024857878684997555 -0.015421228017657993 -0.014553854241967199 -0.034430555999279015 0.0074763279408216485 1.0000000180025095e-35 -0.0027446640888229008 0.0056202784180641183 -0.00043507090595085168 0.0049684937112033376 0.0049310585018247375 0.00084654730744659912 0.03207348287105561 0.01119432505220175 0.085458565503358855 -0.0031672157347202297 0.099228288978338255 -0.026351015083491799
decision_type=2 2 2 2 2 2 2 2 2 2 2 2 2 2 2 2 2 2 2 2 2 2 2 2 2 2 2 2 2 2
left_child=1 3 -3 4 6 -6 7 -1 9 -7 11 12 15 25 -15 -10 20 18 -18 -13 -12 22 -22 -19 -2 -14 -5 28 -28 -30
right_child=24 2 -4 26 5 8 -8 -9 10 -11 16 19 13 14 -16 -17 17 23 -20 -21 21 -23 -24 -25 -26 -27 27 -29 29 -31
leaf_value=0.0012449052072492101 0.0036556690691140438 0.018597579980227943 -0.0017095461395429826 0.0073795347134000284 0.033153133703588356 -0.020085809633233614 0.027787524164902797 0.012743787087537295 0.0063711413018756229 0.02764177011709228 -0.011311389243704223 0.02926670225196051 0.0049551565874837852 -0.021869719429617775 0.0011077292467772252 -0.013738698417728 -0.012687989575821502 -0.015899210019105783 0.011723115363354257 0.0046910338410126682 0.0054831863531322796 -0.011663495952744116 -0.022686594247095349 -0.0017824322590780164 -0.00066689669761264511 0.019598987041347021 -0.024537714429063575 0.004373397138482297 0.03528669698844282 -0.010216439674846452
leaf_weight=26924.397314310074 55263.326343454421 1820.3760263212025 228623.82554028556 15400.696724310517 579.46211874857545 1963.357897862792 745.55095827206969 4826.1053900197148 1446.6080123856664 248.10689459741116 7650.1091164462268 983.83920915797353 8643.2260714918375 1409.9737742356956 43124.32759430632 3305.5396290533245 723.06483069807291 1994.1985416412354 5542.3356268778443 1528.4848403185606 8326.8395843394101 4994.6800549775362 1292.7420048862696 14287.425948917866 27388.39680640772 1879.5974078439176 1067.4118635952473 4771.0109245404601 257.97456910088658 910.45340921729803
leaf_count=271723 521175 32135 1932376 132737 6564 11391 4505 38009 15660 2681 58493 7807 70130 13406 333211 30948 6931 15219 50772 13574 67562 35628 8172 111001 270262 19467 9770 46912 5564 14471
internal_value=1.15641e-05 -0.000451039 -0.00154753 0.00108196 0.000491349 -0.000423724 0.00358511 0.00299967 -0.000607693 -0.0145314 -0.000317617 0.00155555 0.00100841 0.0017553 0.000370763 -0.00761599 -0.00292226 -7.73819e-05 0.00887452 0.0144701 -0.0058006 -0.00290435 0.00165833 -0.00352886 0.00222348 0.00760307 0.00483204 -0.000772284 -0.011694 0.00025486
internal_weight=477923 395272 230444 164828 142420 109924 32496.1 31750.5 109344 2211.46 107133 62321.6 59809.3 55057.1 44534.3 4752.15 44811.4 22547 6265.4 2512.32 22264.4 14614.3 9619.58 16281.6 82651.7 10522.8 22407.5 7006.85 2235.84 1168.43
internal_count=4158256 3366819 1964511 1402308 1192854 878617 314237 309732 872053 14072 857981 504203 482822 436214 346617 46608 353778 183923 57703 21381 169855 111362 75734 126220 791437 89597 209454 76717 29805 20035
is_linear=0
shrinkage=0.03


Tree=55
num_leaves=31
num_cat=0
split_feature=32 34 32 33 33 33 32 34 32 32 34 33 33 33 34 32 32 34 32 34 32 5 34 32 33 32 34 34 33 33
split_gain=510.83 626.362 683.019 613.563 746.353 729.503 626.035 1232.14 562.697 2198.38 973.276 1717.98 1292.06 784.134 1652.82 1021.86 766.49 2558.21 721.717 700.456 579.173 582.85 572.028 692.711 560.402 793.564 601.464 553.954 543.621 850.986
threshold=0.010609809774905445 -0.079633854329586015 -0.041274044662713998 -0.025970567949116227 -0.054731162264943116 -0.07850195467472075 -0.034430555999279015 -0.15249514579772946 0.001789768517483026 0.0023661317536607389 -0.054370544850826256 -0.026954179629683491 0.034461081027984626 -0.0090944641269743425 0.015178224537521602 0.002724128658883274 0.0033974709222093229 0.076394002884626402 0.0084255104884505289 -0.042777672410011285 0.0013818392762914302 -0.016063558869063851 0.017901685088872913 0.0086359218694269674 -0.0067772909533232442 0.0068021658807992944 -0.032057646661996834 -0.046648601070046418 -0.040747443214058869 -0.038446523249149316
decision_type=2 2 2 2 2 2 2 2 2 2 2 2 2 2 2 2 2 2 2 2 2 2 2 2 2 2 2 2 2 2
left_child=1 3 -3 4 5 6 -1 -8 20 -10 11 -11 -13 14 15 -12 17 19 -17 -15 21 -4 -16 -24 25 26 -18 -26 -6 -30
right_child=-2 2 8 -5 28 -7 7 -9 9 10 13 12 -14 16 22 18 24 -19 -20 -21 -22 -23 23 -25 27 -27 -28 -29 29 -31
leaf_value=-0.019921265269164056 0.0022226422817987197 0.021339757384387641 0.0020785009080984849 0.013927390326881112 -0.016463263053039759 0.024740644068439909 0.034372559097448373 -0.011255538301286623 -0.016832034286001607 -0.016497751960297166 0.026266077896497264 0.026876402398007409 -0.0095506643500304252 -0.02039776898474072 0.021831015223588379 -0.019926552427105105 0.018269390816700905 -0.023969049173373815 -0.0026722495057422508 0.014886556801284574 0.0095552608264756998 -0.0011097869034672704 0.0055941068447734662 -0.02948505760050793 0.03094622650052118 0.018581464022297906 -0.014730037220533119 -0.0024589217186714841 0.032193437680954826 -0.0099597676204749453
leaf_weight=924.15848561003804 79002.105547085404 1247.252046443522 76734.628570795059 5204.2287504635751 2620.3496999144554 1729.9657084979117 952.00618239492178 1162.5225485786796 8673.0714370720088 1647.3917242921889 530.42098906636238 3864.9103690832853 1120.3747370392084 519.47177452594042 1501.0021203123033 8784.8365845307708 686.92667646706104 2037.040693320334 2909.622503016144 9003.1812924146652 5750.8742019496858 157465.85152870044 3167.736877206713 582.37284106016159 429.02753888070583 2799.7510693222284 1659.895594149828 92988.363652627915 638.73962996900082 1228.9041840732098
leaf_count=14700 759900 18262 660519 86817 21157 17012 10875 21683 64888 21394 3305 31739 9067 5509 11845 67351 3476 14873 30024 81240 64150 1302204 32641 5709 3214 16194 9949 750115 8018 9139
internal_value=1.91579e-05 -0.000417699 -0.000648579 0.00570727 0.00106573 0.00931094 0.000422266 0.00941679 -0.000721322 -0.00221149 -0.00126446 0.00992275 0.0186845 -0.00184744 -0.00774719 -0.0137871 -0.000909944 0.00639177 -0.0156455 0.012923 0.000166274 -6.50719e-05 0.00631301 1.89763e-05 -0.00176742 0.00785149 -0.00499818 -0.00229891 -0.00769754 0.0046451
internal_weight=477567 398565 384104 14460.9 9256.65 4768.65 3038.69 2114.53 382857 142905 134232 6632.68 4985.29 127600 17476 12224.9 110124 11559.7 11694.5 9522.65 239951 234200 5251.11 3750.11 98564 5146.57 2346.82 93417.4 4487.99 1867.64
internal_count=4156969 3397069 3207668 189401 102584 64270 47258 32558 3189406 1162533 1097645 62200 40806 1035445 150875 100680 884570 101622 97375 86749 2026873 1962723 50195 38350 782948 29619 13425 753329 38314 17157
is_linear=0
shrinkage=0.03


Tree=56
num_leaves=31
num_cat=0
split_feature=32 35 34 32 32 35 0 35 33 33 33 35 33 35 34 34 34 34 34 34 34 34 35 33 32 33 33 34 32 32
split_gain=457.741 661.68 585.831 1231.3 719.621 515.947 508.03 491.132 537.968 455.026 571.313 709.567 738.319 1083.66 576.023 1149.12 661.7 642.571 566.077 523.653 674.889 1007.43 665.631 1051.99 759.559 820.788 539.746 509.02 460.258 453.819
threshold=0.01019556447863579 0.79561480879783641 -0.13885984569787976 -0.034430555999279015 -0.041274044662713998 0.75839194655418407 -0.0082297162152826769 0.66535919904708873 0.0054054979700595149 0.021076834760606292 0.011459405068308117 0.69646304845809948 0.01090001640841365 0.75839194655418407 -0.015552219469100235 -0.058575619012117379 -0.079633854329586015 -0.011635823640972374 0.051015950739383704 -0.12285920977592467 -0.0022934988373890515 -0.0066001922823488704 0.75035858154296886 0.038678968325257308 0.01294582197442651 0.032975133508443839 0.057125721126794822 -0.092207007110118852 0.016984182409942154 0.025316447950899604
decision_type=2 2 2 2 2 2 2 2 2 2 2 2 2 2 2 2 2 2 2 2 2 2 2 2 2 2 2 2 2 2
left_child=1 2 3 -1 -4 6 -6 8 -2 10 11 -9 13 27 15 16 -15 -16 -12 -11 21 -21 24 -24 25 -22 -27 -13 -25 -30
right_child=7 -3 4 -5 5 -7 -8 9 -10 19 18 12 -14 14 17 -17 -18 -19 -20 20 22 -23 23 28 -26 26 -28 -29 29 -31
leaf_value=-0.021574815965707841 0.034834931460601383 -0.025730831781628959 0.018242289193354338 0.021609697809958542 0.0007224837427782971 0.018809252606567677 -0.0014992682559250097 -0.018054159039916119 0.0069983033677771967 0.021157233556308139 0.012923257520469567 -0.036809601743433479 -0.023585032167012972 0.0028776474510312112 -0.027273826304002307 0.012724927031144126 -0.017936978454911073 -0.0024611491440752011 -0.0031973045765910572 -0.006063065932973382 -0.014361077387975466 -0.042918599722168153 0.01715205592279127 -0.012733274558482515 -0.021963166459362797 0.020645488789258089 -0.0061533800110387176 0.012404923707271386 0.013996842878103471 -0.0062880259939293017
leaf_weight=747.48558568581939 727.23236051946878 907.58173121511936 1820.7271181456745 2642.6457670740783 153119.03137627617 1213.8395307287574 234407.23877203092 1587.7554750069976 3924.4597374908626 856.91081559658051 8446.6875459514558 174.02057944983244 947.38704271987081 3442.8948108628392 989.39963736757636 6959.3777902200818 2263.0373791158199 13629.193000074476 2542.1953220590949 8414.8667772747576 2030.4115729257464 706.26895447075367 4307.1920110657811 2290.3644319735467 1946.4529081992805 1763.3283769711852 1077.6501491554081 9707.4713708721101 2016.1965391784906 1919.8788982331753
leaf_count=10044 5901 5940 25894 42752 1313958 13490 1954282 16856 37393 6336 71543 4532 8804 44180 8279 63925 20386 124088 18572 86668 15308 5935 54537 22093 17642 14814 8452 76884 30412 28239
internal_value=2.28492e-06 -0.000422735 -0.000363127 0.0120173 -0.000471201 -0.000559783 -0.00062142 0.00203191 0.0114807 0.00146575 0.00314759 0.00146996 0.00229236 0.00296434 -0.000120738 0.00455852 -0.00541149 -0.00417546 0.00919485 -0.00165366 -0.00240746 -0.00900453 0.0010668 0.00578986 -0.00622597 0.000126203 0.0105081 0.0114656 -0.00209979 0.00412083
internal_weight=477529 394859 393951 3390.13 390561 388740 387526 82670.6 4651.69 78018.9 50689.4 39700.5 38112.8 37165.4 27283.9 12665.3 5705.93 14618.6 10988.9 27329.5 26472.6 9121.14 17351.5 10533.6 6817.84 4871.39 2840.98 9881.49 6226.44 3936.08
internal_count=4158139 3366360 3360420 52796 3307624 3281730 3268240 791779 43294 748485 458049 367934 351078 342274 260858 128491 64566 132367 90115 290436 284100 92603 191497 135281 56216 38574 23266 81416 80744 58651
is_linear=0
shrinkage=0.03


Tree=57
num_leaves=31
num_cat=0
split_feature=6 17 27 35 35 9 33 35 33 33 33 33 33 35 35 35 33 35 33 35 35 33 33 33 35 35 33 35 33 33
split_gain=457.492 358.159 334.665 294.204 330.173 290.911 294.877 243.978 363.479 469.098 234.12 227.916 435.249 322.572 308.314 456.964 310.376 269.068 261.315 378.675 297.959 226.204 213.631 753.764 742.809 727.107 534.536 438.088 382.248 367.395
threshold=-0.031476305797696107 -0.014270564075559376 0.16666666418313983 0.89911252260208141 0.91467610001564037 0.0041678678244352349 -0.012578809168189762 0.87232092022895824 0.012908943928778173 -0.022055992856621739 0.020230571739375595 0.049807082861661918 0.048644645139575012 0.57411360740661632 0.76419660449028026 0.36528639495372778 0.063805449753999724 0.55849176645278942 0.052763333544135101 0.84152835607528698 0.79561480879783641 0.0069533933419734248 0.012265849858522417 0.013968775980174543 0.60535466670990001 0.6335464119911195 0.02291694097220898 0.86123925447464 0.011885866057127716 0.032975133508443839
decision_type=2 2 2 2 2 2 2 2 2 2 2 2 2 2 2 2 2 2 2 2 2 2 2 2 2 2 2 2 2 2
left_child=-1 3 5 7 -5 6 -3 11 9 -9 -10 12 13 17 15 16 -13 -2 20 -20 -16 -6 28 25 26 -24 -25 -26 -15 -28
right_child=1 2 -4 4 21 -7 -8 8 10 -11 -12 14 -14 22 18 -17 -18 -19 19 -21 -22 -23 23 24 27 -27 29 -29 -30 -31
leaf_value=0.0018457728166700648 0.00028635132510479596 0.0040719370390762052 -0.0014962146891328719 0.024674554782917194 0.016884309147766331 0.0032004202571963535 -0.0044880233094372838 0.016471516469212247 0.026684396313879338 -0.030677445394519231 -0.0070196234911509741 -0.011729229396520803 0.026225383298271301 0.0018316363944718094 0.038447145524168891 -0.014801749397798616 0.023980495563684763 -0.0092311550418584243 -0.0090711586386312722 0.021083094269144738 -0.015701371718476125 -0.0024011148732070199 -0.021758925709530273 0.030764896100955241 -0.0012166445287756973 0.031994299924343765 -0.011951262268291584 0.037858776294546002 -0.033900488452870442 0.016339227487100042
leaf_weight=94978.885159505531 57236.275321625173 5268.8408236056566 233805.60861394182 933.38314411044121 789.00432327017188 28057.667504675686 11480.613705381751 227.35065740346909 281.77638733386993 874.08213613927364 465.61230697855353 353.67095693573356 606.65039364993572 16575.499029733241 325.51466254889965 3170.3610853180289 517.65935024246573 2784.3052524030209 1345.6694940812886 496.61694484204054 111.76862407103181 1680.156403452158 250.45873183012009 1330.7146125026047 9947.4593208357692 1541.5904814489186 656.77246463298798 245.09193318709731 253.91724932193756 1045.3389418311417
leaf_count=858130 526509 40113 1981561 7726 9987 237706 88225 1542 2381 8788 4010 5864 5604 139734 2418 34078 5350 22674 9223 4873 2371 31773 1272 11255 87936 11259 4391 3228 1696 7487
internal_value=-1.76172e-05 -0.000480197 -0.00104106 0.00102156 0.00967161 0.00133359 -0.00179369 0.000727263 -0.0100117 -0.0208251 0.00605157 0.000930213 0.00130725 0.00113703 -0.00457223 -0.00953112 0.00954805 -0.000158086 0.00422635 -0.000803486 0.0245255 0.00384757 0.00357646 0.00617522 0.00368297 0.0243245 0.0166643 -0.000204728 0.00125292 0.00541111
internal_weight=477638 382659 278613 104047 3402.54 44807.1 16749.5 100644 1848.82 1101.43 747.389 98795.3 92474.1 91867.4 6321.26 4041.69 871.33 60020.6 2279.57 1842.29 437.283 2469.16 31846.8 15017.4 13225.4 1792.05 3032.83 10192.6 16829.4 1702.11
internal_count=4159164 3301034 2347605 953429 49486 366044 128338 903943 16721 10330 6391 887222 823045 817441 64177 45292 11214 549183 18885 14096 4789 41760 268258 126828 114297 12531 23133 91164 141430 11878
is_linear=0
shrinkage=0.03


Tree=58
num_leaves=31
num_cat=0
split_feature=32 27 34 35 35 35 33 32 35 34 2 33 33 35 35 33 33 34 32 34 34 35 35 34 34 35 33 33 32 34
split_gain=474.978 652.346 725.242 573.306 564.945 559.459 542.008 584.409 686.451 828.91 515.767 433.142 425.401 645.445 930.07 504.982 1093.22 502.49 739.213 561.031 532.536 501.414 693.321 490.499 482.232 631.244 594.423 967.012 928.161 697.782
threshold=0.010609809774905445 0.31919887661933904 -0.12285920977592467 0.79561480879783641 0.75839194655418407 0.66535919904708873 -0.059739705175161355 -0.013018006924539803 0.059641739353537566 -0.15249514579772946 0.020817520096898082 0.0054054979700595149 0.021076834760606292 0.75839194655418407 0.69007462263107311 0.012908943928778173 0.01090001640841365 0.030582120642066005 0.013692543376237156 -0.0082228151150047762 -0.058575619012117379 0.7863549292087556 0.89911252260208141 -0.087091129273176179 -0.12285920977592467 0.83399909734725963 0.031919034197926528 0.030892575159668926 0.01294582197442651 0.065712161362171187
decision_type=2 2 2 2 2 2 2 2 2 2 2 2 2 2 2 2 2 2 2 2 2 2 2 2 2 2 2 2 2 2
left_child=1 6 -3 4 -4 11 7 8 9 -1 -8 -2 13 14 -7 16 23 18 19 -15 21 -20 -23 -16 -14 26 27 -26 29 -28
right_child=5 2 3 -5 -6 12 10 -9 -10 -11 -12 -13 24 17 15 -17 -18 -19 20 -21 -22 22 -24 -25 25 -27 28 -29 -30 -31
leaf_value=-0.031032996259889804 0.033701646337655794 0.017450068206105531 -0.0015982672560843787 -0.026051163456498799 0.018965561437552771 -0.018156603375966546 -0.00032655863262578603 -0.020010256602154157 0.021799689331990859 0.011476257538839591 0.0035260603130561913 0.0082855339066714977 0.020296441828084998 -0.018775992067440288 -0.01496824654809425 0.023894946858230445 -0.02486297537072962 -0.00531759401167981 0.015896385333253736 0.0014627958167122731 0.0082046658110422402 -0.016466042494693717 0.0072536014245759032 0.012908796766408534 -0.0048996608231148533 0.0040826543733292345 -0.0078693091482897135 0.022561359320723676 -0.018383480269967212 0.020368556467794948
leaf_weight=557.93109256774187 719.16613620519638 1796.2578158080578 229647.75183622167 838.64070783555508 1188.8114167936146 1045.0164970606565 116760.65741659701 508.35900411382318 3167.7223559804261 1425.293236348778 42693.774628501385 3423.7209053486586 858.62963968515396 2158.1743715889752 591.09731384366751 2249.3132129572332 808.70900464057922 8437.788483992219 1060.0857944637537 2833.8183971904218 16215.29461652413 2705.6504644230008 1854.6670405864716 8734.2257203198969 5593.9679422266781 8944.3164924345911 2462.7164193093777 1432.7640250623226 5648.9626466371119 1133.5782930925488
leaf_count=6551 5875 32083 1940498 5483 14503 11157 966424 10393 35588 15039 371605 29760 6407 26308 7773 17627 6242 80920 8971 22483 133104 34011 21099 72715 51157 134369 18098 6829 51140 13394
internal_value=7.65094e-06 -0.000413375 -0.00143397 -0.00158188 -0.00149073 0.00213383 0.00102975 0.0101369 0.013178 -0.000673103 0.000705289 0.0128382 0.00153743 0.00319288 0.00878496 0.0110841 0.00819923 0.00105976 0.00306802 -0.00732699 0.00544902 -0.00250215 -0.00682979 0.0111135 -0.00155412 -0.00231364 -0.00583023 0.000747835 -0.0108206 0.00109489
internal_weight=477497 398585 233471 231675 230837 78911.7 165114 5659.31 5150.95 1983.22 159454 4142.89 74768.8 48693.8 13428.4 12383.3 10134 35265.5 26827.7 4991.99 21835.7 5620.4 4560.32 9325.32 26074.9 25216.3 16272 7026.73 9245.26 3596.29
internal_count=4157606 3398167 1992567 1960484 1955001 759439 1405600 67571 57178 21590 1338029 35635 723804 442410 115514 104357 86730 326896 245976 48791 197185 64081 55110 80488 281394 274987 140618 57986 82632 31492
is_linear=0
shrinkage=0.03


Tree=59
num_leaves=31
num_cat=0
split_feature=9 27 9 35 35 35 35 35 1 15 5 29 15 17 37 9 35 24 30 24 35 3 35 26 29 35 35 39 35 35
split_gain=406.341 441.374 236.104 220.725 501.757 386.865 297.334 654.286 256.162 235.959 222.611 217.484 185.734 224.652 182.347 178.203 146.517 192.95 146.143 175.725 143.101 142.031 139.529 134.346 162.577 130.65 139.019 131.553 128.365 179.324
threshold=-0.043158458545804017 0.12005586549639703 0.0041678678244352349 0.57411360740661632 0.52155479788780224 0.51061013340950023 0.60535466670990001 0.60008391737937938 0.002451314241625369 65.592185974121108 -0.019377007149159905 0.89784184098243724 50.00123596191407 0.0018290524603798988 0.12869630008935931 -0.090342335402965532 0.25866982340812689 0.030380387790501121 10.501238346099855 0.026891527697443966 0.42291125655174261 -0.0604276955127716 0.14826499670743945 -0.045561697334051125 0.29909494519233709 0.29060079157352453 0.059641739353537566 0.18288696557283404 0.83399909734725963 0.66535919904708873
decision_type=2 2 2 2 2 2 2 2 2 2 2 2 2 2 2 2 2 2 2 2 2 2 2 2 2 2 2 2 2 2
left_child=14 2 16 4 5 10 7 12 -7 -8 -3 -6 -5 21 23 25 -2 -18 -12 -20 -4 -14 -17 24 -1 26 -16 -28 29 -11
right_child=1 3 20 6 11 8 9 -9 -10 28 18 -13 13 -15 15 22 17 -19 19 -21 -22 -23 -24 -25 -26 -27 27 -29 -30 -31
leaf_value=-0.032447553755494851 0.0023470654532245501 0.0012037140236059363 0.0053522913795506326 -0.0023936255546989807 -0.0077704007815711058 0.014044570099555087 0.00033575359623342255 0.016945175868119229 0.0012593841677927165 0.00072383247028794627 -0.00016768181587938113 -0.0023122694086679381 0.023097832487901534 8.8818277293989205e-05 -0.0082313569539552312 -0.0031496591597911508 -0.0054117069525757115 0.0012822677578751224 -0.0039811503654738796 -0.0013357578823719224 0.00052525827286288953 0.0068369311662990475 0.003125198878126359 0.00062942147270353139 -0.0016916616872251241 0.0053643439495301851 0.0089419337181846879 0.027848602604719063 0.0013122078185460037 -0.0058678858923660081
leaf_weight=224.20364854112267 14718.14366094768 31901.212155099958 20193.616227250546 7094.6516609713435 14185.208253156394 2482.6796590089798 80627.686521362513 2790.9539865739644 3241.6290283836424 5021.8997826352715 47115.788262609392 12268.229414857924 534.27504384145141 6204.9377072677016 181.68646990135312 3496.2828886546195 7213.5913540683687 8334.6504417844117 33220.144193980843 70709.235945064574 7614.2844939492643 4149.6810057871044 34665.917679823935 34520.391804317012 428.43291020393372 3872.5650716125965 662.16286713257432 703.03206263110042 4844.1701327897608 14201.711277857423
leaf_count=2497 120559 289215 180574 49748 112060 22474 705996 25993 29967 45152 428189 99423 3833 46644 2110 34420 54803 71617 248052 619597 62931 30737 324240 300736 4960 45017 7008 9175 63314 116864
internal_value=9.41057e-06 -0.000379611 0.00203733 -0.000791817 -0.00137502 -0.000832231 0.000208178 0.00348484 0.00683402 -0.000442545 -0.00107283 -0.00524276 0.00137936 0.00383754 0.0019783 0.00327468 0.000203333 -0.00182636 -0.00155373 -0.00218194 0.00403189 0.00878205 0.00254897 0.000371041 -0.012908 0.00835677 0.0156841 0.0189398 -0.00304798 -0.00414693
internal_weight=477423 398668 58074.3 340594 215124 188671 125470 20774.5 5724.31 104695 182946 26453.4 17983.5 10888.9 78754.7 43581.6 30266.4 15548.2 151045 103929 27807.9 4683.96 38162.2 35173 652.637 5419.45 1546.88 1365.19 24067.8 19223.6
internal_count=4157905 3427742 490484 2937258 1848977 1637494 1088281 156955 52441 931326 1585053 211483 130962 81214 730163 421970 246979 126420 1295838 867649 243505 34570 358660 308193 7457 63310 18293 16183 225330 162016
is_linear=0
shrinkage=0.03


Tree=60
num_leaves=31
num_cat=0
split_feature=32 27 34 33 33 32 33 20 33 33 32 24 32 32 34 32 33 32 34 34 34 32 33 32 32 33 34 34 32 34
split_gain=415.933 605.167 721.81 413.009 530.963 518.054 506.997 591.722 455.089 477.577 447.481 420.927 403.565 454.149 854.139 390.205 394.879 838.787 780.694 435.368 892.941 622.113 705.236 896.259 580.685 492.819 563.961 712.03 544.485 416.501
threshold=0.01019556447863579 0.24985136836767199 -0.13885984569787976 -0.059739705175161355 -0.036483865231275552 -0.002536405459977686 -0.013303210027515886 52.740474700927741 -0.048507720232009881 -0.040747443214058869 -0.00081005314132198681 0.030664150603115562 -0.013018006924539803 -0.041274044662713998 -0.15249514579772946 0.0090181124396622198 -0.015923499129712578 -0.007640289142727851 -0.003217829042114317 0.008650485426187517 -0.0066001922823488704 -0.0036088214255869384 -0.022055992856621739 -0.012596955522894858 -0.006126526976004242 -0.028275797143578526 -0.058575619012117379 -0.028287952765822407 -0.01810432784259319 -0.017826614901423451
decision_type=2 2 2 2 2 2 2 2 2 2 2 2 2 2 2 2 2 2 2 2 2 2 2 2 2 2 2 2 2 2
left_child=1 3 -3 12 5 8 15 11 -5 -10 -9 -8 13 14 -1 16 19 18 -18 20 21 22 23 25 -22 29 -27 -28 -29 -6
right_child=-2 2 -4 4 6 -7 7 10 9 -11 -12 -13 -14 -15 -16 -17 17 -19 -20 -21 24 -23 -24 -25 -26 26 27 28 -30 -31
leaf_value=-0.030848751803033488 0.0019378807771719294 0.01808189713084447 -0.0013646136208949969 0.0013185003281806441 0.0044192620740597394 0.018080573060488062 -0.0055397642629063078 0.0057838144209338502 -0.01945427231810605 -0.0039123825142963137 -0.0010698686937407359 0.00028504524158413789 -0.018572380944622956 0.018297437629469684 0.018032177787867223 0.026884848096072205 0.016234757214968826 0.022609725124595411 -0.020150806926002265 0.011814298751666575 -0.018264800162330685 -0.010238278460014171 -0.0043605665464540753 0.02311680843118329 0.0080062920803453709 0.032899507066100481 -0.021719269706187497 -0.012634216595816457 0.016133956319175514 0.028119810472916642
leaf_weight=539.48340375348926 82548.455846983939 1709.303619844839 260898.99421431124 4009.155270870775 1631.0581034570932 790.83775498345494 17470.156092714518 23000.523609820753 3378.2369042858481 3762.1239647828043 13653.221907455474 30873.469486590475 397.18528694286942 3232.1303425673395 737.45298528298736 688.8671817779541 1018.8162997290492 2846.9491611421108 1065.4227804020047 4009.3424872942269 2990.7974240444601 2328.7489748969674 3947.0344692245126 3394.903092417866 998.70075361058116 359.23299124836922 1473.2044386453927 972.11949671432376 1451.694948643446 1120.2637350447476
leaf_count=6248 791609 28065 2214879 42592 15315 8389 130235 198111 32618 32259 113817 261674 8363 33727 10464 4233 10917 18282 7188 40175 19827 25156 30656 25566 8602 3126 9785 10414 8018 7987
internal_value=1.52766e-06 -0.000403473 -0.00123667 0.0012523 0.000922159 -0.00509471 0.00154606 0.000357957 -0.00676797 -0.0112993 0.00323168 -0.00182131 0.00977552 0.0123436 -0.00277642 0.00487681 0.00434697 0.0120807 -0.00237958 0.00279302 0.00103326 0.00408494 0.00642043 0.0105116 -0.0116812 0.00435646 -0.00204504 -0.00541782 0.00458693 0.0142028
internal_weight=477298 394749 262608 132141 127235 11940.4 115295 84997.4 11149.5 7140.36 36653.7 48343.6 4906.25 4509.07 1276.94 30297.2 29608.3 4931.19 2084.24 24677.1 20667.8 16678.3 14349.5 10402.5 3989.5 7007.57 4256.25 3897.02 2423.81 2751.32
internal_count=4158297 3366688 2242944 1123744 1064942 115858 949084 703837 107469 64877 311928 391909 58802 50439 16712 245247 241014 36387 18105 204627 164452 136023 110867 80211 28429 54645 31343 28217 18432 23302
is_linear=0
shrinkage=0.03


Tree=61
num_leaves=31
num_cat=0
split_feature=9 34 35 35 35 35 35 34 35 33 34 35 33 35 35 33 33 33 33 35 33 35 34 35 35 35 33 35 33 35
split_gain=389.091 381.787 519.656 750.388 377.682 375.753 444.078 362.104 689.84 995.414 857.211 757.631 531.571 453.078 695.258 844.181 416.667 398.665 515.23 878.29 509.092 424.211 408.32 511.993 393.646 416.153 763.19 705.833 845.806 622.998
threshold=-0.036446301266551011 -0.087091129273176179 0.1394230201840401 0.6519378423690797 0.75035858154296886 0.7863549292087556 0.88213157653808605 0.065712161362171187 0.29060079157352453 -0.00038152282650116826 0.16271792352199557 0.30004669725894934 0.038678968325257308 0.14826499670743945 0.20850654691457751 -0.013303210027515886 0.0037036830326542263 0.028409776277840141 0.030892575159668926 0.60535466670990001 0.02467537205666304 0.69007462263107311 -0.012866792734712361 0.86123925447464 0.30589757859706884 0.50608089566230785 0.018338722176849846 0.5801072120666505 0.035644989460706718 0.5424766242504121
decision_type=2 2 2 2 2 2 2 2 2 2 2 2 2 2 2 2 2 2 2 2 2 2 2 2 2 2 2 2 2 2
left_child=1 2 -1 -4 -5 -6 -7 17 9 13 16 -10 -12 -9 -15 -16 -11 20 19 -19 -2 -21 -23 -24 -13 26 -26 28 -27 -30
right_child=7 -3 3 4 5 6 -8 8 11 10 12 24 -14 14 15 -17 -18 18 -20 21 -22 22 23 -25 25 27 -28 -29 29 -31
leaf_value=-0.005557946695980481 -0.00063055422140018776 0.001024268559337268 0.017042262997013925 -0.018831038113378284 0.022365997006920647 -0.013949827139831891 0.010817505410619729 -0.016627093889317487 -0.023915340557818607 0.038414650994921473 -0.03899801172391746 0.0411788333159534 0.032874140465849064 0.026048486391214532 0.042981335520084527 -0.017262805151356222 0.017156738776614246 -0.017706581809699772 -0.0019075207118283079 0.021405854418623482 0.0065695066634838314 0.01785549469570092 -0.020003525861195727 0.034265147330573835 0.0041725538257300276 0.0062273408381088224 -0.0080454624669744519 0.00067449263900080123 -0.031887850927047809 0.039293141810378823
leaf_weight=2459.9729433935136 271171.61853759922 85731.001425620168 5531.9837999269366 750.29966331645846 782.91213311627507 1238.7303973957896 1330.8625671416521 1212.5570788122714 1100.943021312356 1203.2077998518944 322.31359566748142 198.74284739792347 109.7961679585278 909.70453060790896 232.4866730645299 1214.4784883111715 2815.1599610075355 5156.3051435947418 31551.063909105957 803.58499171584845 9116.0551966875792 514.80096350237727 1183.599167842418 161.35606211423874 8159.5468828752637 5113.2997355274856 10502.895862929523 25180.906239006668 106.82162659987807 1205.1070688180625
leaf_count=30523 2229681 736433 72064 13217 7189 16035 18504 12970 10319 8784 5094 2575 2442 5889 4576 10666 26942 38423 315012 5434 87318 5123 15470 2499 84548 46130 88782 237996 2404 13089
internal_value=4.22802e-05 0.00172898 0.00671421 0.00985259 0.0001228 0.00445124 -0.00113767 -0.000392868 0.0017538 0.00992745 0.01936 0.00047931 -0.0200894 -0.00187639 0.00578921 -0.00712924 0.0236807 -0.000793116 -0.00361914 -0.0105028 -0.000395928 0.00347203 -0.00442233 -0.0130862 0.00102074 0.000845657 -0.00270478 0.00294247 0.0118011 0.0331056
internal_weight=477072 97825.8 12094.8 9634.79 4102.8 3352.51 2569.59 379246 59588 8019.7 4450.48 51568.3 432.11 3569.23 2356.67 1446.97 4018.37 319658 39370.7 7819.65 280288 2663.34 1859.76 1344.96 50467.3 50268.6 18662.4 31606.1 6425.23 1311.93
internal_count=4156131 893965 157532 127009 54945 41728 34539 3262166 563206 77363 43262 485843 7536 34101 21131 15242 35726 2698960 381961 66949 2316999 28526 23092 17969 475524 472949 173330 299619 61623 15493
is_linear=0
shrinkage=0.03


Tree=62
num_leaves=31
num_cat=0
split_feature=32 34 32 32 32 32 32 34 34 34 32 32 34 34 34 32 34 34 34 32 32 34 34 34 32 32 34 32 32 34
split_gain=435.859 514.108 989.885 915.582 856.491 1816.65 586.333 1478.86 905.994 546.896 507.313 980.241 601.564 483.559 535.434 453.327 539.076 1335.38 474.285 732.084 703.643 746.352 606.805 1023.62 984.608 578.649 533.924 521.392 469.759 1465.57
threshold=0.01019556447863579 -0.054370544850826256 -0.0027446640888229008 -0.0036088214255869384 0.001789768517483026 0.0023661317536607389 0.0031770775094628338 0.081276949495077147 -0.03053368907421827 0.070729009807109847 0.0086359218694269674 0.0049684937112033376 0.076394002884626402 0.074291475117206587 0.0064267243724316367 0.0013818392762914302 0.019406237639486793 0.026874672621488575 0.0074763279408216485 1.0000000180025095e-35 -0.0019038675236515699 0.085458565503358855 0.057090418413281448 0.021224041469395164 -0.024857878684997555 -0.041274044662713998 0.099228288978338255 -0.019158121198415753 -0.0031672157347202297 -0.025840445421636101
decision_type=2 2 2 2 2 2 2 2 2 2 2 2 2 2 2 2 2 2 2 2 2 2 2 2 2 2 2 2 2 2
left_child=1 2 3 -1 15 -6 7 8 -7 -8 11 12 -11 14 -10 18 -17 -18 25 20 21 22 23 24 -20 -3 -23 -25 -27 -30
right_child=-2 4 -4 -5 5 6 9 -9 13 10 -12 -13 -14 -15 -16 16 17 -19 19 -21 -22 26 -24 27 -26 28 -28 -29 29 -31
leaf_value=0.0006778983133090957 0.0019608719425846769 0.028348879332638671 0.0094614556547205891 -0.025654986529757597 -0.016221767382794954 -0.019677024757167788 -0.0032809396602772717 -0.022595030601172253 0.017610968434369628 0.0099475036440677036 -0.0080431192636721254 0.011383921826696276 -0.012047188818220719 0.037921800343087245 0.0010954727195895851 0.016103157432463926 -0.0389770852230081 0.011512960807110784 -0.019132661005433253 -0.0049107222582894837 0.008369402677748437 -0.022285516547885829 0.0073669492473400619 0.023144315318120588 0.0070159355298850049 -6.4332066923301556e-05 -0.0019097545639620195 -0.0041003663061973386 0.006802970053828755 -0.007557236819047795
leaf_weight=25171.734854470938 82624.80922697857 575.44861710816622 13319.869755391032 1227.1878829747438 8367.5150460377336 830.2391120903194 96794.037361457944 1464.3728620260954 4207.0212638825178 1611.3843525052071 3253.6397070325911 8464.4590278454125 3555.5316794663668 624.53476490080357 3040.1722118705511 3450.9258543662727 633.93481343984604 1670.1322753317654 1364.6064030826092 13149.110336221755 15930.602357245982 1897.1960156038404 15626.335539989173 628.52024952694774 20442.115374140441 83053.561976596713 2931.2364125475287 25584.488000579178 8343.5294703245163 27203.573016129434
leaf_count=268430 792590 5853 148292 11609 61944 10607 753822 11538 27628 12088 26054 76810 42757 3395 39512 37270 3436 23349 16058 105511 141916 16735 131215 10160 175662 658374 43517 213477 85055 203390
internal_value=-2.01043e-05 -0.000435169 0.00280067 -0.000564715 -0.000797654 -0.00270981 -0.00179441 0.00510159 0.00980352 -0.00241191 0.00256783 0.00510861 -0.00517589 0.0129549 0.0107049 0.000338793 0.00863426 -0.00259461 0.000117741 0.0016687 0.00269461 0.00137231 0.002236 0.000563939 0.00536359 -0.0011519 -0.00997474 -0.00342996 -0.00129979 -0.00418471
internal_weight=477042 394417 39718.8 26398.9 354698 132213 123845 10166.3 8701.97 113679 16885 13631.4 5166.92 7871.73 7247.19 222485 5754.99 2304.07 216730 97554.2 84405.1 68474.5 63646.1 48019.7 21806.7 119176 4828.43 26213 118601 35547.1
internal_count=4158054 3365464 428331 280039 2937133 1066155 1004211 92680 81142 911531 157709 131655 54845 70535 67140 1870978 64055 26785 1806923 854251 748740 606824 546572 415357 191720 952672 60252 223637 946819 288445
is_linear=0
shrinkage=0.03


Tree=63
num_leaves=31
num_cat=0
split_feature=32 27 8 33 32 32 33 32 33 32 33 33 33 19 33 32 32 32 32 32 20 33 32 33 32 32 33 32 33 33
split_gain=392.522 454.346 323.263 270.648 494.75 524.888 483.426 478.006 426.021 302.31 506.499 784.786 424.345 298.539 287.971 523.472 280.67 268.708 339.726 266.613 266.384 461.565 425.953 470.595 455.544 378.052 334.287 648.601 362.56 314.606
threshold=0.019189972430467609 0.19987893849611285 -0.038888890296220772 -0.048507720232009881 0.0056411146651953467 0.014234818983823063 -0.045113515108823769 -0.0027446640888229008 -0.064229741692543016 -0.00043507090595085168 -0.040747443214058869 -0.028275797143578526 0.057125721126794822 15.708993434906008 -0.040747443214058869 -0.002536405459977686 -0.014553854241967199 0.014234818983823063 0.012222175486385824 0.016984182409942154 54.883152008056648 -0.012578809168189762 0.0090181124396622198 -0.015923499129712578 -0.007640289142727851 -0.019158121198415753 -0.059739705175161355 -0.01810432784259319 -0.016399403102695938 0.0030464858282357459
decision_type=2 2 2 2 2 2 2 2 2 2 2 2 2 2 2 2 2 2 2 2 2 2 2 2 2 2 2 2 2 2
left_child=1 20 3 4 7 8 -5 13 -6 14 -11 17 -13 -3 15 -8 -15 18 -12 -14 21 22 23 26 25 -25 -1 -28 -29 -23
right_child=-2 2 -4 6 5 -7 9 -9 -10 10 11 12 19 16 -16 -17 -18 -19 -20 -21 -22 29 -24 24 -26 -27 27 28 -30 -31
leaf_value=0.0092782389568614575 0.0039615967291270239 0.017887864050102072 -0.0014012695850926433 -0.018803333010055615 -0.041082542382480061 0.015176144900131043 -0.023829817385621253 0.035161183091416741 -0.0055505687453953883 0.020361557274661542 -0.01391206342609598 0.0024090886025959516 -0.016683505238046521 0.0094122944174427781 -0.0012038193138549029 0.033787209371306345 -0.0098534401042545527 -0.037545970425527701 0.039030361105722632 0.005540520589078661 0.0035836840353205479 -0.0043113130606812324 0.019805326421178906 0.019815046621680581 0.022572962866931827 -0.01064993188290307 -0.0076325803126785531 0.0039032856970359102 -0.016029480761474771 0.00083175105481338976
leaf_weight=3918.8085050843656 21283.546240378171 1613.7327269297093 228097.65498500317 1174.9924835115671 411.8362472243607 706.19184735789895 1024.073155220598 639.0113401375711 1050.2126650139689 1255.9071120917797 1825.9757878258824 59847.044672325253 1709.963979523629 1685.372072711587 39754.316283240914 146.32275830954313 1112.9559448771179 402.12802232801914 96.878655254840851 664.07900904119015 35830.858533574268 20407.199547741562 1295.4051278494298 562.25474057346582 1904.6529947444797 969.85815260186791 7319.6772088892758 17113.7210861817 843.10285886377096 22478.598387405276
leaf_count=47056 238601 17482 1906985 11752 6397 7785 9105 7852 10235 12545 25207 525359 15302 20960 357008 2268 14912 3589 1442 5407 313340 154724 9778 4632 13016 8596 74991 134882 5895 191898
internal_value=-1.86503e-05 -0.000204648 -0.000747231 0.000548682 0.006164 -0.00578566 0.000171908 0.0112961 -0.0159787 0.000384297 0.00164328 0.00127288 0.00191438 0.00769663 -0.00163981 -0.0161799 0.00173434 -0.015765 -0.0108704 -0.0104725 0.0014484 0.000451693 0.00306532 0.00238906 0.0128561 0.000641373 0.00114896 -0.000117722 0.00295062 -0.00161644
internal_weight=477146 455863 343219 115121 7219.31 2168.24 107902 5051.07 1462.05 106727 65802 64546.1 62221.1 4412.06 40924.7 1170.4 2798.33 2324.98 1922.85 2374.04 112644 76813.3 33927.5 32632.1 3436.77 1532.11 29195.3 25276.5 17956.8 42885.8
internal_count=4159001 3920400 2961592 1054607 85623 24417 968984 61206 16632 957232 588851 576306 546068 53354 368381 11373 35872 30238 26649 20709 958808 645468 298846 289068 26244 13228 262824 215768 140777 346622
is_linear=0
shrinkage=0.03


Tree=64
num_leaves=31
num_cat=0
split_feature=9 25 34 35 33 34 35 33 35 35 33 33 5 35 35 33 35 33 34 33 35 34 33 34 35 33 33 34 35 34
split_gain=362.722 368.922 339.288 586.431 916.946 783.9 693.774 494.558 439.365 644.76 816.295 402.937 401.085 370.607 423.421 777.874 704.938 741.554 1388.46 669.513 557.296 666.446 751.8 473.209 466.624 425.103 485.852 943.738 418.347 409.706
threshold=-0.043158458545804017 1.0000000180025095e-35 0.065712161362171187 0.29060079157352453 -0.00038152282650116826 0.16271792352199557 0.30004669725894934 0.038678968325257308 0.14826499670743945 0.20850654691457751 -0.013303210027515886 0.0037036830326542263 -0.020809723064303395 0.30589757859706884 0.50608089566230785 0.018338722176849846 0.72515371441841137 0.035644989460706718 0.11634959653019906 -0.0053850426338613025 0.55849176645278942 0.072579029947519316 0.0030464858282357459 0.067046999931335463 0.83399909734725963 0.028409776277840141 0.025467921979725364 0.099228288978338255 0.84978994727134716 0.09017695859074594
decision_type=2 2 2 2 2 2 2 2 2 2 2 2 2 2 2 2 2 2 2 2 2 2 2 2 2 2 2 2 2 2
left_child=1 -1 12 4 8 11 -5 -7 -4 -10 -11 -6 -2 -8 15 -15 17 19 -19 -16 23 22 -22 -21 -18 26 27 -17 -26 -28
right_child=2 -3 3 6 5 7 13 -9 9 10 -12 -13 -14 14 16 25 24 18 -20 20 21 -23 -24 -25 28 -27 29 -29 -30 -31
leaf_value=-0.027078132732897754 0.0015526613214012252 0.0020179995274432314 -0.016521462613547408 -0.022931139159770082 0.036844785867069463 -0.037942293401834436 0.040254416780781975 0.031293768380482416 0.025066547194099797 0.042094250915330013 -0.016570898623266057 0.016003589108071366 -0.0011950737054385392 0.0042105235997203063 0.019088583536730999 -0.01674283676702179 -0.0082310439920650711 0.035099309068674742 -0.0016548274499516109 0.039900977225567305 0.042291539860412862 0.0032598469514069001 -0.015697617089846461 0.0074775787333663602 0.016347311651993119 -0.0024666976617947751 -0.0042650468292475844 0.020823391240829377 -0.0016870509055103265 -0.03666677070644421
leaf_weight=374.25627589970827 57625.653559025377 78293.567073943093 1220.8486686870456 1088.4662175402045 1204.7740168944001 319.84187353402376 196.1984613314271 110.66688376665115 908.68033143877983 237.17808031663299 1245.022234596312 2842.9494062364101 280275.6964957118 8318.9890064150095 2175.2452188245952 2420.0663916915655 6449.2627057097852 2027.5036683753133 1684.2440495975316 479.80200292170048 194.879991710186 7887.0615679062903 3380.4604357518256 2217.8348073586822 1619.5802501514554 5747.2920964248478 500.23838077485561 780.32746881246567 3927.7467339448631 1206.3953535854816
leaf_count=4262 504972 726364 13097 10304 8884 5094 2554 2485 5877 4692 10963 27324 2352351 85852 21004 15689 50222 20680 20832 2839 2424 71619 23899 19724 11671 54166 5280 5857 58635 8977
internal_value=1.14688e-05 0.00187273 -0.000356229 0.00171456 0.00922076 0.0182602 0.000550427 -0.0195453 -0.00202621 0.00545111 -0.00674799 0.0223575 -0.000726411 0.00105825 0.000891799 -0.00265828 0.00299418 0.00643395 0.0185023 0.00367249 0.00128071 -0.00161253 -0.0123191 0.0134956 -0.00275503 -0.00801935 -0.0144864 -0.00751091 0.00361802 -0.0273288
internal_weight=476961 78667.8 398293 60391.6 8089.96 4478.23 52301.6 430.509 3611.73 2390.88 1482.2 4047.72 337901 51213.1 51016.9 18973.3 32043.6 20047 3711.75 16335.3 14160 11462.4 3575.34 2697.64 11996.6 10654.3 4907.03 3200.39 5547.33 1706.63
internal_count=4158593 730626 3427967 570644 78416 43787 492228 7579 34629 21532 15655 36208 2857323 481924 479370 175821 303549 183021 41512 141509 120505 97942 26323 22563 120528 89969 35803 21546 70306 14257
is_linear=0
shrinkage=0.03


Tree=65
num_leaves=31
num_cat=0
split_feature=32 27 2 32 32 32 39 26 7 32 16 32 32 32 26 32 21 32 32 32 32 32 2 29 39 32 12 32 32 32
split_gain=364.383 495.251 437.393 376.494 392.533 374.922 534.596 374.477 357.955 336.774 296.049 233.175 320.98 240.803 217.725 195.63 180.509 180.305 239.278 579.914 174.414 530.201 170.029 185.991 158.162 156.574 147.26 142.805 410.224 169.655
threshold=0.01019556447863579 0.47244496643543249 0.02529715467244387 -0.0063924952410161487 -0.0072368879336863748 -0.00081005314132198681 0.61815568804740917 0.02899089548736811 0.051450630649924285 0.0090181124396622198 -0.010202886071056126 0.01294582197442651 0.019189972430467609 0.011387885082513096 -0.0051313117146491996 -0.0010327456984668968 1.0000000180025095e-35 -0.00043507090595085168 0.007810059469193221 0.0075137966778129348 0.001789768517483026 0.0020761874038726096 -0.061969649046659463 0.90616562962532055 0.13561781495809558 0.001789768517483026 4.2503769397735605 -0.02856467571109533 -0.024857878684997555 -0.015421228017657993
decision_type=2 2 2 2 2 2 2 2 2 2 2 2 2 2 2 2 2 2 2 2 2 2 2 2 2 2 2 2 2 2
left_child=1 2 3 4 27 6 15 14 11 -9 17 13 22 -2 -5 -4 25 -3 19 20 -19 -22 24 -24 -13 -16 -14 -1 -29 -30
right_child=8 10 5 7 -6 -7 -8 9 -10 -11 -12 12 26 -15 16 -17 -18 18 -20 -21 21 -23 23 -25 -26 -27 -28 28 29 -31
leaf_value=0.0048167114238776322 0.0016196341876934946 -0.0020146560921598688 0.010906713585515742 0.0013836803341077085 0.0095023919503613146 -1.1961692963794592e-05 0.002838294513872559 -0.0010063012928672173 -0.0020890455169542701 0.03081764296961809 -0.0024860802883641116 -0.0013612673075926252 0.0069031866809644892 0.0084378587936558749 0.0033662283472669367 0.034928756729377772 -0.0030517976836504247 0.0065420373897228136 -0.003197879335366664 0.022105132480367218 -0.021410936152903789 0.0015789545093433106 -0.0042455644971359169 0.0012538115697961389 0.0071786376309823487 -0.0035663726103675551 0.00077544096679673399 -0.0090694521434141941 0.0032066544198512377 -0.00025155784871467061
leaf_weight=7053.9342431500554 8016.6762647368014 21367.340122498572 7031.9776055179536 16751.248468212783 4977.5906210802495 24873.332645744085 26173.60379114747 586.10565057396889 16857.522130731493 588.94176921248436 113388.59625192359 3373.9841461256146 11441.280013952404 11158.219325952232 8118.268192909658 304.34681430459023 63010.698896504939 5501.5671369731426 7727.4813418500125 1308.6368877626956 925.03082693368196 20206.965846713632 11222.775602243841 10888.021816708148 4592.7086454853415 4564.0596317797899 5108.258831281215 3902.5695318467915 19689.595400236547 36241.108592558652
leaf_count=81453 75475 198994 66558 143980 33656 215538 225728 5297 173528 3326 942597 28555 122089 105249 63563 2914 513526 52953 64997 9323 6936 175143 95373 93576 42727 36869 55584 47538 169000 306690
internal_value=-1.23605e-06 -0.00038092 0.000546744 -0.000240968 0.00139204 0.00277879 0.00484904 -0.00149454 0.00180955 0.0151929 -0.0015994 0.00280864 0.00166213 0.00559194 -0.00170989 0.0119955 -0.0023947 0.000163552 0.00146877 0.00276071 0.00179435 0.000553303 -0.000184815 -0.00153882 0.00356754 0.000869668 0.00501499 0.000785829 0.000309165 0.000966567
internal_weight=476952 394293 223867 165484 71864.8 58383.3 33509.9 93619.3 82659.4 1175.05 170426 65801.9 46627 19174.9 92444.3 7336.32 75693 57037 35669.7 27942.2 26633.6 21132 30077.5 22110.8 7966.69 12682.3 16549.5 66887.2 59833.3 55930.7
internal_count=4158735 3366579 1915636 1404898 638337 510738 295200 766561 792156 8623 1450943 618628 437904 180724 757938 69472 613958 508346 309352 244355 235032 182079 260231 188949 71282 100432 177673 604681 523228 475690
is_linear=0
shrinkage=0.03


Tree=66
num_leaves=31
num_cat=0
split_feature=6 10 33 33 35 35 35 35 33 35 33 35 35 35 35 35 35 33 35 33 33 35 33 35 33 33 33 35 35 33
split_gain=319.555 349.821 268.399 377.103 490.692 584.768 464.139 799.441 448.174 481.607 390.603 369.797 373.411 367.614 354.579 264.918 393.767 286.179 483.396 432.971 562.529 441.525 1022.05 493.517 466.493 530.364 681.337 340.102 272.076 589.098
threshold=-0.036457944661378854 -0.022444380447268483 -0.012578809168189762 -0.0090944641269743425 0.34502233564853674 0.48698009550571447 0.30004669725894934 0.29060079157352453 0.0015069840592332186 0.21833010017871859 0.0022924124496057634 0.27460195124149328 0.27849972248077398 0.30883631110191351 0.71065285801887523 0.57411360740661632 0.55849176645278942 0.049807082861661918 0.75839194655418407 0.012265849858522417 0.011885866057127716 0.60535466670990001 0.013511817436665298 0.86123925447464 0.014746565837413074 0.02291694097220898 0.032975133508443839 0.86123925447464 0.19795468449592593 -0.0049960946198552838
decision_type=2 2 2 2 2 2 2 2 2 2 2 2 2 2 2 2 2 2 2 2 2 2 2 2 2 2 2 2 2 2
left_child=-1 15 -3 14 6 -6 7 8 9 -5 -10 -12 -13 -8 -4 16 28 19 -19 20 -17 24 23 -23 -21 -26 -27 -24 29 -2
right_child=1 2 3 4 5 -7 13 -9 10 -11 11 12 -14 -15 -16 17 -18 18 -20 21 -22 22 27 -25 25 26 -28 -29 -30 -31
leaf_value=0.001737662770201525 -0.00016640894064199547 0.00081062022687757821 -0.0074581983616517069 0.0040193805774366726 -0.0048748773878206607 -0.00068985996141381881 0.019117961111141377 -0.012891920614718673 0.031479602990798813 -0.0085767807938884489 0.0014681039380925712 0.02808002497524827 0.0061679675681591386 0.0045186227357327628 0.011878335675822114 0.0010118863261333896 -0.0088566124373516096 -0.015548300881217361 0.0029416142014864598 -0.02143663630495523 -0.032191243562674492 0.033522422860243761 -1.394790009243613e-05 -0.0068393363012885294 0.028922655659818428 -0.010189287990080171 0.020736897055486144 0.010598238815076965 -0.00041927706573588019 0.013720133531516595
leaf_weight=78824.974167121574 8483.1032212376595 53796.04262345843 13542.913940891623 5137.5496917180717 44382.851573567837 92981.36403959617 1876.7490695416927 3849.0829035080969 484.54482673108578 5792.5736326351762 9223.0948528423905 1020.6166595369577 2187.5521769300103 8674.1747187227011 893.17945401370525 26911.652962174267 4483.2538949325681 2058.9415489882231 3267.7178013175726 293.47611567378044 447.19943097233772 1404.3038925379515 15148.988336596638 329.69971423968673 1825.1125055290759 1088.0593155957758 1508.6277016848326 3292.1998486556113 79454.192090507597 4047.504449903965
leaf_count=722455 82029 462697 94997 35014 360666 785690 20119 27900 2240 47011 91774 9416 19079 79147 9202 233948 39102 19675 32405 1495 2766 8496 134592 6841 16354 7249 10532 41146 716699 37281
internal_value=-7.16015e-06 -0.000352896 -0.00105988 -0.00158939 -0.00120584 -0.00204257 0.00179883 -0.000242236 0.0018087 -0.00265961 0.00558831 0.00453018 0.0132696 0.00714674 -0.00624704 0.000766216 -0.000194983 0.00237621 -0.00423682 0.00305175 0.000446039 0.0059132 0.00397354 0.0258576 0.0141606 0.0166091 0.00779943 0.00189001 0.00022901 0.00433379
internal_weight=476711 397886 243842 190046 175610 137364 38245.9 27695 23845.9 10930.1 12915.8 12431.3 3208.17 10550.9 14436.1 154044 96468.1 57576 5326.66 52249.3 27358.9 24890.5 20175.2 1734 4715.28 4421.8 2596.69 18441.2 91984.8 12530.6
internal_count=4158017 3435562 2044952 1582255 1478056 1146356 331700 232434 204534 82025 122509 120269 28495 99266 104199 1390610 875111 515499 52080 463419 236714 226705 191075 15337 35630 34135 17781 175738 836009 119310
is_linear=0
shrinkage=0.03


Tree=67
num_leaves=31
num_cat=0
split_feature=32 34 32 32 27 33 33 32 33 2 34 34 32 33 32 32 34 34 34 34 32 34 33 34 32 33 32 32 32 9
split_gain=362.243 442.22 702.883 712.573 453.732 464.684 637.724 875.691 484.167 602.65 462.652 1136.12 453.388 599.9 809.601 706.987 434.528 801.553 625.288 422.62 408.523 577.623 483.98 386.085 530.789 373.131 363.725 640.122 590.728 358.251
threshold=0.019189972430467609 -0.074805337935686098 -0.019158121198415753 -0.024857878684997555 0.31919887661933904 -0.048507720232009881 -0.036483865231275552 -0.002536405459977686 -0.012578809168189762 0.023821466602385048 -0.029658703133463856 -0.014743878971785305 -0.013702181633561848 0.0080125415697693842 -0.0084964241832494718 -0.012596955522894858 -0.071513459086418138 -0.087091129273176179 0.030582120642066005 0.043923599645495422 -0.006126526976004242 -0.067316208034753786 -0.011835704091936348 -0.067316208034753786 -0.0093895830214023573 0.012908943928778173 0.0065555556211620578 0.011868199799209835 0.0045168031938374051 -0.009176086634397505
decision_type=2 2 2 2 2 2 2 2 2 2 2 2 2 2 2 2 2 2 2 2 2 2 2 2 2 2 2 2 2 2
left_child=1 2 3 -1 5 10 7 23 -8 20 -3 -12 -4 14 15 -14 17 -2 29 -13 21 -10 -23 -7 -25 -15 28 -28 -16 -18
right_child=16 4 12 -5 -6 6 8 -9 9 -11 11 19 13 25 26 -17 18 -19 -20 -21 -22 22 -24 24 -26 -27 27 -29 -30 -31
leaf_value=0.0016939572370112839 0.0022474453840408133 0.01377970165110828 0.021192394372627262 -0.022131457794667905 -0.001138202336312448 -0.029870118976764802 0.0038767356137578198 0.027247501290963014 -0.03975633791827813 0.0031927619585953694 -0.030470738330627044 0.024164081679372229 0.0062315831594137684 0.029127342845023559 0.0055397947803289445 -0.030312042734560035 0.014033586110322358 -0.031989226820510294 -0.0018353907285055314 -0.014624692079837661 -0.0030061779829905289 -0.018198451527898143 0.0032588788972872369 -0.0011894092917911873 -0.020638827240976303 0.0092482963709920665 -0.030589725837895394 0.0053329566188161179 0.035151392574862279 0.0031628869932182851
leaf_weight=4004.2656489387155 2497.105851303786 4677.1724905446172 1871.4499494060874 1552.452206119895 272006.44004575908 882.07698935270309 37710.270275417715 548.52461495995522 277.43240611255169 35107.438702985644 813.83693042397499 965.78864448517561 767.7993091121316 1064.9304359741509 2977.0632347017527 1210.9122754856944 7058.6677075624466 795.76170825585723 6426.6197717785835 324.86966094002128 53012.804569881409 969.38844037801027 21705.556567445397 3330.0205763764679 2016.9386473670602 4102.6811745278537 567.17954025045037 1845.580727621913 744.92155949771404 4463.1499621011317
leaf_count=52313 31432 42024 15296 16429 2297386 6569 304000 6605 2063 299585 10138 16678 6148 17132 43119 13734 65667 10282 92583 5585 410677 7188 188617 38896 13746 56490 14018 21419 10083 38620
internal_value=-6.05106e-06 -0.00018487 0.00409595 -0.00501796 -0.000389154 0.000865872 0.000530206 -0.0084558 0.000940631 -5.67248e-05 0.0085413 -0.00312101 0.0074404 0.00547364 0.000378233 -0.0162116 0.00382141 -0.00616944 0.00565919 0.0143264 -0.00155893 0.00178348 0.00232632 -0.011677 -0.00857554 0.0134414 0.00576443 -0.00329363 0.0116225 0.00983543
internal_weight=476299 455058 20709.2 5556.72 434349 162342 155560 6777.56 148783 111073 6781.67 2104.5 15152.5 13281.1 8113.46 1978.71 21241.3 3292.87 17948.4 1290.66 75965.2 22952.4 22674.9 6229.04 5346.96 5167.61 6134.75 2412.76 3721.98 11521.8
internal_count=4154522 3915938 266181 68742 3649757 1352371 1277946 65816 1212130 908130 74425 32401 197439 182143 108521 19882 238584 41714 196870 22263 608545 197868 195805 59211 52642 73622 88639 35437 53202 104287
is_linear=0
shrinkage=0.03


Tree=68
num_leaves=31
num_cat=0
split_feature=32 35 35 33 35 35 32 34 33 33 32 33 33 34 34 35 34 35 33 33 33 34 35 32 34 34 34 34 33 32
split_gain=330.326 521.264 453.313 471.241 433.476 464.659 1994.86 1554.05 2305.8 1046.39 1713.88 1128.48 973.618 574.777 599.978 626.277 530.687 844.158 551.148 488.476 780.34 1203.08 931.602 1098.9 887.603 584.848 1238.89 918.227 552.555 802.806
threshold=0.01019556447863579 0.79561480879783641 0.66535919904708873 0.0054054979700595149 0.75839194655418407 0.64565208554267894 0.0090181124396622198 -0.046648601070046418 -0.026954179629683491 0.0037036830326542263 0.0086359218694269674 0.025467921979725364 0.034461081027984626 0.065712161362171187 0.0292382100597024 0.6778777837753297 -0.027107475325465199 0.70370927453041088 -0.019171130843460556 -0.048507720232009881 -0.034664670005440705 0.058602003380656249 0.45529520511627203 0.0030001203995198016 -0.079633854329586015 -0.029658703133463856 -0.014743878971785305 0.043923599645495422 -0.024687093682587143 -0.013018006924539803
decision_type=2 2 2 2 2 2 2 2 2 2 2 2 2 2 2 2 2 2 2 2 2 2 2 2 2 2 2 2 2 2
left_child=1 4 3 -2 5 6 19 8 -7 13 11 -11 -10 14 15 -9 18 -18 -17 25 21 22 -21 -24 -22 -1 -27 -28 29 -26
right_child=2 -3 -4 -5 -6 7 -8 9 12 10 -12 -13 -14 -15 -16 16 17 -19 -20 20 24 -23 23 -25 28 26 27 -29 -30 -31
leaf_value=0.0076069333233473556 0.032790597489582768 -0.02309557201168088 0.0011776634161499587 0.0066298018472816193 0.017507212844522189 -0.030131472190198665 0.023593003134853817 -0.020581855435923373 0.027662549127824058 0.017797604854181477 -0.011154196107335384 -0.0051318636719445161 -0.013766106798420876 0.018546346093197628 -0.027317769035128822 0.0095437498569154993 0.025758287116031887 -0.0065088697979732825 -0.020925508988111012 -0.010421928733484851 0.013361757530305919 0.038926918675327139 0.030259014724709328 -0.0090670802685968426 -0.0018599079271583217 -0.029236716040952695 0.021060967319196502 -0.022758470387977306 -0.00067502027583036845 0.010005939954487291
leaf_weight=13181.147711731493 719.59839555621147 885.89189787581563 77730.479733351618 3935.5768101923168 1204.774343278259 940.38167298957705 3163.2254004254937 3662.8865948952734 3446.5874820053577 4775.7116874419153 7824.0803237855434 3222.5091530643404 586.17043770104647 494.90710448101163 2409.3228635266423 674.10770347714424 1008.076500877738 2496.103677071631 2384.2887990772724 15764.842417124659 4291.1802531145513 492.21188278123736 1166.9620466120541 1371.52123362571 9704.8575265146792 1287.9325664043427 1434.7213802970946 592.6033434830606 294824.77414463088 10857.157519884408
leaf_count=140527 5886 5897 747815 37541 13391 12960 24216 31709 26383 35172 64103 26159 5635 7755 17630 3399 10703 17632 13254 140053 76134 7670 11059 16196 75926 15957 25008 10119 2423695 108456
internal_value=-3.71513e-06 -0.000364846 0.00172367 0.0107967 -0.000312469 -0.000368118 -5.01586e-05 -0.00372268 0.0117386 -0.00638476 -0.00118558 0.00856949 0.0216026 -0.0126388 -0.0138877 -0.0106762 -0.00510166 0.00286719 -0.0141913 -0.000262166 -0.000507965 -0.00644523 -0.00770653 0.00910667 -0.000158501 0.00477565 -0.00645939 0.008155 -0.000343294 0.00440913
internal_weight=476535 394149 82385.7 4655.18 393263 392058 358133 33925.1 4973.14 28952 15822.3 7998.22 4032.76 13129.7 12634.8 10225.5 6562.58 3504.18 3058.4 354970 338474 18795.5 18303.3 2538.48 319678 16496.4 3315.26 2027.32 315387 20562
internal_count=4158040 3366798 791242 43427 3360901 3347510 3075016 272494 44978 227516 125434 61331 32018 102082 94327 76697 44988 28335 16653 3050800 2859189 174978 167308 27255 2684211 191611 51084 35127 2608077 184382
is_linear=0
shrinkage=0.03


Tree=69
num_leaves=31
num_cat=0
split_feature=32 32 32 34 34 34 32 34 32 32 32 32 32 32 39 31 34 32 34 32 32 34 32 34 34 34 34 32 32 34
split_gain=321.204 442.592 1751.84 1193.57 551.748 1583.15 2076.07 1002.8 1364.8 999.472 808.188 645.763 584.944 535.074 482.391 460.209 452.938 660.008 511.453 489.208 1497.91 481.467 450.645 484.827 1294.21 438.735 425.27 676.881 688.276 638.721
threshold=0.010609809774905445 0.001789768517483026 0.0023661317536607389 -0.054370544850826256 -0.019969875924289223 -0.014743878971785305 0.0052491456735879191 -0.0052562095224857322 0.0031770775094628338 0.002724128658883274 0.0058972593396902093 0.0031770775094628338 0.0070627711247652778 0.0092861321754753607 0.69746640324592601 0.42499999701976782 -0.032057646661996834 0.0037086271913722162 -0.050065822899341576 0.0060937865637242803 0.0072680884040892133 -0.027107475325465199 0.0013818392762914302 0.019406237639486793 0.026874672621488575 -0.071513459086418138 0.0074763279408216485 1.0000000180025095e-35 -0.0019038675236515699 0.085458565503358855
decision_type=2 2 2 2 2 2 2 2 2 2 2 2 2 2 2 2 2 2 2 2 2 2 2 2 2 2 2 2 2 2
left_child=1 22 25 15 16 6 14 8 -7 -9 -10 -11 -12 -8 -6 -4 18 -18 -5 -19 21 -21 26 -24 -25 -3 -1 28 29 -28
right_child=-2 2 3 4 5 7 13 9 10 11 12 -13 -14 -15 -16 -17 17 19 -20 20 -22 -23 23 24 -26 -27 27 -29 -30 -31
leaf_value=-0.00082505160381293274 0.0017161301514683656 0.030385489489086079 0.01595629510349475 -0.02624523801729883 0.033402945192854708 0.020674933356260115 -0.016361129529931007 -0.025540497953364136 -0.02580906824339085 0.010239849045455877 0.01290962888378685 -0.00095051930431509475 -0.01262654200563704 0.012012904785441992 0.010782258252881724 0.0027438878699514542 0.01477198417400178 -0.022126078707537192 -0.0011065239026648115 0.0027001526896648659 -0.022095716308948726 0.037195381095690802 0.015389034001656041 -0.038063206721296858 0.011675881919376499 -0.015627725062067218 0.0022018169420986271 -0.0046112214352449672 0.0083269881862814282 -0.0091138590368903608
leaf_weight=148542.26696291193 78894.043643835932 172.72888453677297 4761.2129361629486 753.82339162379503 2859.1594814844429 1057.4174872711301 1823.4197010211647 1418.312807995826 3622.645236171782 4893.6308796182275 1030.2261073067784 83684.058451745659 3496.938903324306 868.2706662081182 1239.2486258707941 4729.8297278471291 759.88521834090352 3637.9481660202146 12446.400779690593 929.48967817053199 2252.3715692535043 582.40644715353847 3607.6550985053182 632.55316711962223 1671.0412360988557 8623.7006268315017 63535.849668059498 13108.641100291163 15915.774320390075 4811.0281379073858
leaf_count=1272578 760475 4512 46033 10446 17339 6323 12262 17956 22134 45355 6577 684017 31491 8230 7525 52614 8089 21910 100325 8477 19786 7909 39909 3458 23342 64916 546625 105337 141951 60093
internal_value=-3.21478e-05 -0.000379235 -0.00169548 -0.000860281 -0.00162564 -0.000738671 0.0132539 -0.00169889 -0.0111178 -0.000733011 -0.0152833 -0.000330116 -0.00678417 -0.00718729 0.0266486 0.00939155 -0.00602172 -0.0115685 -0.00257965 -0.0143051 -0.0066695 0.0163004 0.000382091 0.00855338 -0.00219224 -0.0146573 0.000184991 0.00172569 0.00271237 0.00140286
internal_weight=476362 397468 145643 136847 127356 105993 6790.1 99203.2 9207.23 89996 8149.81 88577.7 4527.17 2691.69 4098.41 9491.04 21362.3 8162.1 13200.2 7402.22 3764.27 1511.9 251825 5911.25 2303.59 8796.43 245914 97371.3 84262.7 68346.9
internal_count=4157994 3397519 1204226 1134798 1036151 859209 45356 813853 66525 747328 60202 729372 38068 20492 24864 98647 176942 66171 110771 58082 36172 16386 2193293 66709 26800 69428 2126584 854006 748669 606718
is_linear=0
shrinkage=0.03


Tree=70
num_leaves=31
num_cat=0
split_feature=32 34 34 34 34 32 32 32 32 32 34 32 34 32 34 34 32 32 20 32 32 34 32 32 32 32 34 32 34 34
split_gain=328.362 419.427 757.167 552.201 390.775 645.358 696.936 454.108 501.351 550.574 431.577 681.482 599.529 417.345 512.277 387.852 1357.78 634.386 376.794 372.515 609.536 346.742 726.249 1000.08 721.868 700.732 808.187 1160.9 592.114 518.836
threshold=0.019189972430467609 -0.071513459086418138 -0.087091129273176179 0.030582120642066005 -0.074805337935686098 -0.019158121198415753 -0.024857878684997555 -0.013702181633561848 -0.0084964241832494718 -0.0093895830214023573 0.049347488209605224 -0.041274044662713998 0.046266596764326103 0.01634942460805178 -0.050065822899341576 0.047592170536518104 0.0049684937112033376 0.0038986979052424435 55.936492919921882 -0.011964013334363697 -0.012596955522894858 0.0074763279408216485 0.0092861321754753607 1.0000000180025095e-35 0.0096384696662426012 -0.0020840164506807919 0.021224041469395164 -0.024857878684997555 0.0064267243724316367 0.023456288501620296
decision_type=2 2 2 2 2 2 2 2 2 2 2 2 2 2 2 2 2 2 2 2 2 2 2 2 2 2 2 2 2 2
left_child=4 2 -2 18 5 6 -1 -7 9 19 11 -6 13 21 -15 17 -17 -14 -3 20 -9 28 23 25 -24 26 27 -23 -13 -28
right_child=1 3 -4 -5 10 7 -8 8 -10 -11 -12 12 15 14 -16 16 -18 -19 -20 -21 -22 22 24 -25 -26 -27 29 -29 -30 -31
leaf_value=0.0017715435578406578 0.0020261207624520028 0.012485946240651679 -0.03126339211485734 -0.0016047760537729993 0.029576077218243391 0.02087612222262749 -0.021831137557085826 0.0075859141944189063 0.0080183526625648514 -0.034780477670518672 0.0015534699073601942 -0.0010175272727142996 0.0010322763424861542 0.01945676183705667 -0.009210659407879903 -0.014187350784142811 0.026079690967584494 -0.024806236540633266 -9.284000090149543e-05 0.02020571325807799 -0.030269337033704075 -0.022389007609040737 0.027431509100668553 -0.0033417548868631118 0.0047206962903932779 0.0098670510823854335 -0.015770710461705684 0.006820200759844677 -0.012063579370838297 -0.0014242500013938253
leaf_weight=3987.5984374303371 2488.668166089803 8659.2181827574968 795.79490051791072 6401.2154363468289 642.16913735121489 1862.271737318486 1547.5108287148178 943.62646774202585 10572.135759927332 484.62740082666278 85043.889144260436 211679.9246501103 1294.369422018528 584.57956419885159 8015.5904962830245 2515.8684758394957 1052.4761440679431 2491.5661508366466 2845.6360570304096 578.79800122603774 617.31319026648998 1283.6612964309752 1356.2734621763229 47242.629323601723 15079.144141171128 9874.0022597573698 2569.7750554531813 20340.283915083855 4439.7752557732165 18346.206170395017
leaf_count=52333 31299 79600 10269 92178 8032 15303 16435 10765 152171 5500 785121 1713909 14051 5764 73011 20381 10712 15981 24662 7810 5762 13846 6801 379081 137150 82446 17621 175116 34721 155233
internal_value=-5.22917e-07 0.003648 -0.00618002 0.00545561 -0.000170804 0.00386497 -0.00488216 0.00708233 0.00510713 -0.00659255 -0.000362542 -0.000829752 -0.000887529 -0.000704371 -0.00722143 -0.00935049 -0.00223151 -0.0160133 0.00937992 5.46736e-05 -0.00757844 -0.000535235 0.000787077 -0.000176999 0.00662589 0.0026757 0.00100265 0.00506717 -0.00124554 -0.00320026
internal_weight=475637 21190.5 3284.46 17906.1 454446 20593.9 5535.11 15058.8 13196.5 2624.37 433852 348808 348166 340812 8600.17 7354.28 3568.34 3785.94 11504.9 2139.74 1560.94 332212 116092 99656.6 16435.4 52413.9 42539.9 21623.9 216120 20916
internal_count=4153064 238008 41568 196440 3915056 266079 68768 197311 182008 29837 3648977 2863856 2855824 2794699 78775 61125 31093 30032 104262 24337 16527 2715924 967294 823343 143951 444262 361816 188962 1748630 172854
is_linear=0
shrinkage=0.03


Tree=71
num_leaves=31
num_cat=0
split_feature=32 35 34 34 35 32 34 34 32 34 32 32 35 32 35 35 35 35 35 32 32 35 34 34 34 35 35 34 32 34
split_gain=297.314 430.683 661.349 524.301 918.345 504.166 553.742 441.026 741.98 674.047 650.742 500.698 445.576 1429.21 429.578 425.725 973.236 569.278 1100.79 466.212 422.892 692.397 393.19 682.201 553.989 388.754 922.554 762.872 631.779 364.261
threshold=0.019189972430467609 0.79561480879783641 0.16271792352199557 -0.074805337935686098 0.1394230201840401 0.016984182409942154 -0.010479332413524388 0.049347488209605224 0.014234818983823063 0.046266596764326103 -0.041274044662713998 0.012222175486385824 0.19795468449592593 -0.020543091930449005 0.11674071848392488 0.25190488994121557 0.27849972248077398 0.30004669725894934 0.30589757859706884 -0.0048309725243598214 -0.026351015083491799 0.090511940419673934 -0.071513459086418138 -0.087091129273176179 0.030582120642066005 0.36528639495372778 0.35567307472229009 0.12774557620286944 -0.002296349266543984 -0.15249514579772946
decision_type=2 2 2 2 2 2 2 2 2 2 2 2 2 2 2 2 2 2 2 2 2 2 2 2 2 2 2 2 2 2
left_child=1 3 -3 4 14 7 -7 9 11 10 -5 12 13 20 29 -14 19 -18 -19 -17 21 -9 23 -2 -24 26 27 -20 -27 -1
right_child=22 2 -4 5 -6 6 -8 8 -10 -11 -12 -13 15 -15 -16 16 17 18 25 -21 -22 -23 24 -25 -26 28 -28 -29 -30 -31
leaf_value=-0.019488198819879527 0.0016928410832900954 -0.0055846937957530901 0.041981344704125421 0.029390592550764448 0.0084158990536187875 0.023870940001953792 -0.0091215964811511025 -0.015782562506252481 -0.024260371060306124 -0.0098574632274106636 -0.00058634520960717672 0.013162952987341622 -0.01155933383613115 0.023933002191299728 -0.022751707314817526 0.010700503345533454 -0.013844305012572932 0.033085436704398563 0.0060403146246796645 0.040104875023627903 -0.016128634898256878 0.032743278907553894 0.0091840472215698847 -0.030050473035785369 -0.0017959989393254278 0.016475822868932351 -0.025737202158992369 -0.036412259641407214 0.00080051669656354494 0.0034684503629304414
leaf_weight=778.80509039014578 2507.095024548471 16581.68287172541 247.52400608733296 633.04315885528922 15115.257216729224 1531.7077663987875 636.8787796869874 514.25834432989359 954.30614566802979 7098.8946480154991 328960.55917412788 3486.94587418437 2360.3773074038327 2954.1308503858745 1123.7918720766902 1399.929912161082 2317.6366364099085 941.56193066388369 3342.2828915826976 741.20889911428094 1578.7880064100027 506.73625700175762 11511.61776497215 784.16335298120975 6439.1134553961456 2397.9721242412925 1618.9253027811646 409.66917920857668 53926.043973837048 2793.6201948449016
leaf_count=12142 31577 178948 4966 8015 192099 9745 8078 7714 6459 56190 2671291 26889 28930 21173 8842 14044 26427 8555 31567 5858 14213 9925 104316 10208 92579 20597 12171 5320 494451 34672
internal_value=3.26488e-05 -0.000129395 -0.00483609 5.16116e-05 0.00481786 -0.00017434 0.0141868 -0.000249856 0.00176035 -0.000724289 -0.000526989 0.00208279 0.00156434 0.00972543 -0.00674939 0.000909136 0.00135108 0.00069191 0.00123402 0.0211565 -0.00647808 0.00846797 0.00350009 -0.00600603 0.00524778 0.00073735 -0.00695941 0.0012365 0.0014735 -0.00161684
internal_weight=476195 454953 16829.2 438123 19811.5 418312 2168.59 416143 79450.8 336692 329594 78496.5 75009.5 5553.91 4696.22 69455.6 67095.2 64954.1 62636.5 2141.14 2599.78 1020.99 21242 3291.26 17950.7 61694.9 5370.88 3751.95 56324 3572.43
internal_count=4157961 3919281 183914 3735367 247755 3487612 17823 3469789 734293 2735496 2679306 727834 700945 53025 55656 647920 618990 599088 572661 19902 31852 17639 238680 41785 196895 564106 49058 36887 515048 46814
is_linear=0
shrinkage=0.03


Tree=72
num_leaves=31
num_cat=0
split_feature=6 32 35 35 26 32 32 35 35 35 32 32 15 24 35 32 32 35 32 32 35 32 9 32 32 32 32 24 16 35
split_gain=309.495 279.889 339.24 227.415 217.9 235.92 286.881 386.792 340.441 381.383 315.435 353.29 229.975 229.435 316.684 218.781 224.251 190.73 564.836 435.159 282.609 411.164 256.294 222.935 208.015 203.836 188.216 215.679 176.787 169.226
threshold=-0.031476305797696107 0.019189972430467609 0.87232092022895824 0.86123925447464 -0.00060926080914214243 0.01019556447863579 0.01294582197442651 0.74449557065963756 0.75035858154296886 0.70370927453041088 0.011387885082513096 0.011037581134587528 70.45221328735353 0.026282390579581264 0.25190488994121557 -0.011964013334363697 -0.0058303989935666314 0.45058386027812963 0.001789768517483026 0.0023661317536607389 0.42836917936801916 -0.00064987753285095085 0.017445525154471401 0.002724128658883274 -0.0015136410365812478 0.0099504310637712496 0.029995904304087165 0.04081742279231549 0.0063894034828990707 0.24359410256147387
decision_type=2 2 2 2 2 2 2 2 2 2 2 2 2 2 2 2 2 2 2 2 2 2 2 2 2 2 2 2 2 2
left_child=-1 2 3 4 -2 13 8 12 9 -7 11 -11 -8 14 15 -6 29 20 24 -20 22 -22 -16 -21 -19 -25 27 -3 -9 -17
right_child=1 26 -4 -5 5 6 7 28 -10 10 -12 -13 -14 -15 17 16 -18 18 19 23 21 -23 -24 25 -26 -27 -28 -29 -30 -31
leaf_value=0.0015369722678536422 0.00033039590391031388 0.0079476567370567342 -0.011008622890259277 0.016960505062729749 -0.002266852806320279 0.0021688487618433494 -0.0065057457913754273 0.0031717038329356515 -0.0032975826690118289 0.009930713082916931 0.019657202089915896 -0.026970202880871551 -0.026583477237049225 -0.00080264904629288056 -0.006527543816693549 0.0068681770530014197 -0.018915579842924947 -0.01617670171795621 -0.021527053083417375 0.015231911889464086 0.0054772882762990967 -0.022022434606232065 0.0018643628749016943 -0.0029805953205642439 0.010535659578972466 -0.017770956952778253 -0.0028139646856328907 0.00034547385974227792 -0.0042594052943873617 0.028924336812587336
leaf_weight=94486.852423604578 156722.61410718784 8336.676967214793 2754.6863053813577 651.76930024847388 4936.6365638710558 5376.060961663723 2913.13905396685 9807.3940875642002 3582.029969766736 1087.5691357813776 2935.8177439272404 275.99888315796852 609.82137806341052 114581.7767359186 16352.950360201299 3631.5645706914365 262.29354405403137 266.34252175688744 1197.8110128976405 562.30269866809249 639.26373299583793 1974.3756593801081 4084.8846185952425 20423.292530752718 3430.2149404287338 855.77414380759001 3570.4714238159359 5619.0014885514975 4057.1806246638298 326.2487869374454
leaf_count=857386 1351614 87016 32258 11454 39887 48718 24555 78368 40009 7425 23697 2150 5279 995616 123582 25826 1093 2596 8698 4631 5493 15327 30721 153759 26886 5587 47162 65463 35266 1740
internal_value=-1.05735e-07 -0.000380532 -0.000558755 -0.000478531 -0.000510963 -0.00115676 0.00126927 -0.00126508 0.00459004 0.00751096 0.0141499 0.00217973 -0.0101116 -0.0015853 -0.00310593 0.00201802 0.00701748 -0.00404875 -0.00232192 -0.00406965 -0.00604782 -0.0153058 -0.00485008 -0.00309344 0.0085343 -0.00359154 0.00332042 0.00489165 0.000994141 0.00882259
internal_weight=476313 381826 364300 361545 360893 204171 30645 17387.5 13257.5 9675.45 4299.39 1363.57 3522.96 173526 58944 9156.74 4220.11 49787.2 26735.7 23039.2 23051.5 2613.64 20437.8 21841.4 3696.56 21279.1 17526.1 13955.7 13864.6 3957.81
internal_count=4159262 3301876 3102235 3069977 3058523 1706909 265467 143468 121999 81990 33272 9575 29834 1441442 445826 68546 28659 377280 202157 172675 175123 20820 154303 163977 29482 159346 199641 152479 113634 27566
is_linear=0
shrinkage=0.03


Tree=73
num_leaves=31
num_cat=0
split_feature=25 27 32 34 35 35 35 33 35 33 34 33 35 32 32 35 33 33 32 33 33 33 32 35 33 33 33 33 33 34
split_gain=314.453 328.044 379.853 603.24 507.973 478.735 510.266 388.492 346.957 741.57 1492.84 1148.42 725.844 1000.58 906.575 662.275 655.072 601.808 599.395 554.644 487.319 780.379 682.063 1681.16 1175.04 846.79 896.114 726.576 723.135 577.384
threshold=1.0000000180025095e-35 0.19987893849611285 0.010609809774905445 -0.13885984569787976 0.66535919904708873 0.79561480879783641 0.75839194655418407 0.0054054979700595149 0.6205006241798402 -0.015923499129712578 -0.042777672410011285 0.034461081027984626 0.60008391737937938 0.0072680884040892133 0.0072680884040892133 0.60956576466560375 0.022430839948356155 0.023700983263552192 0.007810059469193221 0.041694547981023795 -0.010808091145008801 -0.0067772909533232442 0.007810059469193221 0.67112240195274364 0.027640369720757011 0.0073428482282906779 0.015615454874932768 0.010403670370578768 0.0037036830326542263 0.039153877645730979
decision_type=2 2 2 2 2 2 2 2 2 2 2 2 2 2 2 2 2 2 2 2 2 2 2 2 2 2 2 2 2 2
left_child=-1 -2 3 -3 7 6 8 -4 12 18 11 -11 14 15 -5 -14 -16 -18 -10 -19 -12 -22 23 27 -25 -24 29 28 -23 -27
right_child=1 2 4 5 -6 -7 -8 -9 9 10 20 -13 13 -15 16 -17 17 19 -20 -21 21 22 25 24 -26 26 -28 -29 -30 -31
leaf_value=-0.018118334265804746 0.0014653154339437694 0.016019845931939558 0.032791995481421289 -0.0012039734532074714 0.00094709272182880633 -0.023203183660416446 0.017997474587280477 0.0076684379707084062 -0.026511345176419333 0.027384659442920213 -0.015242130511035621 -0.01718417878668391 0.020315401821799278 -0.0071100610633264266 -0.00026748922777443114 0.00081075875611955419 0.03475386728182505 -0.0069746936566669844 -0.0042972879385412121 0.028696597179479831 0.012716845617989742 -0.015036691970983158 -0.015304541013991082 0.028949004365949139 -0.01218646386047414 0.0014511559075040697 -0.0083138240864996157 -0.015470523315869929 0.029706696718885085 0.024801395536656053
leaf_weight=839.21204291656613 112114.73128141463 1867.727639272809 661.5550709143281 226833.18818828091 70809.222302034497 850.97756192833185 1256.6032392643392 3078.8007620573044 2128.8828893750906 2406.4788989536464 3097.742668453604 647.56113923341036 4540.5515569634736 2988.572226870805 2482.461579862982 2389.3334577381611 1400.2212644144893 939.5330316722393 2244.1354791745543 646.28399489820004 2650.6214031651616 549.99541510641575 7316.155242793262 2597.7957845851779 808.4400383643806 3618.1027523800731 8995.0824422501028 3476.7115373387933 742.78686764836311 1275.2566930428147
leaf_count=9604 955011 31357 5502 1942014 691474 5717 15171 26815 20508 18136 19632 7230 37577 29449 23054 17913 10656 7898 23273 7141 16766 8649 52835 19189 7748 22772 73818 32562 10028 10268
internal_value=1.41206e-05 4.68891e-05 -0.000390894 -0.000883794 0.00151797 -0.000994953 -0.000927263 0.0122628 -0.00101203 -0.00350962 -0.00216542 0.0178842 -0.000572973 0.0073665 -0.000912566 0.0136121 0.0111354 0.0205539 -0.0151831 0.00773913 -0.0039177 -0.00281367 -0.0042225 0.00313333 0.0191717 -0.00705892 -0.00269952 -0.00835306 0.0107322 0.00761264
internal_weight=476255 475416 363301 288751 74549.6 286883 286032 3740.36 284776 42555.7 38182.7 3054.04 242220 9918.46 232302 6929.89 5468.5 2986.04 4373.02 1585.82 35128.7 32030.9 29380.3 8175.73 3406.24 21204.6 13888.4 4769.49 1292.78 4893.36
internal_count=4159767 4150163 3195152 2471361 723791 2440004 2434287 32317 2419116 343414 299633 25366 2075702 84939 1990763 55490 48749 25695 43781 15039 274267 254635 237869 78176 26937 159693 106858 51239 18677 33040
is_linear=0
shrinkage=0.03


Tree=74
num_leaves=31
num_cat=0
split_feature=25 9 41 35 35 32 33 33 32 32 33 35 33 33 32 35 32 35 33 35 32 33 35 35 35 32 35 35 32 35
split_gain=299.624 294.702 264.107 247.586 451.635 388.466 583.345 2137.76 639.314 380.14 414.665 318.319 559.249 419.948 304.076 497.908 484.453 652.994 1456.2 506.229 615.843 468.819 389.658 388.073 520.159 559.741 380.558 402.854 1234.78 1832.92
threshold=1.0000000180025095e-35 -0.051401529461145394 0.0085984580218791979 0.21833010017871859 0.22466856986284259 -0.012596955522894858 -0.015375064685940741 -0.021244096569716927 -0.0072368879336863748 -0.015421228017657993 -0.064229741692543016 0.19795468449592593 -0.0049960946198552838 0.00066381334909237932 0.01019556447863579 0.79561480879783641 0.01294582197442651 0.75035858154296886 0.01090001640841365 0.75839194655418407 0.013692543376237156 0.038678968325257308 0.76419660449028026 0.75035858154296886 0.70370927453041088 0.01256545912474394 0.75839194655418407 0.68453484773635875 0.007810059469193221 0.69646304845809948
decision_type=2 2 2 2 2 2 2 2 2 2 2 2 2 2 2 2 2 2 2 2 2 2 2 2 2 2 2 2 2 2
left_child=2 -2 -1 5 -5 -3 7 -7 11 -6 -11 12 -8 -13 15 26 23 18 -18 -19 -21 -20 -22 24 -16 -26 27 -12 29 -29
right_child=1 3 -4 4 9 6 8 -9 -10 10 14 13 -14 -15 16 -17 17 19 21 20 22 -23 -24 -25 25 -27 -28 28 -30 -31
leaf_value=-0.031711444039380116 0.0020011817431104979 7.8417985109597769e-05 0.0020439445467393892 -0.012407558615328837 0.026949957681044669 0.019229244766831313 0.0027846419471012564 -0.022407777700619767 0.036595403440717579 -0.016235225735566249 -0.00056885067138765432 0.013291501231509914 0.020377533012985553 -0.0086275166331974476 0.0029023706374343801 -0.023141286735087988 0.0068142016803527444 0.014274138158926544 -0.013522912155671174 -0.013181975030507258 -0.021707215297650285 -0.035685506156121344 0.0019192715638592312 -0.0017190731193928853 0.0096281952454470628 0.031945290628229948 0.016556449323191062 -0.021692216241140008 -0.0096993138926431844 0.02591799263954735
leaf_weight=482.83608774840832 59175.213282549754 40365.983665205538 352.5963841676712 2846.8156813085079 435.0499852001667 2025.9722711518407 3341.6321737878025 2406.0214328244328 715.30542127788067 1478.5746753923595 270873.3873150833 1268.0969332754612 3161.4522406607866 2000.8883888497949 9492.0998835042119 878.54260992258787 3175.9012844339013 2477.9600830748677 3011.8704637661576 2787.8321878984571 620.85555315762758 1210.4879100434482 32098.068325970322 5615.7459726408124 5451.6613138690591 1232.3916823416948 1115.8904302716255 1049.8175799846649 12741.141091253608 2266.1650149263442
leaf_count=5118 561815 380996 4426 28128 4859 18079 17796 14111 3223 21995 2279944 14988 16353 21169 85426 5881 24918 13752 26255 19472 5617 11182 334635 60968 47395 6180 11912 9801 90672 11650
internal_value=-1.13146e-05 2.06091e-05 -0.0177502 -0.000261108 -0.000547542 0.00160804 0.00574095 -0.0033736 0.00959187 -0.000452547 -0.000487392 0.00754453 0.0113736 -9.56241e-05 -0.000421097 -0.000843805 0.00139672 -0.000369078 -0.00851046 0.00122026 0.000301726 -0.0200149 0.00145796 0.00507107 0.00742756 0.013826 -0.000774196 -0.000842745 -0.00545671 0.0108052
internal_weight=476156 475321 835.432 416146 360860 55285.4 14919.4 4431.99 10487.4 358013 357578 9772.07 6503.08 3268.99 356100 288925 67174.9 45383 7398.26 37984.7 35506.8 4222.36 32718.9 21791.9 16176.2 6684.05 288046 286931 16057.1 3315.98
internal_count=4158716 4149172 9544 3587357 3100642 486715 105719 32190 73529 3072514 3067655 70306 34149 36157 3045660 2409860 635800 435831 62355 373476 359724 37437 340252 199969 139001 53575 2403979 2392067 112123 21451
is_linear=0
shrinkage=0.03


Tree=75
num_leaves=31
num_cat=0
split_feature=43 34 32 34 35 35 32 35 34 34 32 32 32 35 35 34 34 32 32 35 34 32 32 35 35 35 35 32 32 35
split_gain=284.165 317.166 413.913 556.873 586.263 375.608 838.692 474.172 463.117 335.946 525.722 464.128 737.375 599.94 474.163 405.951 486.324 792.121 842.587 599.767 602.974 599.789 536.595 747.765 584.005 519.602 973.89 720.564 457.803 989.076
threshold=0.73459073901176464 0.065712161362171187 0.021241558715701107 -0.063797727227210985 0.89911252260208141 0.29060079157352453 -0.0099765094928443415 0.30004669725894934 0.067046999931335463 -0.051768980920314782 -0.041274044662713998 -0.0027446640888229008 -0.0036088214255869384 0.39379353821277624 0.7863549292087556 -0.044298728927969926 -0.033443899825215333 0.016984182409942154 0.01634942460805178 0.10636074841022493 -0.035839064046740525 -0.02856467571109533 0.001789768517483026 0.55101406574249279 0.41173607110977178 0.25190488994121557 0.27849972248077398 -0.0051399664953351012 -0.0031672157347202297 0.35006958246231085
decision_type=2 2 2 2 2 2 2 2 2 2 2 2 2 2 2 2 2 2 2 2 2 2 2 2 2 2 2 2 2 2
left_child=1 2 9 4 -4 6 8 -7 -3 11 -11 12 -1 -13 -15 -12 17 18 19 21 22 -17 24 -24 25 -21 -27 -28 29 -18
right_child=-2 5 3 -5 -6 7 -8 -9 -10 10 15 13 -14 14 -16 16 28 -19 -20 20 -22 -23 23 -25 -26 26 27 -29 -30 -31
leaf_value=0.00086239186173153498 -0.0012336356274780574 0.034570749146628915 -0.028413005580420071 0.010913918122781363 0.003787339939139784 -0.02093201348670156 0.024637384972332737 0.0021540308018270582 -0.0017095257543671978 0.030673060474340708 -0.0055615772451235697 0.035027363531975692 -0.026755921820261815 0.0073852105525514461 -0.0084032656549258688 0.017577881167478847 -0.00020699588750503124 0.026690016362621059 -0.037378538898652551 0.0087085343732019958 0.014018550367762013 -0.029206878356447551 -0.023395757377202807 0.0018055788092775442 0.022731989739456962 -0.029553115539047454 0.020419191943350679 -0.010810712033806352 -0.001675513839787771 0.0095170011325166632
leaf_weight=18987.29212372005 125274.83393068798 326.70571322739124 709.8125541806221 6578.5558412261307 1668.4703103192151 797.40642452612519 2152.5466966629028 39454.340729855001 3638.0633876509964 466.40014664083719 13731.129780210555 617.96780161187053 891.77518029510975 12875.605908285826 1956.9864394254982 321.55422073975205 65751.188778627664 1275.4018865935504 445.95296166092157 5218.5289525277913 4712.4009817354381 901.15081524848938 1569.5193475261331 3171.0540447831154 1501.6452007368207 1086.5387851968408 1240.8194268904626 1388.3221438340843 146381.81659305468 10967.183266371489
leaf_count=204059 1092046 2376 4793 70445 22599 7643 16930 372199 40304 5941 118240 7868 8466 140276 31183 4027 550781 10499 4276 35786 36722 4907 11095 31185 12685 10389 8828 15941 1195674 81137
internal_value=-7.25784e-06 0.000430759 7.86227e-05 0.00642484 -0.00597984 0.00274153 0.00965539 0.00168652 0.00143856 -0.000114184 -0.000487046 0.00262991 -0.000402212 0.00652659 0.0052936 -0.000545373 -0.000264875 0.00390326 0.00253164 0.00340927 0.00466845 -0.0168183 0.00175054 -0.00660137 0.00554983 0.00261756 -0.0059378 0.00397108 -0.000691769 0.0011852
internal_weight=476061 350786 304417 8956.84 2378.28 46369.1 6117.32 40251.7 3964.77 295460 260131 35329.6 19879.1 15450.6 14832.6 259664 245933 22832.9 21557.5 21111.5 19888.8 1222.71 15176.4 4740.57 10435.9 8934.21 3715.68 2629.14 223100 76718.4
internal_count=4159300 3067254 2627802 97837 27392 439452 59610 379842 42680 2529965 2138113 391852 212525 179327 171459 2132172 2013932 186340 175841 171565 162631 8934 125909 42280 83629 70944 35158 24769 1827592 631918
is_linear=0
shrinkage=0.03


Tree=76
num_leaves=31
num_cat=0
split_feature=6 10 43 26 23 0 10 12 26 43 13 26 14 16 30 23 23 43 9 23 0 24 24 10 18 30 10 43 9 36
split_gain=267.875 340.455 186.229 159.643 155.672 141.808 133.789 131.345 114.315 158.895 110.11 105.491 96.0155 82.4591 80.4614 77.4715 83.9412 85.3517 74.242 73.8792 72.0073 65.1941 62.8552 75.6279 61.5431 57.0592 57.0542 54.6109 50.3046 44.5064
threshold=-0.031476305797696107 -0.027399322018027302 0.51336956024169933 0.042962435632944114 0.065950542688369765 -0.017440277151763436 -0.0012862157891504464 4.6182823181152353 -0.045561697334051125 0.070270579308271422 0.57165434956550609 -6.2706895231912072e-11 63.768396377563484 0.0034427522914484148 12.672775268554689 0.99979618191719066 0.31253245472908026 0.44188232719898229 -0.032869148999452584 0.071469500660896315 -0.087429210543632493 0.02567192725837231 0.025056521408259872 0.0051528087351471194 -0.019341132603585717 11.767439842224123 0.013096631970256569 0.8448484241962434 -0.051401529461145394 0.11139614880084993
decision_type=2 2 2 2 2 2 2 2 2 2 2 2 2 2 2 2 2 2 2 2 2 2 2 2 2 2 2 2 2 2
left_child=3 2 4 6 -2 13 8 11 9 -1 22 28 -13 -3 19 16 18 26 -12 20 29 -4 23 25 -22 -7 -18 -23 -6 -10
right_child=1 5 21 -5 7 10 -8 -9 14 -11 15 12 -14 -15 -16 -17 17 -19 -20 -21 24 27 -24 -25 -26 -27 -28 -29 -30 -31
leaf_value=-0.037529043221285412 -0.0021531261502237874 -0.0017927830493527457 -0.0022537878132274417 0.022179024947986969 0.0094258047959875513 -0.00079692436198475994 0.0025069087202778616 1.4189450419094393e-05 0.00017071609498311578 -0.0042007448800604917 -0.00019795633503859775 0.003217450547353447 -0.00045340816207715739 0.0015768187769425622 -0.0023802561136954821 -0.0022307328031747359 0.0026644919917567333 -0.00071214265995042235 -0.0030656056979897726 0.0031395653344355066 0.0024153570359512571 0.00085417556670716599 -0.0015851686852875479 -0.0050669688457779943 -0.00056398726878643989 -0.0050504194749630051 4.7560695371603803e-05 -0.0013380163249840534 0.0041476688765317068 -0.020230938877231808
leaf_weight=141.5723139308393 7818.067853488028 8660.4996448587626 13216.794630512595 312.53568788990378 1753.7905197478831 11013.870412714779 46129.453015016392 16761.426869994029 156.33638963848352 666.65315639041364 15927.800531335175 16569.426426578313 10446.615865059197 26455.304958276451 7621.4741601031274 26005.493563137949 15429.042752217501 40874.060915071517 16573.076046798378 10479.772632773966 9118.8358172606677 31091.357283324003 54719.544538971037 12488.951903514564 19654.820795929059 3808.6721696257591 14570.198647111654 15216.138836009428 21719.705508522689 228.95270191319287
leaf_count=1648 68872 73174 111322 2325 17804 92990 407980 146363 1957 7761 135694 151511 96323 232416 56081 227435 122774 343239 130029 105517 93388 295730 478755 84753 178017 28032 124707 134112 203190 3248
internal_value=-2.82158e-06 -0.000357372 0.00085605 0.0014267 0.00184954 -0.00101987 0.00135315 0.00231536 0.000245354 -0.010804 -0.0013131 0.00307899 0.00179871 0.000745237 0.000438806 -0.00076774 -0.00039934 0.000179641 -0.00166123 0.000981763 0.000204626 -0.000397092 -0.00217284 -0.00334823 0.000381237 -0.0018952 0.00139436 0.000133579 0.00454971 -0.0123528
internal_weight=475630 381120 134593 94510.4 75069 246527 94197.9 67251 48068.4 808.225 211411 50489.5 27016 35115.8 47260.2 129380 103374 70873.3 32500.9 39638.7 29158.9 59524.3 82031 27311.5 28773.7 14822.5 29999.2 46307.5 23473.5 385.289
internal_count=4157147 3299225 1225227 857922 684063 2073998 855597 615191 447617 9409 1768408 468828 247834 305590 438208 1083878 856443 590720 265723 382127 276610 541164 684530 205775 271405 121022 247481 429842 220994 5205
is_linear=0
shrinkage=0.03


Tree=77
num_leaves=31
num_cat=0
split_feature=33 33 35 35 33 33 35 33 33 35 35 33 35 35 35 35 22 35 35 35 26 35 35 33 3 35 33 33 35 35
split_gain=267.459 524.196 1309.68 966.503 628.52 635.837 633.629 627.734 463.833 1668.18 595.066 490.981 468.1 409.301 441.296 372.559 351.337 325.616 642.239 321.13 313.693 290.522 750.943 282.441 332.647 266.186 361.804 258.905 596.737 544.488
threshold=-0.048507720232009881 -0.034664670005440705 0.45529520511627203 0.56957185268402111 -0.040747443214058869 -0.038446523249149316 0.22466856986284259 -0.024687093682587143 -0.026954179629683491 0.23795892298221591 0.42291125655174261 -0.033029537647962563 0.56957185268402111 0.35006958246231085 0.19795468449592593 0.74449557065963756 -0.62240758538246144 0.18948969244956973 0.18464355915784839 0.7863549292087556 -0.00035298291186336423 0.44545404613018041 0.68453484773635875 -0.028275797143578526 0.033211665228009231 0.43890498578548437 -0.036483865231275552 -0.064229741692543016 0.27460195124149328 0.23795892298221591
decision_type=2 2 2 2 2 2 2 2 2 2 2 2 2 2 2 2 2 2 2 2 2 2 2 2 2 2 2 2 2 2
left_child=27 2 4 -4 16 6 -6 8 10 -10 13 12 -12 14 17 -5 -2 18 -3 -17 -9 -11 -23 -13 -25 26 -7 28 29 -1
right_child=1 7 3 15 5 25 -8 20 9 21 11 23 -14 -15 -16 19 -18 -19 -20 -21 -22 22 -24 24 -26 -27 -28 -29 -30 -31
leaf_value=0.0016727412056591043 -0.021778015635890987 0.0080544438458962832 0.029607629996961239 -0.011245529492279586 4.9087347156904453e-05 -0.011509255917060047 0.033312774331222858 0.00069319115097366934 -0.0062059511256502388 0.029101021680997083 -0.033651324119832002 -0.012383941628314511 0.033529488474379476 0.018106769376915837 -0.013756356966570212 0.026157090595804889 -0.0074243370769508177 0.021136377861576978 -0.016541166778407487 0.0016994367603713398 -0.00097940207325692319 0.00076541314314169354 0.033899540006927242 0.010564297121108682 -0.015548699109324394 -0.019608066787732484 0.0067478943590496424 0.0056557486297791476 -0.012396751403230591 0.03488989152645855
leaf_weight=3965.4181934557855 3997.2672388125211 4957.0306032449007 1352.4903430119157 1507.0437128245831 2596.4217024892569 3108.7693790830672 623.05162143334746 182813.83324296959 3219.7564148902893 2368.767968967557 98.567380458116531 4002.4166678525507 463.96293853968382 2078.1101786717772 1158.8628452531993 603.80877074971795 2531.2237148918211 1072.9198589324951 1163.0635270737112 2157.2350978665054 225225.48291964829 1510.1652938276529 1020.3324592188001 1259.1053572259843 648.6897820495069 1745.242225125432 1404.6724018529058 13948.561072058976 2712.5035099759698 480.49257599562407
leaf_count=54516 36450 42376 13683 18647 20320 30608 7918 1563411 26167 13331 2367 48655 9828 19636 11543 7932 25826 6299 8617 21702 1906238 18901 8771 13780 7762 10089 14143 137586 44691 5701
internal_value=-2.15182e-05 -0.000174828 -0.00473074 0.00770858 -0.00910285 -0.00415438 0.0066524 5.29035e-05 0.00466336 0.0105477 0.00182776 -0.00530757 0.0210068 0.00625756 0.00327304 0.000663391 -0.0162525 0.00604717 0.00334164 0.00719769 -0.000230033 0.0215385 0.0142866 -0.00787456 0.00161614 -0.00971689 -0.00582257 0.00327814 -0.00135761 0.00540286
internal_weight=475795 454688 21627.2 5620.58 16006.6 9478.16 3219.47 433061 25021.8 8119.02 16902.7 6472.74 562.53 10430 8351.88 4268.09 6528.49 7193.01 6120.09 2761.04 408039 4899.27 2530.5 5910.21 1907.8 6258.68 4513.44 21107 7158.41 4445.91
internal_count=4157494 3915000 207318 61964 145354 83078 28238 3707682 238033 67170 170863 82392 12195 88471 68835 48281 62276 57292 50993 29634 3469649 41003 27672 70197 21542 54840 44751 242494 104908 60217
is_linear=0
shrinkage=0.03


Tree=78
num_leaves=31
num_cat=0
split_feature=25 43 24 41 34 33 33 33 33 33 34 34 34 33 33 33 33 33 33 33 33 33 33 34 34 33 33 34 34 34
split_gain=269.812 283.947 342.828 242.006 238 324.446 567.179 380.606 414.532 740.235 503.485 459.714 452.973 350.422 341.576 655.825 336.732 324.814 309.922 451.523 282.66 358.192 472.756 324.439 340.327 246.142 245.111 411.422 938.652 392.013
threshold=1.0000000180025095e-35 0.53721460700035106 0.032978415489196784 0.0085984580218791979 0.065712161362171187 0.010403670370578768 0.012265849858522417 0.013511817436665298 0.027640369720757011 0.023700983263552192 0.11112556979060174 0.081276949495077147 0.068464327603578581 0.041694547981023795 0.018742998130619529 0.014746565837413074 0.035644989460706718 0.043468203395605094 -0.010257564485073088 -0.013303210027515886 -0.048507720232009881 -0.034664670005440705 -0.022055992856621739 -0.087091129273176179 0.0292382100597024 0.01985091716051102 -0.064229741692543016 -0.029658703133463856 -0.00092404484166763712 0.043923599645495422
decision_type=2 2 2 2 2 2 2 2 2 2 2 2 2 2 2 2 2 2 2 2 2 2 2 2 2 2 2 2 2 2
left_child=3 4 -3 -1 20 18 -7 -8 9 10 11 12 -9 16 15 -14 -10 -15 19 -6 26 -22 23 -23 -25 -13 -2 -28 -29 -30
right_child=1 2 -4 -5 5 6 7 8 13 -11 -12 25 14 17 -16 -17 -18 -19 -20 -21 21 22 -24 24 -26 -27 27 28 29 -31
leaf_value=-0.030556904790610458 -0.0011659271599909311 -0.002325922668173316 0.00015753145420208006 0.0020418765500816245 0.0094256225839878995 -0.018219794718528023 0.022791943270868968 0.011885531900517478 0.0063893882960795404 -0.016842038084331906 -0.018371139696057234 -0.0015366684497496658 -0.014847443756273114 -0.01492298496057301 -0.021129053133802558 0.030650983159282226 0.023456462254780791 0.0035835013582189695 0.011146598360212399 -0.011537582214353232 -0.0050416246442497696 0.030885856994219956 3.6851739056681908e-06 0.0037769117996043467 0.028327051836487916 0.01997761653597302 0.011633089212298666 -0.034400186751111193 0.024297801829705989 -0.036362488167583328
leaf_weight=469.77775784954429 3731.6990557201207 76998.948839779943 142743.07944268174 348.37547484785318 2136.5415378585458 1271.6130365133286 762.0998932570219 1364.325500190258 3945.0579475127161 2556.2257167883217 939.17596351727843 630.96552115678787 771.19572475552559 1015.8350382596254 1163.2634629420936 425.82815678417683 1405.6439769119024 4830.5236888602376 6965.3683373145759 1598.9057204760611 11275.528699822724 413.13534393161535 182153.48376714811 16049.197120759636 505.52810993790627 1927.1900384388864 5956.8923190496862 588.66380243003368 637.77653113752604 94.044847466051579
leaf_count=5022 54655 620814 1297209 4420 30512 9404 3757 11419 37899 19407 8926 4835 3661 8089 8342 4455 11059 62876 67770 11349 107108 5648 1526106 143782 4603 15535 51847 5976 10833 1397
internal_value=4.75757e-05 7.75894e-05 -0.000712819 -0.0169586 0.000758404 0.00310595 0.00109651 0.00224221 0.00147457 -0.00303527 0.00188469 0.0049613 -0.00177053 0.00541131 -0.00969774 0.00157584 0.0109436 0.00032799 0.00741656 0.000438959 0.000400734 0.00015531 0.000450071 0.00523647 0.00455987 0.0147004 0.00508229 0.00828067 -0.00679051 0.0157425
internal_weight=475676 474858 219742 818.153 255116 33709.8 23008.9 21737.3 20975.2 9778.17 7221.94 6282.77 3724.61 11197.1 2360.29 1197.02 5350.7 5846.36 10700.8 3735.45 221406 210397 199121 16967.9 16554.7 2558.16 11009.1 7277.38 1320.49 731.821
internal_count=4158715 4149273 1918023 9442 2231250 319295 209664 200260 196503 76580 57173 48247 27877 119923 16458 8116 48958 70965 109631 41861 1911955 1787247 1680139 154033 148385 20370 124708 70053 18206 12230
is_linear=0
shrinkage=0.03


Tree=79
num_leaves=31
num_cat=0
split_feature=27 34 32 32 34 34 34 32 34 34 34 20 34 34 34 34 32 32 32 32 25 34 32 26 32 32 34 34 20 34
split_gain=262.435 368.042 363.826 424.016 486.58 595.213 394.386 375.61 449.593 548.67 506.621 348.756 340.688 888.683 363.569 476.298 389.963 319.112 400.522 305.77 286.633 258.714 252.853 251.614 235.524 260.733 284.067 340.053 227.959 257.517
threshold=0.19987893849611285 -0.12285920977592467 0.01019556447863579 0.01294582197442651 0.09017695859074594 0.067046999931335463 -0.055723477154970162 0.019189972430467609 -0.071513459086418138 -0.087091129273176179 0.030582120642066005 53.284454345703132 -0.025840445421636101 -0.0082228151150047762 -0.003217829042114317 0.0035712240496650343 0.01256545912474394 -0.0055259522050619117 -0.0041014768648892632 0.01256545912474394 1.0000000180025095e-35 -0.10099320486187933 -0.041274044662713998 -0.00060926080914214243 0.020049545913934711 0.021241558715701107 -0.0043197525665163985 -0.0066001922823488704 59.730604171752937 -0.040453832596540444
decision_type=2 2 2 2 2 2 2 2 2 2 2 2 2 2 2 2 2 2 2 2 2 2 2 2 2 2 2 2 2 2
left_child=20 17 23 4 5 6 19 -5 9 21 11 24 -8 -14 16 -16 -15 -2 -19 -4 22 -9 -1 -3 -10 -26 27 -27 29 -22
right_child=1 2 3 7 -6 -7 12 8 10 -11 -12 -13 13 14 15 -17 -18 18 -20 -21 28 -23 -24 -25 25 26 -28 -29 -30 -31
leaf_value=0.024777535570953208 0.019129589369149165 -6.6518928573184926e-05 -0.018686404102227442 -0.0020912263108352012 0.017998601215942031 -0.01546139461038144 0.022460025093954474 -0.012807471944661758 0.0259493296738285 -0.029656053060091496 -0.0020430876126179081 -7.0404302990114971e-05 -0.021340657037191492 0.0068773276098144541 -0.0096192199750827143 0.0070224824213072096 0.036303374775025897 -0.031494170283792672 0.0056697295742723711 0.031318582637884056 0.0035148291115761096 0.01399526099353025 -0.022317239915758295 -0.0018620985795671228 -0.0067578991008928543 0.0094817648918451933 0.0222193558798244 -0.034477737712303669 0.0037056427283602856 -0.00036082163992284518
leaf_weight=101.93199453502893 1506.2841407824308 130423.72829612345 935.10626657307148 33327.153662089258 2229.3892723247409 1398.8996030837297 1014.6930658742785 564.46692994236946 930.0218301974237 773.96007008478045 6334.8909621462226 3040.0601077377796 1082.9637409038842 943.1564374268055 1751.3637640886009 12357.791032079607 706.85320709645748 265.03054592013359 3087.9053862243891 106.11104788258672 20347.520806113258 708.23639010637999 730.42024800367653 152187.65098590776 740.64257943257689 4482.1307028792799 1731.0626371577382 144.85056232661009 27958.549714872614 63632.916986465454
leaf_count=1707 23865 1128644 10112 289400 22984 13355 14540 11820 5597 10065 91230 26702 17047 5750 13349 108126 2989 5664 46090 2404 195129 5863 7872 1269963 8007 42124 17008 1660 245795 513637
internal_value=-3.53112e-05 -0.000428249 -0.000539784 0.00131293 0.00475669 0.00328593 0.00468855 -0.000158168 0.00315278 -0.0100836 0.00471916 0.00858604 0.00573906 0.00470622 0.00652093 0.00494606 0.0197671 0.00775562 0.00256281 -0.0130962 0.00122858 0.00209353 -0.0161038 -0.00103351 0.0118558 0.00994167 0.0119021 0.00796312 0.00136032 0.000578818
internal_weight=475546 362774 357915 75303.8 22526.3 20296.9 18898 52777.5 19450.3 2046.66 17403.7 11068.8 17856.8 16842.1 15759.2 14109.2 1650.01 4859.22 3352.94 1041.22 112771 1272.7 832.352 282611 8028.71 7098.69 6358.04 4626.98 111939 83980.4
internal_count=4158498 3194358 3118739 720132 210656 187672 174317 509476 220076 27748 192328 101098 161801 147261 130214 121475 8739 75619 51754 12516 964140 17683 9579 2398607 74396 68799 60792 43784 954561 708766
is_linear=0
shrinkage=0.03


Tree=80
num_leaves=31
num_cat=0
split_feature=25 34 35 35 33 33 35 33 33 33 34 34 35 33 34 35 35 35 35 33 34 35 33 35 35 34 33 35 34 34
split_gain=252.262 236.129 628.819 419.15 484.302 685.928 367.342 343.684 300.504 835.15 709.011 547.091 542.4 404.886 331.905 407.485 406.685 286.424 476.479 337.669 277.681 377.591 269.08 271.301 573.147 1195.32 1017.97 786.333 989.691 1360.04
threshold=1.0000000180025095e-35 -0.12285920977592467 0.059641739353537566 0.80529150366783153 -0.021244096569716927 0.049807082861661918 0.88213157653808605 -0.01992339268326759 0.049807082861661918 0.048644645139575012 0.0049310585018247375 -0.0066001922823488704 0.87232092022895824 0.052763333544135101 0.11634959653019906 0.34502233564853674 0.91467610001564037 0.79561480879783641 0.86123925447464 0.077006325125694289 0.072579029947519316 0.43506279587745672 0.046790573745965965 0.5801072120666505 0.52155479788780224 0.067046999931335463 0.022430839948356155 0.51061013340950023 0.018549336120486263 0.065712161362171187
decision_type=2 2 2 2 2 2 2 2 2 2 2 2 2 2 2 2 2 2 2 2 2 2 2 2 2 2 2 2 2 2
left_child=-1 2 -2 4 -4 7 -5 -6 9 22 -10 -11 -13 -12 16 -16 20 -17 -19 -20 21 -15 23 24 27 -26 -27 -3 -29 -30
right_child=1 8 3 6 5 -7 -8 -9 10 11 13 12 -14 14 15 17 -18 18 19 -21 -22 -23 -24 -25 25 26 -28 28 29 -31
leaf_value=-0.016298045243818036 -0.020024974624101841 -0.00022179987248500146 0.024582237882863237 -0.019304398420241505 -0.051413057099809839 0.026385278582294579 0.00997567983735651 -0.0029112084662281665 -0.01057325633903187 0.029225161279472018 -0.022735416378470562 0.018523994580382671 -0.010905695531885164 0.053727443334277113 0.037586751841039594 -0.010379987653772937 -0.010497166969527414 0.037272702763120391 0.017700329615245966 -0.019225052666348993 0.023487807299299907 0.0023675259438088354 -0.0097376203508079875 0.0011645592931406354 -0.005912852092968819 -0.0051456256336675967 0.024046548346997623 0.020872010316408628 -0.0090412679216678171 0.041391519116516944
leaf_weight=829.68577885441482 737.62426226958632 262000.47254870087 1987.9476700481027 742.36643357947469 125.74307828769088 805.00115168094635 762.29748997092247 1376.6424803361297 7760.6944838240743 1373.2945511043072 541.86954494938254 1223.5296276584268 1012.9440327137709 119.20609217882156 195.74441221356392 2599.5705284923315 732.01881595700979 322.22164610400796 355.62230864167213 529.77284555509686 1500.886252399534 1760.9168061353266 2513.0255073606968 139462.87030298635 32487.84545557946 1950.8376099057496 2358.8046482950449 3607.7009251751006 3095.020226366818 549.19977878034115
leaf_count=9591 9967 2244536 36909 10014 2465 6309 10494 26472 76919 8942 9761 13515 8633 2454 2584 36232 10348 5025 7386 7696 18495 27647 29588 1190248 239113 21747 20436 31563 28620 3243
internal_value=3.36007e-05 6.28375e-05 0.00571613 0.00904736 0.013804 0.00438641 -0.00453416 -0.0075927 -1.63667e-05 0.000128647 -0.00400067 0.0144608 0.00521618 0.00190165 0.00359841 -0.0025472 0.00956291 -0.0047963 0.00719667 -0.00433046 0.0139423 0.00615516 1.25318e-05 6.79646e-05 -0.000431783 -0.00394251 0.0108695 4.82694e-05 0.00977922 -0.00125639
internal_weight=475421 474592 6537.62 5800 4295.33 2307.39 1504.66 1502.39 468054 451636 16418.5 3609.77 2236.47 8657.83 8115.96 4002.93 4113.03 3807.19 1207.62 885.395 3381.01 1880.12 448026 445513 306050 36797.5 4309.64 269252 7251.92 3644.22
internal_count=4156952 4147361 102630 92663 72155 35246 20508 28937 4044731 3840184 204547 31090 22148 127628 117867 58923 58944 56339 20107 15082 48596 30101 3809094 3779506 2589258 281296 42183 2307962 63426 31863
is_linear=0
shrinkage=0.03


Tree=81
num_leaves=31
num_cat=0
split_feature=43 32 32 32 34 32 32 34 34 34 34 34 32 32 34 34 34 32 32 32 34 34 32 34 32 34 32 34 32 32
split_gain=268.34 286.19 302.346 1165.76 806.446 536.071 442.064 1256.55 620.011 483.16 397.168 706.953 369.554 573.732 345.275 964.761 408.482 341.657 396.487 525.341 674.955 1109.14 586.893 403.341 857.159 591.124 489.047 512.596 432.596 450.015
threshold=0.6396944820880891 0.010609809774905445 0.001789768517483026 0.0023661317536607389 -0.054370544850826256 0.0013818392762914302 0.0033974709222093229 0.076394002884626402 0.070729009807109847 -0.03053368907421827 0.0035712240496650343 0.038053836673498161 0.0086359218694269674 0.0049684937112033376 -0.011635823640972374 -0.0082228151150047762 -0.015552219469100235 0.0037086271913722162 0.0047825209330767402 0.0045168031938374051 -0.010479332413524388 -0.019969875924289223 0.0043584010563790807 -0.0052562095224857322 0.0058972593396902093 0.054842680692672736 0.0080554848536849039 -0.019969875924289223 0.0070627711247652778 0.0068021658807992944
decision_type=2 2 2 2 2 2 2 2 2 2 2 2 2 2 2 2 2 2 2 2 2 2 2 2 2 2 2 2 2 2
left_child=1 2 5 -4 -5 -1 7 9 17 -6 -7 -12 13 -10 16 -16 -11 -8 19 20 21 22 -19 24 -20 -25 27 28 29 -26
right_child=-2 -3 3 4 6 10 8 -9 12 14 11 -13 -14 -15 15 -17 -18 18 23 -21 -22 -23 -24 25 26 -27 -28 -29 -30 -31
leaf_value=0.00067158288539336994 -0.00092197281413821264 0.0026279349851567033 -0.014476228735417684 0.010227021545422578 -0.013415492929645027 0.0203547623644958 -0.015226268689805703 -0.022266712104164529 -0.0029061346769215447 0.014096109191430386 -0.023122114966720647 0.01696182459676214 -0.0051430759700714793 0.013464317748798344 -0.025685802541076639 0.013067725491034457 0.04503724847673387 -0.0069974484949546448 -0.019685673227847221 0.017310622559701849 -0.0052503977545996323 0.035828434544787187 0.02798939099652531 -0.00046562234983497404 0.012569913988440106 -0.012525953172463839 -0.011141386304831014 -0.0086015060994655383 0.018091246654507339 -0.019379779223454689
leaf_weight=157400.83456336334 170638.89006385021 50427.855668082833 5580.1593768261373 6012.3218294456601 717.15431892499328 2178.055348765105 2000.0964477173984 1269.015268214047 2967.8565014377236 1403.0565595068038 646.38826373592019 955.985316850245 2638.8230055384338 5440.59152495116 647.36563855409622 4352.2714012488723 526.51336267590523 2192.125359043479 4121.1831253618002 1699.8994386568666 8193.615264929831 1056.0532054379582 516.08413998782635 27118.829102898017 806.18837556242943 4208.2124958634377 4391.107469201088 2435.9992372505367 2059.3358493000269 743.93291406333447
leaf_count=1364800 1490088 487948 44401 62971 10057 23919 18377 9418 33200 11023 6817 12061 22048 49313 4056 42829 2250 15810 27691 11933 58650 6233 3748 210576 8733 39946 39711 17824 16943 4201
internal_value=3.04556e-05 0.00056385 0.000154333 -0.00120666 -0.000357473 0.00094049 -0.00114057 0.00515652 -0.00191517 0.00975398 0.0120742 0.000706487 0.00462314 0.007693 0.0121837 0.00796747 0.0229143 -0.00308996 -0.00267731 0.00180779 -0.000421277 0.0100624 -0.000173947 -0.00401252 -0.00813535 -0.00209266 -0.00354544 0.00199041 0.00914683 -0.0028149
internal_weight=475346 304707 254279 93097.8 87517.6 161181 81505.3 8915.38 72589.9 7646.36 3780.43 1602.37 11047.3 8408.45 6929.21 4999.64 1929.57 61542.7 59542.6 13657.8 11957.9 3764.26 2708.21 45884.8 14557.7 31327 10436.6 6045.46 3609.46 1550.12
internal_count=4157575 2667487 2179539 771942 727541 1407597 664570 79633 584937 70215 42797 18878 104561 82513 60158 46885 13273 480376 461999 96374 84441 25791 19558 365625 115103 250522 87412 47701 29877 12934
is_linear=0
shrinkage=0.03


Tree=82
num_leaves=31
num_cat=0
split_feature=34 34 35 35 2 5 34 35 35 2 35 34 35 34 34 35 35 35 35 35 35 35 35 25 35 35 35 35 34 35
split_gain=243.97 496.305 614.377 651.899 279.609 236.26 248.556 278.143 300.11 350.762 275.694 270.91 313.642 269.808 601.38 515.415 402.404 269.673 551.293 314.951 231.354 936.877 552.682 461.038 324.2 288.592 287.938 622.457 433.902 473.622
threshold=0.065712161362171187 0.067046999931335463 0.55849176645278942 0.6778777837753297 -0.061969649046659463 -0.019377007149159905 0.058602003380656249 0.88213157653808605 0.87232092022895824 0.023821466602385048 0.40745401382446295 0.054842680692672736 0.29060079157352453 0.046266596764326103 0.047592170536518104 0.46441268920898443 0.48698009550571447 0.71802854537963878 0.6519378423690797 0.86123925447464 0.29060079157352453 0.27460195124149328 0.30004669725894934 0.029546503908932212 0.30589757859706884 0.20850654691457751 0.50608089566230785 0.5801072120666505 0.070729009807109847 0.66535919904708873
decision_type=2 2 2 2 2 2 2 2 2 2 2 2 2 2 2 2 2 2 2 2 2 2 2 2 2 2 2 2 2 2
left_child=4 2 -2 -4 -1 -6 7 8 11 -10 -8 13 -13 -7 16 -16 -15 18 -17 -19 21 23 -22 25 -24 -3 -26 -28 -29 -30
right_child=1 20 3 -5 5 6 10 -9 9 -11 -12 12 -14 14 15 17 -18 19 -20 -21 22 -23 24 -25 26 -27 27 28 29 -31
leaf_value=0.0012906819578993006 0.02599570225798855 0.01954421148938839 -0.018246616351466505 0.014357104652326903 0.0013478861333491743 -0.00076730577544338022 0.00083382670841543674 0.0054830208008058226 -0.023215307128639583 -0.00052383027561740529 -0.011351221643223204 -0.0087920145268942547 0.0095335041164744862 0.0011735362168985074 -0.011237957152552406 0.00097788917060397085 -0.023402487062523802 -0.011901675143700744 0.023413059283027417 0.01886844673923049 -0.020632305404794698 0.031898596999711731 0.037395157162184639 -0.004013551702486011 -0.0022206894413020046 -0.0035507053478295069 0.011324632605446921 -0.015847424466490782 0.0080464751141107772 -0.0013606568103538643
leaf_weight=84781.477469462901 1634.1019178926945 1588.5381703227758 869.0133121162653 1436.2129424512386 46124.235009837896 245470.95490130782 2753.349817622453 6129.3638072498143 1158.3103994578123 1280.1086534783244 4221.6248142793775 1033.8633283860981 4183.3412383720279 817.76634114980698 3710.9702343977988 5290.8664207458496 2209.0272668674588 1839.824722211808 1192.0052147991955 338.27731097489595 1086.5097235143185 1054.8112037293613 196.97165263444185 4360.7783741988242 19329.44069230184 690.54623989015818 5756.5931389704347 1377.9732290096581 6753.589400883764 16658.935447148979
leaf_count=778653 14489 9832 6274 11831 403807 2017731 25988 82070 10249 9873 49563 10471 40457 8824 35305 43829 15821 15491 9986 4685 10477 10936 2618 46947 179005 7462 58691 11325 58403 167371
internal_value=2.04276e-05 0.00176218 0.0120437 0.00201508 -0.000244766 -0.000642001 -0.00096797 -0.000825679 -0.00097008 -0.011404 -0.00655258 -0.000873613 0.00588233 -0.00100917 -0.00485869 -0.00191521 -0.0167985 0.002096 0.00516236 -0.00699462 0.00107015 0.00591304 0.000339732 0.00170156 0.000802845 0.0125766 0.000643404 0.002456 0.000389147 0.00135748
internal_weight=475329 62794 3939.33 2305.23 412535 327754 281630 274655 268525 2438.42 6974.97 266087 5217.2 260870 15398.7 12371.9 3026.79 8660.97 6482.87 2178.1 58854.7 7694.67 51160 6639.86 50073.5 2279.08 49876.5 30547.1 24790.5 23412.5
internal_count=4158464 595661 32594 18105 3562803 2784150 2380343 2304792 2222722 20122 75551 2202600 50928 2151672 133941 109296 24645 73991 53815 20176 563067 75177 487890 64241 477413 17294 474795 295790 237099 225774
is_linear=0
shrinkage=0.03


Tree=83
num_leaves=31
num_cat=0
split_feature=6 34 34 33 33 33 33 33 33 33 34 34 34 34 33 33 33 33 34 34 34 14 25 33 34 34 33 33 33 33
split_gain=244.155 225.105 403.714 560.568 648.814 332.232 1040.77 511.757 445.798 376.521 422.953 360.559 492.519 359.843 353.023 476.641 612.007 624.344 537.624 452.501 768.661 290.351 268.242 242.326 641.633 415.011 295.534 234.962 260.108 269.457
threshold=-0.037827504798769944 0.065712161362171187 0.067046999931335463 0.019428063184022907 0.039972731843590743 0.027640369720757011 0.023700983263552192 0.041694547981023795 0.032975133508443839 0.043468203395605094 0.10238429158926012 0.16271792352199557 0.099228288978338255 0.099228288978338255 0.022430839948356155 0.010403670370578768 0.012265849858522417 0.013511817436665298 0.068464327603578581 0.11112556979060174 0.081276949495077147 78.227294921875014 0.030220521613955501 0.018742998130619529 0.070729009807109847 0.070729009807109847 0.014746565837413074 0.017180294729769233 0.00066381334909237932 -0.0037877481663599606
decision_type=2 2 2 2 2 2 2 2 2 2 2 2 2 2 2 2 2 2 2 2 2 2 2 2 2 2 2 2 2 2
left_child=-1 -2 3 27 -5 6 14 8 11 10 -9 12 -7 -8 15 18 -17 -18 -4 20 23 -11 -20 24 -19 -25 -26 28 29 -3
right_child=1 2 5 4 -6 7 13 9 -10 21 -12 -13 -14 -15 -16 16 17 19 22 -21 -22 -23 -24 25 26 -27 -28 -29 -30 -31
leaf_value=0.0016121743058587676 -0.00055154056177376444 0.0084594989282261342 -0.011544566898520589 -0.012529646873398409 0.043898240080459477 0.0083837922154313405 -0.011109267286586507 0.030428236165489904 0.018683821387306686 0.0071643564839807463 -0.017706368786684967 0.039884511123394688 -0.010787428741613888 -0.035058565562027827 0.017622974208750034 -0.017896117352683375 0.017986702705712374 -0.015436854646744403 0.010730721704464409 -0.017597033946122078 0.010197786994761123 -0.0036968756828071126 0.0022917436622482586 0.0034151823309935608 -0.002288833253673561 -0.02103680685194079 0.025510254403924858 0.037509448162041006 -0.0041283380553926961 0.036513362898685855
leaf_weight=74572.644560467452 341967.06712947972 675.23474707454443 1764.9142610803246 1178.5163185372949 196.6550275310874 4291.4974727407098 3352.7473306357861 164.27671292424202 2951.877802670002 4639.2606407701969 1627.402173012495 229.18767580389977 1655.3991390950978 669.84662524983287 1079.6686356887221 2251.1990146376193 1371.4136948436499 1389.2655298039317 5978.4865217469633 1675.2489373348653 3543.7208509966731 4205.3272764794528 7828.0513176731765 893.02211208641529 609.98895078897476 2020.9425321258605 760.89744372293353 530.15983334183693 477.03868190944195 572.64151671528816
leaf_count=689103 2916118 4925 13628 8908 2559 32239 25917 2495 23055 60494 11611 4612 22763 5528 13098 16606 6767 8885 61124 15846 23741 55093 84083 8151 3298 14555 7952 3126 5209 5163
internal_value=3.62928e-05 -0.000257163 0.00146078 0.0111222 -0.00394662 0.000818737 -0.000929497 0.00392919 0.00913189 -0.000544487 -0.0130058 0.00452095 0.00302895 -0.015251 0.000927531 0.000317111 -0.00359119 -0.000940599 0.00396036 -0.0033521 -0.000730732 0.00200349 0.00595621 -0.00756789 -0.00117824 -0.013571 0.0132857 0.0202652 0.014596 0.0217061
internal_weight=475124 400551 58583.9 3630.25 1375.17 54953.6 35189.4 19764.2 9127.96 10636.3 1791.68 6176.08 5946.9 4022.59 31166.8 30087.2 14515.7 12264.5 15571.5 10893.1 9217.84 8844.59 13806.5 5674.12 2760.15 2913.96 1370.89 2255.07 1724.91 1247.88
internal_count=4156652 3467549 551431 29890 11467 521541 309179 212362 82669 129693 14106 59614 55002 31445 277734 264636 105801 89195 158835 82428 66582 115587 145207 42841 20135 22706 11250 18423 15297 10088
is_linear=0
shrinkage=0.03


Tree=84
num_leaves=31
num_cat=0
split_feature=43 35 33 35 34 33 35 35 34 34 35 34 34 35 34 34 34 34 34 35 35 35 35 34 34 34 33 34 34 35
split_gain=250.468 271.036 354.789 557.504 712.462 596.992 497.955 458.653 749.942 610.31 719.542 438.459 410.962 401.161 418.629 445.482 505.393 432.513 383.814 859.12 417.601 351.004 313.233 519.06 311.757 413.524 310.535 546.017 299.792 356.525
threshold=0.73459073901176464 0.21833010017871859 -0.059739705175161355 0.1705446392297745 -0.071513459086418138 -0.00038152282650116826 0.12695615738630298 0.1394230201840401 -0.055723477154970162 -0.028287952765822407 0.10636074841022493 0.11112556979060174 0.058602003380656249 0.1784622669219971 -0.079633854329586015 0.017901685088872913 0.016872515901923183 0.01119432505220175 0.0018450330244377258 0.11674071848392488 0.11674071848392488 0.22466856986284259 0.059641739353537566 -0.15249514579772946 0.13775379955768588 0.12774557620286944 -0.029667286202311512 0.0074763279408216485 -0.092207007110118852 0.62598079442977916
decision_type=2 2 2 2 2 2 2 2 2 2 2 2 2 2 2 2 2 2 2 2 2 2 2 2 2 2 2 2 2 2
left_child=1 2 22 4 6 7 -4 8 -6 10 -10 13 -9 26 -15 16 17 -16 19 -11 -20 -3 23 -1 25 28 27 -5 29 -23
right_child=-2 21 3 11 5 -7 -8 12 9 18 -12 -13 -14 14 15 -17 -18 -19 20 -21 -22 24 -24 -25 -26 -27 -28 -29 -30 -31
leaf_value=-0.026406426023740513 -0.0011625459046687402 -0.011267548756273987 -0.0088157194614672009 0.016924553715084535 0.022440881258449022 0.012340760609151983 -0.039587753013316816 -0.011951737664112906 -0.027418022661026456 0.017064110509868075 -0.00075270342816495387 -0.036106882741273466 0.022858939315935755 0.028076011176929941 0.00015055243122990579 0.011442205789184539 -0.036745883128088803 0.028934876139166413 -0.0088205723265170344 -0.011413542996918763 0.024345809609167702 0.013112600962236919 0.016392507408168812 0.010673577055240274 0.0088582075037301686 -0.013699945979276656 0.025038384441807254 -0.033251537796407105 -6.3074080732362238e-06 -0.00033708919290873542
leaf_weight=459.20462652295828 125089.05005768873 2418.4964550547302 2045.4117030203342 691.64312474429607 1320.6365185491741 3170.3732953779399 603.11127992346883 4507.889678651467 1461.5982124954462 3340.3808274082839 2366.9125884696841 207.54840248078108 309.04140237346292 615.44339368864894 11556.840868573636 4387.9624496586621 302.2893029153347 469.73621000349522 2680.4246211834252 1314.980166554451 371.67479234188795 3448.5649182833731 2880.8470773268491 1147.673225261271 3643.6767205633223 1934.6949729658663 1572.3406729623675 249.11198738589883 286904.69149606302 3628.3755613267422
leaf_count=5720 1092213 24679 22157 7900 12118 29164 5926 39973 10994 22543 15404 3584 5520 9454 92005 36065 2349 4286 26323 15428 4146 49323 35186 12479 56323 21596 11085 3869 2428160 52178
internal_value=-1.04323e-05 0.000401359 0.00249407 0.00166385 -0.00147204 0.000396108 -0.0160672 -0.00175811 0.00120275 -0.00126322 -0.0110222 0.00533542 -0.00963309 0.00580476 0.00416937 0.00325673 0.000329631 0.00132099 0.00360033 0.00900573 -0.00464948 6.83475e-05 0.0105067 -0.000117299 0.000160614 5.29273e-05 0.0169617 0.00322231 0.000144361 0.00623537
internal_weight=475101 350012 48033.1 43545.4 23492.4 20843.9 2648.52 17673.5 12856.6 11536 3828.51 20052.9 4816.93 19845.4 17332.3 16716.8 12328.9 12026.6 7707.46 4655.36 3052.1 301979 4487.72 1606.88 299560 295916 2513.1 940.755 293982 7076.94
internal_count=4158150 3065937 433678 380293 209696 181613 28083 152449 106956 94838 26398 170597 45493 167013 144159 134705 98640 96291 68440 37971 30469 2632259 53385 18199 2607580 2551257 22854 11769 2529661 101501
is_linear=0
shrinkage=0.03


Tree=85
num_leaves=31
num_cat=0
split_feature=43 24 35 35 35 34 34 33 35 34 33 35 35 35 34 34 34 34 34 33 34 35 34 27 35 34 33 33 33 33
split_gain=217.726 312.953 251.513 301.262 309.052 277.441 299.255 256.992 442.499 608.841 514.24 442.419 366.272 351.692 326.379 286.441 357.819 381.511 297.756 265.921 389.187 247.304 389.28 236.142 235.784 236.621 1017.41 676.931 848.657 1110.02
threshold=0.56822535395622265 0.032397443428635604 0.21833010017871859 0.22466856986284259 0.23088207840919497 0.13775379955768588 0.12774557620286944 -0.059739705175161355 0.1705446392297745 -0.071513459086418138 -0.00038152282650116826 0.16237524896860125 0.11674071848392488 0.1784622669219971 -0.079633854329586015 0.11112556979060174 0.017901685088872913 0.016872515901923183 0.01119432505220175 -0.029667286202311512 0.0074763279408216485 0.059641739353537566 -0.15249514579772946 0.61118558049201976 0.89911252260208141 0.0035712240496650343 -0.015923499129712578 -0.0053850426338613025 -0.024687093682587143 -0.028275797143578526
decision_type=2 2 2 2 2 2 2 2 2 2 2 2 2 2 2 2 2 2 2 2 2 2 2 2 2 2 2 2 2 2
left_child=2 -2 7 -4 -5 6 24 21 9 12 11 -11 -9 19 -15 16 17 18 -16 20 -10 22 -1 -3 25 27 -27 28 29 -6
right_child=1 23 3 4 5 -7 -8 8 13 10 -12 -13 -14 14 15 -17 -18 -19 -20 -21 -22 -23 -24 -25 -26 26 -28 -29 -30 -31
leaf_value=-0.025948327215595618 -0.0024232711839165793 0.0010083728122724719 -0.011749911855640347 0.011055861894437777 -0.0017977000818334458 0.009496072636610918 -0.013325873525971376 -0.0024620944256728396 0.016160392947702756 0.00033286821249841372 0.013436435515177939 -0.017807966658904412 -0.027886549712402748 0.028075487218288349 0.00054702489224474609 -0.034828550008744928 0.012019442463367745 -0.035526369735473358 0.027406980899223644 0.02598839546536404 -0.03161312980018248 0.016623306804669245 0.010506182419827587 -0.0015768560282927039 0.006621676993387616 0.010660569992905995 0.000115708979228365 0.0011868968289060699 -0.006835995435846353 0.018918348755009997
leaf_weight=351.96116366609931 67206.238892914727 87932.20222251676 1867.7679306305945 2352.2865292988718 14205.162817291915 2816.429052464664 1474.3233867324889 932.21478710323572 538.35731519758701 12315.9120397605 2446.0574692673981 1321.6678364705294 1117.2453512568027 469.90692939981818 8992.8560996688902 156.75957426428795 3366.0980898849666 235.09316308051348 367.49235403910279 1228.7172759510577 191.79974071681499 2200.4192087464035 885.24110007658601 49787.2230927255 4925.8027141690254 8881.2667150627822 109997.58164284378 54766.205397751182 29258.444002393633 2763.5310392156243
leaf_count=4359 541992 788209 19093 19680 147664 43652 16577 12049 6154 109386 22614 8653 9796 7232 71351 2718 27742 1843 3345 8674 2999 27017 9667 459776 73811 86079 912896 458801 231273 24432
internal_value=-7.83999e-06 -0.000745357 0.000551054 0.000186029 0.000283361 0.000171793 5.49044e-05 0.00284413 0.00204317 -0.00114082 0.000828936 -0.00144873 -0.0164576 0.00575346 0.00402587 0.00312297 0.00363491 0.000674719 0.00165775 0.0175755 0.00310284 0.0106344 -0.000112267 7.36883e-05 0.000143839 -1.8732e-06 0.000905161 -0.00106951 -0.00374207 0.00159443
internal_weight=475352 204926 270427 233309 231441 229089 226272 37117.8 33680.2 18133.1 16083.6 13637.6 2049.46 15547.1 13588.2 13118.3 12961.5 9595.44 9360.35 1958.87 730.157 3437.62 1237.2 137719 224798 219872 118879 100993 46227.1 16968.7
internal_count=4159534 1789977 2369557 2033958 2014865 1995185 1951533 335599 294556 162498 140653 118039 21845 132058 114231 106999 104281 76539 74696 17827 9153 41043 14026 1247985 1934956 1861145 998975 862170 403369 172096
is_linear=0
shrinkage=0.03


Tree=86
num_leaves=31
num_cat=0
split_feature=33 33 32 33 33 33 33 32 33 33 32 32 32 32 32 32 32 33 32 33 32 32 32 32 32 32 32 19 33 33
split_gain=222.047 490.225 1065.42 1195.98 861.738 515.534 510.223 675.875 1716.71 1104.57 590.572 509.934 479.572 557.977 469.365 1077.23 455.026 440.554 369.109 360.982 360.82 355.165 355.144 314.612 313.839 880.694 539.279 359.592 329.665 296.99
threshold=-0.048507720232009881 -0.034664670005440705 -0.002536405459977686 -0.040747443214058869 -0.040747443214058869 -0.038446523249149316 -0.024687093682587143 -0.016042145900428292 -0.026954179629683491 -0.028275797143578526 -0.019158121198415753 -0.0072368879336863748 -0.0012608965043909846 -0.013702181633561848 -0.0093895830214023573 -0.017131999135017392 0.0030001203995198016 -0.033029537647962563 -0.02856467571109533 -0.041936524212360375 0.023361636325716976 -0.041274044662713998 -0.034430555999279015 -0.012596955522894858 0.0056411146651953467 0.0086359218694269674 -0.0027446640888229008 18.38004302978516 -0.10541613399982451 -0.036483865231275552
decision_type=2 2 2 2 2 2 2 2 2 2 2 2 2 2 2 2 2 2 2 2 2 2 2 2 2 2 2 2 2 2
left_child=24 2 4 16 14 11 7 9 12 10 22 -6 13 -9 15 18 -4 -14 -2 -18 -5 -8 -3 29 26 -26 27 -1 -27 -7
right_child=1 6 3 20 5 23 21 8 -10 -11 -12 -13 17 -15 -16 -17 19 -19 -20 -21 -22 -23 -24 -25 25 28 -28 -29 -30 -31
leaf_value=0.0092754181032986566 0.010963295409436778 0.019662031218648318 0.028636825552236109 -0.018631699321759003 0.0029220658158895028 -0.0068242571831600317 0.024854222395049155 -0.01353682664460871 0.020400013741429392 -0.019381046434401892 0.026541453356750438 0.044916585455522989 0.020091938102275074 0.010127390417188697 -0.02596560166217133 0.012210083513640949 -0.0026907587192439692 -0.0073932545771891907 -0.027820561313360543 0.02166344739349519 0.0034440141154374144 -0.00018648976577567537 -0.0076964594908138628 -0.016192929771856129 -0.028726444969833665 -0.018603102220350446 0.026922143817020485 -0.00017240038558695051 0.006012266259689183 0.015644713736664619
leaf_weight=6130.5300348587334 241.4778563156724 537.50147797167301 1579.7389531806111 1597.4212606586516 2983.7030318118632 2374.8927438557148 490.41544215381145 1042.6744354255497 5909.4255110062659 2554.3068543300033 947.66923090070486 265.51399078220129 557.42985982820392 5785.5863505117595 2995.4601509720087 1255.5234252735972 1295.565106343478 5823.6931140348315 1751.6543059144169 924.1088431738317 1124.0233234204352 406893.25444758497 1805.5877952203155 2519.3958338983357 977.61676775291562 547.10608614236116 939.1886715516448 8830.4179511703551 3578.7098167575896 659.93187286704779
leaf_count=66964 4915 3268 16537 16549 23541 22473 5644 8658 49411 20803 6206 4897 12158 48277 19535 18212 15650 67998 16727 10857 8622 3464227 21354 20842 11137 5512 12831 107720 38077 8072
internal_value=1.9379e-05 -0.000120217 -0.00453214 0.00558473 -0.00891788 -0.00285886 0.000100079 0.00426155 0.00698938 -0.0046544 0.00682454 0.00660749 0.000968146 0.00648489 -0.017424 -0.00943737 0.0164225 -0.00493698 -0.0230595 0.00755145 -0.00955528 -0.000155127 -0.00130717 -0.00840051 0.00303349 -0.00342964 0.00510965 0.00370624 0.00267413 -0.00186787
internal_weight=474920 453916 21568.4 6520.86 15047.6 8803.44 432348 24963.9 19118.8 5845.07 3290.76 3249.22 13209.4 6828.26 6244.12 3248.66 3799.41 6381.12 1993.13 2219.67 2721.44 407384 2343.09 5554.22 21003.6 5103.43 15900.1 14960.9 4125.82 3034.82
internal_count=4157674 3915433 207429 68215 139214 79825 3708004 238133 186502 51631 30828 28438 137091 56935 59389 39854 43044 80156 21642 26507 25171 3469871 24622 51387 242241 54726 187515 174684 43589 30545
is_linear=0
shrinkage=0.03


Tree=87
num_leaves=31
num_cat=0
split_feature=27 17 33 32 32 34 32 32 33 34 33 33 33 34 33 32 34 34 33 33 34 34 34 32 32 32 34 34 33 33
split_gain=229.849 309.73 271.31 467.328 380.186 712.82 368.183 448.626 400.216 381.892 619.188 421.19 374.567 469.206 444.207 744.985 756.802 484.189 951.175 602.608 854.455 530.889 766.277 518.651 796.929 479.656 474.79 418.287 762.445 494.532
threshold=0.31919887661933904 -0.0037225519772619005 -0.059739705175161355 -0.013018006924539803 -0.041274044662713998 -0.15249514579772946 -0.020543091930449005 -0.041274044662713998 -0.054731162264943116 0.057090418413281448 0.0089572328142821806 0.012265849858522417 -0.012578809168189762 -0.040453832596540444 -0.015923499129712578 -0.007640289142727851 -0.003217829042114317 0.0074763279408216485 -0.022055992856621739 -0.033029537647962563 0.0018450330244377258 -0.063797727227210985 -0.055723477154970162 -0.013018006924539803 -0.0012608965043909846 -0.0041014768648892632 -0.028287952765822407 0.0074763279408216485 -0.0067772909533232442 -0.0090944641269743425
decision_type=2 2 2 2 2 2 2 2 2 2 2 2 2 2 2 2 2 2 2 2 2 2 2 2 2 2 2 2 2 2
left_child=2 -2 3 4 5 -1 7 -4 -9 12 -11 -12 14 -14 17 16 -16 18 19 25 21 -21 -23 26 -25 -8 -24 29 -29 -15
right_child=1 -3 6 -5 -6 -7 9 8 -10 10 11 -13 13 27 15 -17 -18 -19 -20 20 -22 22 23 24 -26 -27 -28 28 -30 -31
leaf_value=-0.028472436258237328 0.00051335384442694008 -0.0014093808172558841 0.015959661506282283 -0.017566334834577122 0.015337804309085332 0.015412598980749655 -0.0062861292073388879 -0.031009602542264876 -0.0045255947176679415 0.01138054311294209 -0.012023685755036638 0.0030188153377228872 0.0053589191358298224 -0.011930824937352329 0.015168717100061586 0.017668232146662032 -0.019537899107102321 0.010780737974746595 -0.008556719055007175 0.022813187021717321 -0.032121969589336961 -0.030254036798940374 -0.012866071074479653 0.022883549491912427 -0.0047244006826029968 0.0081952050310297522 0.0077520827669678083 0.011293046530753097 -0.00083806338209239744 -0.0022243705757422415
leaf_weight=561.52230679988861 144694.53820622154 157417.38642378896 906.42603889107704 585.36932952702045 3659.2251296192408 760.44344301894307 7089.9961189888418 518.33277717232704 11581.976373592392 8002.579734634608 1931.4568421281874 11819.557161036879 10487.920156121254 5448.1559388376772 1018.0254197306931 4117.5524333454669 1223.1973773539066 4405.876244649291 8205.2657091654837 2146.7504893727601 444.76831639185548 469.48661288619041 1469.868930131197 3386.7607935667038 1291.7916063033044 2878.2130314745009 3070.2910785973072 5359.6485809981823 34978.785384278744 34840.402083452791
leaf_count=6599 1317993 1357459 13313 11791 39414 11102 63773 4978 120270 77191 15708 106826 106416 38062 10188 29011 7250 39827 62934 17452 5023 3436 9056 23086 14479 26575 20638 37444 295138 265386
internal_value=1.04781e-05 -0.000488527 0.000883569 0.00738709 0.010378 -0.00337467 0.000666052 -0.00417709 -0.00570937 0.00107536 0.00475709 0.000891563 0.000469509 -0.000604045 0.00284182 0.010121 -0.00377846 0.00150896 0.00016135 0.00338146 0.00782465 0.00937754 0.00635956 0.00828565 0.0152731 -0.00209676 0.00104984 -0.00138084 0.000778559 -0.00354223
internal_weight=474772 302112 172660 5566.56 4981.19 1321.97 167093 13006.7 12100.3 154086 21753.6 13751 132333 91114.9 41217.8 6358.78 2241.22 34859.1 30453.2 22247.9 12279.7 11834.9 9688.2 9218.71 4678.55 9968.21 4540.16 80627 40338.4 40288.6
internal_count=4157818 2675452 1482366 68906 57115 17701 1413460 138561 125248 1274899 199725 122534 1075174 742446 332728 46449 17438 286279 246452 183518 93170 88147 70695 67259 37565 90348 29694 636030 332582 303448
is_linear=0
shrinkage=0.03


Tree=88
num_leaves=31
num_cat=0
split_feature=25 27 34 33 33 33 33 34 34 35 35 35 34 35 34 34 33 34 35 34 33 33 33 34 33 34 33 35 33 35
split_gain=228.822 243.995 333.122 342.486 472.767 300.86 723.421 551.712 545.874 452.339 397.912 693.874 829.444 441.258 488.777 1217.35 523.486 451.342 1006.05 413.886 529.723 398.822 802.296 652.348 388.866 378.46 357.826 1648.63 776.777 746.963
threshold=1.0000000180025095e-35 0.15800719708204272 -0.12285920977592467 0.049807082861661918 -0.015923499129712578 0.049807082861661918 0.048644645139575012 -0.0066001922823488704 -0.00092404484166763712 0.87232092022895824 0.57411360740661632 0.55101406574249279 0.10238429158926012 0.6205006241798402 -0.033443899825215333 -0.0043197525665163985 -0.0060724508948624125 -0.0094683240167796594 0.58862692117691051 0.047592170536518104 0.0037036830326542263 0.032975133508443839 0.029251633211970333 0.09017695859074594 -0.0037877481663599606 0.16271792352199557 -0.010808091145008801 0.71065285801887523 -0.0067772909533232442 0.72515371441841137
decision_type=2 2 2 2 2 2 2 2 2 2 2 2 2 2 2 2 2 2 2 2 2 2 2 2 2 2 2 2 2 2
left_child=-1 -2 3 4 -3 6 10 -8 -7 -9 11 -4 19 14 -12 16 -16 18 -18 20 -13 22 23 -17 -20 26 27 -15 -28 -29
right_child=1 2 5 -5 -6 8 7 9 -10 -11 13 12 -14 25 15 21 17 -19 24 -21 -22 -23 -24 -25 -26 -27 28 29 -30 -31
leaf_value=-0.015559216794590621 0.0014573453361165648 0.0099841825536005624 -0.00070537114444414587 0.025755762876145789 -0.012499504890536934 -0.011623514124848168 0.029111128057590963 0.016954956526257562 5.767363311468738e-05 -0.010602608932906701 0.013398105193198902 -0.014913416861136404 0.029584166588925421 -0.01410862037482986 -0.019669316350840901 0.008965982348525442 0.026071248936891243 -0.020608649937053674 0.029386170186050515 -0.019915918368757505 -0.00013197920464585989 0.017263614086751575 -0.017483859063442214 -0.01932449168984202 -0.0086604804559396315 0.025368056207933583 0.013204531989774873 0.021098878159146926 0.00020092293251755064 8.4335859217995131e-05
leaf_weight=824.75886816717684 91756.84100096114 3157.9547552037984 210360.19377641752 754.16345738619566 1126.1281560920179 5896.3063003532588 1262.7042293362319 1129.1603671237826 9197.7738830000162 986.37173063308001 4400.4851975291967 3837.2143742442131 485.09544910863042 8321.8914306648076 2145.0260148644447 12167.23974288255 1120.3967034369707 994.16329580545425 240.11789659410715 2723.4817308448255 5025.0099188126624 2871.1261636428535 1277.2144835591316 762.046729773283 3513.5904601998627 508.90386398509145 4350.7218582555652 1669.2210557796061 76473.444968711585 15407.654229763895
leaf_count=9522 785468 53235 1794864 5984 20126 62403 8434 12317 126344 8431 40209 38739 4736 68359 12008 101084 6276 5706 2560 27673 34885 22002 8742 5676 20246 9406 33293 13681 663356 151892
internal_value=4.05184e-05 6.83219e-05 -0.000265238 0.00738248 0.00404343 -0.000367794 -0.000194656 0.013582 -0.00451477 0.00412721 -0.000325171 -0.00110713 -0.00809592 0.00095162 0.00419847 0.00257564 -0.00705965 -0.00239929 0.00138388 -0.00972186 -0.0065513 0.00709975 0.00502426 0.00727128 -0.00608386 5.38546e-05 -7.21759e-05 -0.00317682 0.000903994 0.00216073
internal_weight=474746 473922 382165 5038.25 4284.08 377127 362032 3378.24 15094.1 2115.53 358654 222431 12070.8 136223 29491.4 25090.9 8013.29 5868.27 4874.11 11585.7 8862.22 17077.6 14206.5 12929.3 3753.71 106732 106223 25398.8 80824.2 17076.9
internal_count=4157657 4148135 3362667 79345 73361 3283322 3094575 29182 188747 20748 3065393 1900897 106033 1164496 224509 184300 46796 34788 29082 101297 73624 137504 115502 106760 22806 939987 930581 233932 696649 165573
is_linear=0
shrinkage=0.03


Tree=89
num_leaves=31
num_cat=0
split_feature=25 27 34 32 32 32 32 34 34 34 32 34 34 34 34 34 34 34 32 32 9 34 34 34 34 32 32 32 34 34
split_gain=211.823 231.248 301.136 319.192 398.169 307.181 379.398 444.675 518.859 383.439 339.814 389.421 539.272 444.045 326.665 821.434 373.341 418.416 335.873 288.325 280.742 259.523 245.444 468.657 534.387 449.91 599.653 339.617 413.281 448.92
threshold=1.0000000180025095e-35 0.15222908556461337 -0.12285920977592467 -0.0055259522050619117 -0.0041014768648892632 0.01019556447863579 0.01294582197442651 0.09017695859074594 0.067046999931335463 -0.055723477154970162 0.019189972430467609 -0.071513459086418138 -0.087091129273176179 0.030582120642066005 -0.025840445421636101 -0.0082228151150047762 -0.003217829042114317 0.0035712240496650343 0.01256545912474394 0.01256545912474394 -0.009176086634397505 -0.10099320486187933 -0.016650037840008732 0.052333978936076171 0.063413232564926161 0.014234818983823063 0.01847008336335421 0.016984182409942154 0.099228288978338255 0.19208952039480212
decision_type=2 2 2 2 2 2 2 2 2 2 2 2 2 2 2 2 2 2 2 2 2 2 2 2 2 2 2 2 2 2
left_child=-1 -2 3 -3 -5 -4 7 8 9 19 22 12 21 20 -11 -16 18 -18 -17 -7 -13 -12 25 -24 -25 -8 -27 28 -26 -30
right_child=1 2 5 4 -6 6 10 -9 -10 14 11 13 -14 -15 15 16 17 -19 -20 -21 -22 -23 23 24 27 26 -28 -29 29 -31
leaf_value=-0.015072689578281442 0.0014154973074252447 0.01766909153900921 -0.00081074015328697524 -0.030642088672899543 0.0048821642004471316 -0.018065194807619554 0.010907580316066466 0.017071488150015211 -0.014307629597787381 0.021663569816198523 -0.012266749223482856 0.011902629154273621 -0.028787479948371029 -0.0018057870905117564 -0.020380717907763378 0.007400140744167923 -0.0089098091876207968 0.0065306012282127885 0.034432748877236977 0.030636876761355653 0.0021160505092228167 0.014620010543665369 -0.0065855889874438843 0.024370938280383513 0.0021247210890428733 -0.004962002668624693 0.018734813609356651 0.011135737298356718 -0.023778521929246562 0.033507711315010055
leaf_weight=817.1929608117789 88296.571379428729 1659.1371944583952 304033.39091819152 292.18834497779608 3126.1700897216797 968.61442156508565 3320.3991506919265 2274.3523107245564 1408.5804723650217 1036.5798042975366 559.59164497256279 6835.1951490938663 767.10119074210525 6340.1082303971052 1101.1526535488665 946.7008904889226 1787.1494305692613 12634.694539561868 735.02200531959534 104.74503443017602 4304.910116802901 711.19247566908598 15504.783487930894 891.35124035179615 2420.8485470972955 7716.1823438219726 1077.612353682518 1578.0788305178285 1249.4664273411036 118.83384551107883
leaf_count=9467 756186 27005 2581284 6193 47086 10416 25941 23520 13429 14826 11723 64514 10033 91232 17317 5785 13618 110556 3114 2378 37331 5898 131057 8200 19274 72223 8061 15964 11257 2383
internal_value=4.18091e-06 3.082e-05 -0.000286386 0.00695692 0.00168511 -0.000383422 0.00131701 0.00453665 0.00314583 0.00443216 -7.08772e-05 0.0030803 -0.00927084 0.00452918 0.00546139 0.00446119 0.00618304 0.00460754 0.019481 -0.0128391 0.00813134 0.00277377 -0.00188713 -0.00379103 0.00313102 0.00153387 -0.00202222 -0.000473736 -0.00534185 -0.0183923
internal_weight=474618 473801 385504 5077.5 3418.36 380427 76393.2 22997.6 20723.2 19314.7 53395.7 19518.1 2037.89 17480.2 18241.3 17204.7 16103.6 14421.8 1681.72 1073.36 11140.1 1270.78 33877.6 21763.4 6258.58 12114.2 8793.79 5367.23 3789.15 1368.3
internal_count=4157271 4147804 3391618 80284 53279 3311334 730050 214959 191439 178010 515091 220731 27654 193077 165216 150390 133073 124174 8899 12794 101845 17621 294360 188135 57078 106225 80284 48878 32914 13640
is_linear=0
shrinkage=0.03


Tree=90
num_leaves=31
num_cat=0
split_feature=30 32 32 32 32 33 33 33 32 33 32 32 32 32 32 33 33 33 33 32 33 33 33 33 32 32 33 33 33 33
split_gain=202.146 224.644 306.624 1386.52 467.681 434.047 466.404 424.195 829.695 696.994 653.497 633.752 912.587 801.656 804.383 730.541 570.286 557.817 937.694 820.957 532.773 1199.25 747.128 515.471 490.465 480.1 812.921 393.443 519.745 451.283
threshold=13.20258951187134 0.010609809774905445 0.001789768517483026 0.0023661317536607389 0.0013818392762914302 -0.064229741692543016 -0.054731162264943116 -0.012578809168189762 -0.006126526976004242 -0.015923499129712578 0.0004800847673323006 -0.00018521653692005199 -0.0012608965043909846 -0.0027446640888229008 -0.0055259522050619117 -0.040747443214058869 -0.01992339268326759 -0.0049960946198552838 -0.0044699967838823787 -0.006126526976004242 -0.034664670005440705 -0.023167964071035382 -0.017350947484374043 -0.016399403102695938 -0.002860693726688623 -0.0072368879336863748 0.010403670370578768 -0.028275797143578526 -0.022055992856621739 -0.018673303537070748
decision_type=2 2 2 2 2 2 2 2 2 2 2 2 2 2 2 2 2 2 2 2 2 2 2 2 2 2 2 2 2 2
left_child=1 2 4 -4 7 -5 -7 8 -1 11 -11 12 13 14 15 -10 -15 -9 -19 25 -16 -22 24 -13 -23 -20 -27 -8 -29 -30
right_child=-2 -3 3 5 -6 6 27 17 9 10 -12 23 -14 16 20 -17 -18 18 19 -21 21 22 -24 -25 -26 26 -28 28 29 -31
leaf_value=0.00013717959904379181 -0.0017217863951613855 0.0017834800937007208 -0.013554570251145866 -0.02769385288409534 0.0093407147075972412 0.025873105686902081 -0.0090371417269549913 -0.0042914036661258039 -0.024484871641494172 0.018374851009032155 -0.035525238592835157 0.018651292771407896 -0.020558205396809449 0.02801536236330401 -0.011076291534527301 0.035919706951922412 -0.0028077295950668852 0.019816917045477767 0.0023689461907488631 -0.0017792529690276863 0.021090601113319611 -0.016583468993010289 0.017505215494015777 -0.040955085222812139 0.025947915519006243 0.02975254371771752 0.0042239426874188012 0.014427533989537547 -0.015004197035396257 -0.00016106706646160137
leaf_weight=57377.671675279737 54074.822685582563 69578.453010965139 7724.677647229284 504.4060269035399 5345.5913366191089 587.77003910392523 4621.6926364637911 29586.256608089432 208.6830437630415 5159.712510690093 192.65593747794628 3050.5768102928996 1502.9891006834805 1811.842758320272 3810.1442809291184 906.14805361628532 761.3657519556582 2164.3482793048024 25987.206498540938 73206.007550351322 2163.4894588962197 2964.4331484138966 899.63483060523868 117.97468780726194 248.01130387932062 1631.1447741277516 3533.3032197542489 2146.2135418057442 1854.6536786668003 110930.51856622659
leaf_count=539845 395711 686847 63017 7246 61993 5413 55299 242361 2588 35624 2368 30822 15399 22275 30175 7914 9812 16162 257683 612738 18651 23958 10131 2302 2535 12984 30806 22798 17689 914734
internal_value=4.46148e-06 0.000226481 -8.22462e-05 -0.00124984 0.000591048 -0.000459872 -0.000340941 0.00037495 0.00209109 0.00679801 0.0163097 0.00402327 0.00148211 0.00391346 0.000432732 0.0243804 0.0189441 -0.000648716 0.000363648 -4.35267e-05 -0.00225736 0.00311514 -0.0063986 0.016189 -0.0131597 0.00403393 0.0123706 -0.000474126 -0.000128272 -0.000407766
internal_weight=474652 420578 350999 128370 222629 120645 120141 217284 81175.3 23797.7 5352.37 18445.3 15276.7 13773.8 11200.5 1114.83 2573.21 136108 106522 104358 10085.7 6275.57 4112.08 3168.55 3212.44 31151.7 5164.45 119553 114931 112785
internal_count=4157880 3762169 3075322 1086196 1989126 1023179 1015933 1927133 754399 214554 37992 176562 143438 128039 95952 10502 32087 1172734 930373 914211 85450 55275 36624 33124 26493 301473 43790 1010520 955221 932423
is_linear=0
shrinkage=0.03


Tree=91
num_leaves=31
num_cat=0
split_feature=6 10 32 32 34 34 35 32 35 35 34 32 32 34 35 35 34 32 35 35 32 32 34 35 32 35 34 34 32 32
split_gain=197.878 241.649 273.885 492.943 381.595 311.496 384.528 286.902 262.781 251.855 422.639 346.018 275.7 272.365 261.1 361.27 226.275 530.247 681.383 758.192 412.756 473.168 349.346 1291.88 457.49 344.579 482.517 577.691 403.107 402.751
threshold=-0.036457944661378854 -0.032588442787528031 0.0070627711247652778 0.007810059469193221 0.047592170536518104 -0.03053368907421827 0.6778777837753297 0.0099504310637712496 0.6205006241798402 0.19795468449592593 -0.092207007110118852 -0.0099765094928443415 -0.011150465346872805 0.058602003380656249 0.62598079442977916 0.35567307472229009 -0.0082228151150047762 1.0000000180025095e-35 0.44545404613018041 0.42836917936801916 0.01847008336335421 0.020049545913934711 -0.012866792734712361 0.26354099810123449 -0.006126526976004242 0.39780005812644964 0.0035712240496650343 0.0028099322225898509 -0.002860693726688623 -0.0041014768648892632
decision_type=2 2 2 2 2 2 2 2 2 2 2 2 2 2 2 2 2 2 2 2 2 2 2 2 2 2 2 2 2 2
left_child=-1 2 9 5 7 -4 8 -5 -7 13 14 12 -12 -2 15 -11 20 25 19 -19 22 -22 -3 -24 -25 29 27 -27 -28 -18
right_child=1 16 3 4 -6 6 -8 -9 -10 10 11 -13 -14 -15 -16 -17 17 18 -20 -21 21 -23 23 24 -26 26 28 -29 -30 -31
leaf_value=0.0013620996303312402 0.0027857243600377161 -0.0018552706871301195 0.022937587431133388 -0.0056610423574896688 0.0077902168401491776 0.0051330657519713758 0.028151529349202196 0.0017227505534501545 -0.022401308258413487 0.0021089201906136501 -0.0054508603775141945 -0.00053762381248102548 -0.024146991283533859 0.020404312636279037 -0.034218011762620452 0.030217316671092263 0.002237870468726407 -0.0033680834437235488 -0.00081092513409680451 -0.021277275110636568 0.023572153221301614 0.0011037456386209421 0.017836014768262329 -0.040154410853349309 -0.010721100428912009 0.001385944932448655 -0.0025157142524670638 -0.032447010978305615 0.011750301956844778 -0.0031570099451817459
leaf_weight=78225.244622739032 9279.5690036267042 68604.8646848239 1620.7861360199749 5984.4991014041007 7434.3299867510796 1383.8218467980623 509.03335139155388 22399.731986828148 381.11794861033559 803.02652291953564 4012.931348901242 70324.765148721635 848.00814062356949 844.37638676166534 77.963928569108248 831.12782207131386 44721.380078986287 6667.6365963667631 100798.74406151101 3111.1642623730004 1106.5005096420646 3367.0631978847086 1465.9940891191363 490.49324121326208 7722.5105764307082 2720.4590721204877 2224.1794625371695 524.90152862668037 8833.3299215324223 17238.882751241326
leaf_count=722713 92127 594752 13464 50509 69617 10094 4483 215148 5734 11664 40570 616899 10713 6852 1847 12555 374782 53569 869101 25376 7949 36183 11204 3505 54906 15556 14379 2490 65758 144366
internal_value=-1.65997e-05 -0.000288772 0.00079157 0.00285533 0.00174959 0.0129635 0.00571648 0.00016307 -0.00099704 -0.00015069 -0.000736622 -0.00107388 -0.00879805 0.00429252 0.013915 0.0165973 -0.00079665 -0.000218149 -0.00154527 -0.00909776 -0.00210236 0.00674131 -0.00260933 -0.00793923 -0.0125722 0.00170602 0.00589975 -0.00425138 0.00888138 0.000736346
internal_weight=474558 396333 126735 39713.3 35818.6 3894.76 2273.97 28384.2 1764.94 87021.8 76897.8 75185.7 4860.94 10123.9 1712.12 1634.15 269598 186841 110578 9778.8 82757.4 4473.56 78283.9 9679 8213 76263.1 14302.9 3245.36 11057.5 61960.3
internal_count=4158865 3436152 1162276 369049 335274 33775 20311 265657 15828 793227 694248 668182 51283 98979 26066 24219 2273876 1565377 948046 78945 708499 44132 664367 69615 58411 617331 98183 18046 80137 519148
is_linear=0
shrinkage=0.03


Tree=92
num_leaves=31
num_cat=0
split_feature=6 23 16 27 9 16 35 35 35 35 35 35 35 35 26 25 5 35 20 35 35 35 14 5 35 35 26 35 35 35
split_gain=197.843 184.38 191.121 208.699 288.528 231.571 182.842 270.351 173.578 259.37 148.349 132.29 142.611 128.771 125.478 124.217 122.959 122.065 216.171 214.553 188.505 172.047 151.243 179.985 158.92 227.883 128.329 114.814 138.296 149.834
threshold=-0.032645501196384423 1.0000000180025095e-35 -0.014988929964601992 0.49386480450630194 0.0075923705007880935 0.0044050652068108329 0.42291125655174261 0.39780005812644964 0.25866982340812689 0.35567307472229009 0.38924722373485571 0.57411360740661632 0.55101406574249279 0.43890498578548437 0.042962435632944114 0.026890162378549579 0.010422330349683763 0.49866288900375372 59.730604171752937 0.52155479788780224 0.44545404613018041 0.51692143082618724 64.386383056640639 0.010978790465742351 0.86123925447464 0.88213157653808605 0.02899089548736811 0.18948969244956973 0.1784622669219971 0.1705446392297745
decision_type=2 2 2 2 2 2 2 2 2 2 2 2 2 2 2 2 2 2 2 2 2 2 2 2 2 2 2 2 2 2
left_child=14 8 17 4 -4 11 7 10 27 -10 -6 12 -5 15 -1 -8 -13 18 -3 21 -20 -19 23 24 26 -26 -21 28 29 -2
right_child=1 2 3 5 6 -7 13 -9 9 -11 -12 16 -14 -15 -16 -17 -18 19 20 22 -22 -23 -24 -25 25 -27 -28 -29 -30 -31
leaf_value=0.0012107236863821635 -0.0020724985994595825 -0.00088564093734259507 -0.0015530239503268243 -0.0007624332003793009 0.0022171073397809792 -0.0023391492004957298 -0.012829309174886132 0.0091933437599759898 -0.011181470913418663 -0.0020950578091743599 -0.0067751349455671961 -0.00040974493347522206 -0.0082676597673181865 0.00033803333258094066 0.020495361448601104 -0.00050610487112714238 0.0031846744316444803 0.0054543614843669984 0.0090144163802900641 0.0014876678895439006 -0.0078179961577132199 0.021745001846349456 -0.0013349546353551439 0.0055788943160162922 -0.023751274453360643 -0.00047375456560882063 0.025130810975072405 0.0051679174050425613 -0.016475324320906478 0.023012204255129974
leaf_weight=89729.338913265616 3094.2431052774191 35437.809937098995 45423.992021776736 31177.855824746192 40928.863647064194 82705.134832046926 1346.8467250131071 5037.1876373030245 4305.4403627291322 8198.8411713838577 1701.4725223295391 17622.797140300274 2438.8426746316254 32894.172631025314 284.7788548246026 1599.1867556013167 16637.856965657324 2140.3345548026264 3583.1299024615437 17717.928746365011 702.06183516979218 793.40272296965122 11452.350142322481 11995.664581112564 526.96048022061586 1231.7939738929272 189.16181034594774 2937.0975444465876 539.8053324110806 210.14857263118029
leaf_count=821811 24959 333921 369942 265013 361918 723179 9842 39596 32514 64763 12987 147665 21599 282600 2202 13440 145255 21023 36929 147562 6465 7320 108943 107084 6282 15342 1320 21812 4606 1826
internal_value=1.03659e-05 -0.000285989 -0.000134972 -0.0005151 0.000370779 -0.00127356 0.00141735 0.00263417 -0.00314327 -0.00523653 0.0018552 2.5121e-05 -0.00131152 -0.000201591 0.00127627 -0.00618846 0.00133664 0.00110365 -0.000114935 0.00215445 0.00623318 0.00997742 0.00161774 0.00268594 0.000917436 -0.00763683 0.00176518 0.000720601 -0.00268646 -0.000348346
internal_weight=474585 384570 365285 279514 128932 150582 83507.7 47667.5 19285.6 12504.3 42630.3 67877.4 33616.7 35840.2 90014.1 2946.03 34260.7 85770.6 39723 46047.6 4285.19 2933.74 43113.9 31661.5 19665.8 1758.75 17907.1 6781.29 3844.2 3304.39
internal_count=4159720 3335707 3185227 2393036 1090325 1302711 720383 414501 150480 97277 374905 579532 286612 305882 824013 23282 292920 792191 377315 414876 43394 28343 386533 277590 170506 21624 148882 53203 31391 26785
is_linear=0
shrinkage=0.03


Tree=93
num_leaves=31
num_cat=0
split_feature=9 34 33 35 32 33 34 32 33 34 32 34 33 33 35 34 35 32 33 32 35 35 33 33 33 34 32 32 33 33
split_gain=187.126 279.429 891.047 906.254 670.789 580.355 564.248 490.704 520.021 428.204 380.106 475.322 403.797 407.564 524.68 557.287 525.486 721.728 376.438 358.206 351.686 514.837 426.519 348.009 572.69 684.129 447.683 672.489 1200.65 982.829
threshold=-0.035218300297856324 0.0074763279408216485 -0.0067772909533232442 0.19795468449592593 -0.007640289142727851 0.021076834760606292 0.008650485426187517 -0.008292883634567259 -0.019171130843460556 0.0064267243724316367 -0.0045352263841778031 0.008650485426187517 -0.026954179629683491 -0.022055992856621739 0.32231983542442327 0.043923599645495422 0.58565238118171703 -0.00018521653692005199 0.021869794465601448 0.0060937865637242803 0.19795468449592593 0.21833010017871859 -0.0096507952548563463 0.016183477826416496 0.015615454874932768 0.02578616235405207 0.0015933124814182522 -0.0033790608868002887 0.0022924124496057634 0.0030464858282357459
decision_type=2 2 2 2 2 2 2 2 2 2 2 2 2 2 2 2 2 2 2 2 2 2 2 2 2 2 2 2 2 2
left_child=-1 9 4 5 7 -4 -5 20 -9 -2 -6 -12 -13 -14 -15 -16 17 -17 -7 -11 22 -22 -3 24 26 -26 27 -8 -29 -30
right_child=1 2 3 6 10 18 23 8 -10 19 11 12 13 14 15 16 -18 -19 -20 -21 21 -23 -24 -25 25 -27 -28 28 29 -31
leaf_value=0.0011398758702636496 -0.00095997261685406969 -0.0099585679366293832 0.02103931029754345 0.018865473496325856 0.016478834974199209 -0.040723997515767815 -0.0033312138280810043 0.03578150351536831 -0.026849951995931622 -0.013615415514532077 -0.010869508494470582 -0.0037850819060115067 0.026649468663256393 -0.018890147644252842 0.012986435940578689 0.023254387103923919 0.0096456593738413025 -0.016615591194113166 0.0038221605217431663 0.021752515174974386 0.019442935142576865 -0.00088559789746746765 0.0061858890422971883 0.00039783877196258188 -0.034219063874791636 -0.004896957144324106 -0.0041375611825878178 0.016985157182059077 -0.027596732055529406 0.0023796794185616341
leaf_weight=100968.00271540694 173385.6330165118 3864.5320663377643 2766.7341684810817 1274.5451370887458 3610.3506085164845 195.26940801739693 18849.858899515122 117.48720226436853 1008.5337876230478 3550.5630753934383 1393.8409169986844 2621.820309240371 1065.8532768338919 627.00263008475304 9860.3461745753884 489.72551188617945 2963.9051899239421 2065.2893020175397 812.10486160218716 260.05316866934299 1812.8344761282206 2883.7414544560015 2355.0642503798008 77392.814245272428 1066.8897332809865 2123.771749548614 38696.768434550613 5122.8660682067275 1068.8707120418549 10238.210686851293
leaf_count=928035 1453494 49191 20178 13042 26575 2571 161582 2331 8196 27497 7947 31420 10293 2763 75181 4560 25188 24611 10285 2500 16800 30262 14378 719564 11613 16348 327594 44376 8078 81756
internal_value=-5.88567e-06 -0.000315626 0.000463824 -0.000505947 0.00467473 0.0139808 -0.000858547 -0.00112956 -0.0198047 -0.00117928 0.00750337 0.00595256 0.00715297 0.00883522 0.0076172 0.00872102 0.00108086 -0.00885236 -0.00543735 -0.0111008 0.000829508 0.0070102 -0.0038452 -0.00102362 -0.00244896 -0.0148537 -0.00191006 0.000534134 0.00496745 -0.000497747
internal_weight=474513 373545 196349 159609 36740.3 3774.11 155835 12042.2 1126.02 177196 24698.1 21087.8 19693.9 17072.1 16006.3 15379.3 5518.92 2555.01 1007.37 3810.62 10916.2 4696.58 6219.6 154560 77167.2 3190.66 73976.6 35279.8 16429.9 11307.1
internal_count=4158209 3230174 1746683 1416987 329696 33034 1383953 121158 10527 1483491 208538 181963 174016 142596 132303 129540 54359 29171 12856 29997 110631 47062 63569 1370911 651347 27961 623386 295792 134210 89834
is_linear=0
shrinkage=0.03


Tree=94
num_leaves=31
num_cat=0
split_feature=43 25 32 35 35 35 32 35 32 18 35 32 35 35 32 35 32 35 32 35 32 35 32 22 35 35 32 35 35 32
split_gain=204.763 234.081 228.097 366.557 304.141 272.02 309.584 300.555 655.573 285.306 283.785 258.947 715.577 261.127 292.392 254.965 932.839 1438.89 377.523 468.962 259.805 272.023 452.866 253.207 255.202 586.764 401.723 425.738 378.376 279.298
threshold=0.69526350498199474 1.0000000180025095e-35 0.010609809774905445 0.66535919904708873 0.79561480879783641 0.21833010017871859 -0.01810432784259319 0.22466856986284259 -0.015421228017657993 -0.0059633187483996144 0.75839194655418407 -0.02856467571109533 0.11674071848392488 0.11674071848392488 -0.026351015083491799 0.68453484773635875 0.007810059469193221 0.69646304845809948 0.0088297538459301012 0.74449557065963756 0.0096384696662426012 0.70370927453041088 0.0090181124396622198 -0.69583615660667408 0.35567307472229009 0.38521173596382147 -0.0051399664953351012 0.39780005812644964 0.41671648621559149 -0.0031672157347202297
decision_type=2 2 2 2 2 2 2 2 2 2 2 2 2 2 2 2 2 2 2 2 2 2 2 2 2 2 2 2 2 2
left_child=1 -1 4 -4 5 6 11 -7 -9 -8 15 12 -3 14 -13 23 17 -17 19 -18 21 22 -20 24 -10 29 -27 -28 -29 -26
right_child=-2 2 3 -5 -6 7 9 8 10 -11 -12 13 -14 -15 -16 16 18 -19 20 -21 -22 -23 -24 -25 25 26 27 28 -30 -31
leaf_value=-0.016002312000906599 -0.0009254785230062971 0.00031192883336003034 0.012648829212114188 0.0016597254350647276 -0.020933774220427262 -0.011063068383651602 0.0081723232351813661 0.031706381667004388 -0.0057906271057474442 0.001756639662819078 0.016512469174555462 -0.0090082985452005319 0.029336971774267681 -0.0059335856819935709 0.0075833465720880466 -0.020883783340588023 -0.021174140831821536 0.027138951925941866 -0.0075150317615811785 0.012171312823885892 -0.0092802109164793652 -0.0063416240212015428 0.025192425414951886 0.00039926969378503051 0.022829806340032094 0.040888485246292093 -0.019828360133382617 0.012432064582330695 -0.003030757195497915 0.0029498048352892851
leaf_weight=758.29058909229934 143675.92244541645 5220.8819492999464 2865.0813141167164 51717.215834401548 596.24996667727828 2271.7229631245136 10780.488550905138 560.12695556879044 12710.854561474174 14802.963741991669 887.98909797146916 1319.2347526624799 875.68150614202023 8746.606990672648 3327.2278688512743 806.26981543749571 2808.9317552410066 1744.5890519917011 658.22279268875718 425.10689336061478 4293.4186761714518 1662.978207193315 861.31780831515789 179969.3109905161 1278.5928922332823 171.48258623853326 1208.5314322598279 1561.9043035805225 14290.684446394444 1259.9379300922155
leaf_count=8756 1256859 62091 24782 503782 4106 23201 79142 6025 103927 118599 10805 11955 9828 93882 32340 7547 17231 8959 5897 2343 27939 18567 4764 1547358 9627 3376 10053 10239 121130 11244
internal_value=1.99413e-05 0.00043104 0.000469806 0.00224098 0.000118255 0.000165503 0.00229562 -0.000253133 -0.000144063 0.00446439 -0.000225585 -0.000552911 0.00456324 -0.00288513 0.00285419 -0.000292892 -0.00432547 0.0119157 -0.00820871 -0.0167431 -0.00448197 0.00200869 0.0111109 -4.08025e-05 -0.00247781 -0.000344296 -0.00233218 -0.00281396 -0.00149351 0.013063
internal_weight=474118 330442 329684 54582.3 275101 274505 45073.1 229432 227160 25583.5 226600 19489.6 6096.56 13393.1 4646.46 225712 13260.8 2550.86 10710 3234.04 7475.94 3182.52 1519.54 212451 32482 19771.1 17232.6 17061.1 15852.6 2538.53
internal_count=4156354 2899495 2890739 528564 2362175 2358069 407837 1950232 1927031 197741 1921006 210096 71919 138177 44295 1910201 93247 16506 76741 19574 57167 29228 10661 1816954 269596 165669 144798 141422 131369 20871
is_linear=0
shrinkage=0.03


Tree=95
num_leaves=31
num_cat=0
split_feature=25 32 27 16 35 33 33 33 34 33 34 32 32 34 34 33 33 32 32 34 33 33 34 34 33 32 35 34 35 33
split_gain=184.352 218.352 203.113 254.162 292.668 309.755 732.829 607.395 618.459 494.238 460.685 421.995 877.855 553.086 441.789 409.269 785.742 406.345 356.98 337.082 305.432 296.506 687.671 533.191 416.085 429.246 332.719 342.29 320.429 487.633
threshold=1.0000000180025095e-35 -0.041274044662713998 0.31919887661933904 -0.0034171945881098504 0.39780005812644964 -0.064229741692543016 -0.038446523249149316 -0.010808091145008801 0.008650485426187517 -0.011835704091936348 0.016872515901923183 0.0075137966778129348 0.007810059469193221 -0.0075412576552480451 -0.054370544850826256 -0.015923499129712578 -0.014882357791066168 0.0030001203995198016 -0.0015136410365812478 -0.054370544850826256 -0.026954179629683491 0.023700983263552192 0.017901685088872913 0.047592170536518104 0.0098811555653810518 0.01634942460805178 0.70370927453041088 0.043923599645495422 0.74449557065963756 0.02467537205666304
decision_type=2 2 2 2 2 2 2 2 2 2 2 2 2 2 2 2 2 2 2 2 2 2 2 2 2 2 2 2 2 2
left_child=1 -1 -2 4 -4 19 17 8 9 11 -10 13 -13 14 -8 -14 -17 -7 -9 -6 -12 22 -20 24 25 26 -24 -28 -23 -30
right_child=2 -3 3 -5 5 6 7 18 10 -11 20 12 15 -15 -16 16 -18 -19 21 -21 -22 28 23 -25 -26 -27 27 -29 29 -31
leaf_value=0.024163610742968016 0.00084825703032344606 -0.019878149751028668 -0.001830061260650004 -0.0012760366828367285 -0.019274148109321442 0.030686137647419121 0.0037429826685015902 -0.0083496059304544422 0.026626256869756941 -0.023543784656222966 -0.017644929768694095 0.035067602314310442 0.0034180534580351431 0.0077179360282911185 -0.017435041882963413 -0.032375865653118605 -0.0005681566868373048 0.0085573433626269946 0.0063314994935024524 0.019606760168946861 0.0071152895315577174 -0.0027156367566926148 -0.0092594831532850554 0.006254189584100657 0.0023716405484287199 -0.022428712762063735 0.012473023784318138 -0.02079780239211227 -0.035717102440825717 0.0056382434652232482
leaf_weight=100.08607725799084 171528.75045207143 719.09551639668643 37077.392424061894 157833.599476384 1156.3721235468984 920.02308175340295 1072.3684401363134 2838.7695001289248 861.43174576759338 1328.3915612585843 565.0427516438067 580.05887293815613 4282.2323610000312 1317.596939727664 4927.2780431509018 1007.3609811142087 2188.9924203567207 3782.5646078065038 33418.423186086118 225.04622875899076 1900.5846082046628 16367.480432920158 4577.7475742176175 6515.684598967433 5174.7470309846103 1583.6924572587013 1416.9221569783986 326.16114550828934 244.84368439018726 8473.5599223598838
leaf_count=1674 1472343 7811 347286 1365553 17136 7654 14746 21596 6874 14161 5604 2521 45071 11315 45034 6437 17922 40368 278153 3500 19378 150661 36961 55228 45524 12729 11175 1776 1827 89883
internal_value=-9.92783e-07 -0.0140496 2.39048e-05 -0.000444388 0.000466378 0.00126193 0.00144749 0.000907053 -0.00376769 -0.00612038 0.00801053 -0.00458646 0.000152393 -0.00979166 -0.0136499 -0.00264203 -0.0107316 0.0129983 0.00206465 -0.0127507 0.00134472 0.00244523 0.00371639 -0.000745486 -0.00423673 -0.00855801 -0.00502291 0.00608217 -0.000241901 0.00439775
internal_weight=474312 819.182 473493 301964 144131 107053 105672 100969 20031.3 16704.3 3327.06 15375.9 8058.64 7317.24 5999.65 7478.59 3196.35 4702.59 80938 1381.42 2465.63 78099.3 53013.4 19595 13079.3 7904.52 6320.83 1743.08 25085.9 8718.4
internal_count=4157901 9485 4148416 2676073 1310520 963234 942598 894576 189063 157207 31856 143046 71951 71095 59780 69430 24359 48022 705513 20636 24982 683917 441546 163393 108165 62641 49912 12951 242371 91710
is_linear=0
shrinkage=0.03


Tree=96
num_leaves=31
num_cat=0
split_feature=43 32 32 32 34 32 32 34 34 34 34 34 34 34 34 32 32 34 32 32 32 34 34 32 32 34 32 34 34 32
split_gain=215.586 221.157 256.596 1111.43 728.337 481.736 407.813 1329.58 557.414 480.115 398.983 968.2 374.514 1027.16 387.378 323.199 541.96 309.561 297.7 360.998 529.931 600.991 1129.58 665.287 457.389 871.968 406.13 287.06 282.789 430.475
threshold=0.72648400068283092 0.010609809774905445 0.001789768517483026 0.0023661317536607389 -0.054370544850826256 0.0013818392762914302 0.0033974709222093229 0.076394002884626402 0.070729009807109847 -0.03053368907421827 0.019406237639486793 0.026874672621488575 -0.011635823640972374 -0.0082228151150047762 -0.015552219469100235 0.0086359218694269674 0.0049684937112033376 0.068464327603578581 0.0037086271913722162 0.0047825209330767402 0.0045168031938374051 -0.010479332413524388 -0.019969875924289223 0.0043584010563790807 0.0058972593396902093 -0.0052562095224857322 0.0049684937112033376 0.065712161362171187 0.0074763279408216485 1.0000000180025095e-35
decision_type=2 2 2 2 2 2 2 2 2 2 2 2 2 2 2 2 2 2 2 2 2 2 2 2 2 2 2 2 2 2
left_child=1 2 5 -4 -5 28 7 9 17 -6 -7 -12 14 -14 -11 16 -10 18 -8 20 21 22 23 -20 25 26 -21 -22 -1 -30
right_child=-2 -3 3 4 6 10 8 -9 15 12 11 -13 13 -15 -16 -17 -18 -19 19 24 27 -23 -24 -25 -26 -27 -28 -29 29 -31
leaf_value=-0.00051248577696338276 -0.0010851241614140193 0.0020575100215883004 -0.013349062660420167 0.0091020697097151503 -0.012786795973775002 0.017857740795535076 -0.013283618304623653 -0.021881172545095827 -0.0029797756429073463 0.013762508228417299 -0.037802363120396462 0.012980883059197134 -0.025509059787294622 0.01213687389558434 0.042074051720076042 -0.0045757482166999446 0.011949850304812264 -0.023910249423214319 -0.0075625966726080495 0.0011880703508932785 0.010078626638512063 -0.0046357944262499871 0.033624206507375645 0.027133631344880046 -0.0019674352062741709 -0.0018751400053733842 -0.02265167286624227 0.038062254994234566 0.0028550599223759418 -0.0039881970770059569
leaf_weight=107577.41449125111 128811.55501661636 57141.774444703013 6311.3277053795755 6765.6466034390032 804.7822279818356 2622.120105497539 2265.3719549812376 1441.6746624186635 3360.2114931680262 1590.539791405201 444.73211394250393 1217.9753909260035 732.16308332979679 4934.364080902189 598.19893090426922 2976.0038910284638 6218.7430120445788 601.335683375597 2482.6719576232135 767.52017576247454 1531.3795893490314 9312.4566234089434 1180.5943954735994 600.75637501105666 40067.436910785735 6758.2269468531013 3887.8236440047622 409.94700667262077 61142.90550147742 9549.2158705163747
leaf_count=927346 1126780 553763 50686 71693 11372 29006 20885 10798 37588 12540 2482 17035 4611 48589 2550 25028 56363 2579 17973 4730 11212 66814 6977 4332 325214 56500 26594 2419 545853 76956
internal_value=-3.78236e-05 0.00035291 1.47624e-05 -0.00116217 -0.000384971 0.000695618 -0.00108052 0.0046029 -0.00177805 0.00905207 0.0106124 -0.000890207 0.0113163 0.00720009 0.0218112 0.00403745 0.00671737 -0.00282396 -0.00263405 -0.00227011 0.00173917 -0.000366098 0.00893686 -0.000671298 -0.00347882 -0.00877182 -0.018733 0.0163158 0.000456099 0.00192979
internal_weight=474107 345295 288154 105599 99287.8 182554 92522.2 10101.7 82420.5 8660.05 4284.83 1662.71 7855.27 5666.53 2188.74 12555 9578.95 69865.5 69264.2 66998.8 15517.8 13576.5 4264.02 3083.43 51481 11413.6 4655.34 1941.33 178270 70692.1
internal_count=4157268 3030488 2476725 878047 827361 1598678 755668 90460 665208 79662 48523 19517 68290 53200 15090 118979 93951 546229 543650 522765 109727 96096 29282 22305 413038 87824 31324 13631 1550155 622809
is_linear=0
shrinkage=0.03


Tree=97
num_leaves=31
num_cat=0
split_feature=25 41 43 24 32 35 32 33 35 18 35 32 33 33 33 33 32 33 35 35 35 32 32 33 33 35 32 35 32 35
split_gain=182.908 224.032 196.962 274.202 221.54 229.954 254.188 436.378 317.279 307.769 242.038 479.493 372.444 372.076 438.485 759.567 790.546 605.44 492.35 415.468 418.242 409.346 319.381 310.65 588.471 461.105 322.963 273.857 328.86 262.824
threshold=1.0000000180025095e-35 0.03285478241741658 0.53721460700035106 0.032978415489196784 0.019189972430467609 0.21833010017871859 -0.01810432784259319 -0.059739705175161355 0.059641739353537566 0.00060925725847482692 0.22466856986284259 -0.015421228017657993 -0.064229741692543016 -0.048507720232009881 -0.031214697286486622 -0.024687093682587143 -0.002536405459977686 -0.023167964071035382 0.68453484773635875 0.26354099810123449 0.7863549292087556 0.011037581134587528 -0.013018006924539803 -0.045113515108823769 -0.038446523249149316 0.43890498578548437 0.0030001203995198016 0.23088207840919497 -0.012596955522894858 0.26916609704494482
decision_type=2 2 2 2 2 2 2 2 2 2 2 2 2 2 2 2 2 2 2 2 2 2 2 2 2 2 2 2 2 2
left_child=1 -1 4 -4 5 6 7 8 -2 -9 -7 -12 -13 -14 19 16 -16 -17 -18 22 21 23 -15 -21 26 -26 -25 28 -19 -29
right_child=2 -3 3 -5 -6 10 -8 9 -10 -11 11 12 13 14 15 17 18 27 -20 20 -22 -23 -24 24 25 -27 -28 29 -30 -31
leaf_value=-0.025544373447447768 -0.0031015914050093029 0.0065279406660007332 -0.0020851813637920032 0.00014030216691982803 0.004693465494230659 -0.011036126282388991 0.0048948047544567531 -0.0066488273444568211 0.016995230891124771 0.0032479610013919943 0.031191016754602067 -0.015911312497138123 0.010259647036056283 0.0038882791376005661 0.026851934089864474 -0.02379385483356479 -0.0049622769840992785 -0.0267533222415441 0.019445780970967011 -0.019808974510831062 -0.031243359016145295 0.027029318893533317 -0.028916616244944238 0.024276238295057921 0.0060596941915859997 -0.017343208921502276 -0.0042820696069458992 -0.0048216465720792986 0.016929951033925545 0.00023499327021262204
leaf_weight=520.29597650840878 1093.2787632234395 296.9053964111954 76644.601832222193 142328.88012807444 11288.31851772964 1746.797197945416 19713.414436239749 7388.6399700567126 1953.4098924435675 4558.3422935679555 425.89881622418761 1287.740720808506 3204.652880243957 343.22144827991724 1897.935223095119 941.25223599001765 2338.8723013885319 155.56977472454309 1066.8629735149443 877.35947334766388 438.143967628479 401.30305749177933 1118.9318185225129 1013.5981063097715 1247.8966872505844 1877.5078958533704 535.85559816285968 9744.353587590158 1437.2685251049697 175905.75107391179
leaf_count=5722 12066 3824 619851 1296758 127905 17912 152623 75978 24072 49806 4656 22250 30484 4290 12063 7869 26519 2698 11744 6681 5593 5565 8200 11555 13266 19515 7006 83373 10831 1475025
internal_value=-4.25546e-06 -0.0140143 2.05425e-05 -0.000638776 0.000588942 0.000397674 0.00265753 -0.000286597 0.00981046 -0.00287361 2.03853e-05 0.000115083 4.77584e-05 0.000149776 -1.21407e-05 0.000270239 0.0114451 -4.58884e-05 0.00275255 -0.00695191 -0.00362095 -0.00149031 -0.0212675 -0.00364126 -0.000535511 -0.00801989 0.0144711 7.60189e-05 0.0123846 -3.09091e-05
internal_weight=473793 817.201 472976 218973 254002 242714 34707.1 14993.7 3046.69 11947 208007 206260 205834 204546 201342 193488 5303.67 188184 3405.74 7853.82 6391.66 5953.52 1462.15 5552.22 4674.86 3125.4 1549.45 187243 1592.84 185650
internal_count=4155700 9546 4146154 1916609 2229545 2101640 314545 161922 36138 125784 1787095 1769183 1764527 1742277 1711793 1630122 50326 1579796 38263 81671 69181 63588 12490 58023 51342 32781 18561 1571927 13529 1558398
is_linear=0
shrinkage=0.03


Tree=98
num_leaves=31
num_cat=0
split_feature=43 25 41 21 10 35 35 35 35 33 33 33 33 35 33 33 33 33 35 33 33 33 35 33 33 33 35 33 35 35
split_gain=182.256 187.517 194.532 184.786 180.886 200.7 388.403 373.84 435.239 346.073 574.63 430.071 439.798 272.754 408.675 270.676 365.957 519.804 529.161 224.867 315.725 212.569 348.99 187.537 181.84 177.898 232.57 222.105 407.455 265.065
threshold=0.75799989700317394 1.0000000180025095e-35 0.0085984580218791979 1.0000000180025095e-35 -0.026114144362509247 0.39780005812644964 0.41671648621559149 0.31297223269939428 0.29550418257713323 -0.041936524212360375 -0.024687093682587143 -0.022055992856621739 -0.018673303537070748 0.19795468449592593 -0.014882357791066168 -0.064229741692543016 -0.038446523249149316 -0.028275797143578526 0.88213157653808605 -0.0027886325260624285 -0.0096507952548563463 0.057125721126794822 0.84152835607528698 -0.0070511570665985337 -0.018042141571640965 -0.015375064685940741 0.1705446392297745 -0.059739705175161355 0.1394230201840401 0.059641739353537566
decision_type=2 2 2 2 2 2 2 2 2 2 2 2 2 2 2 2 2 2 2 2 2 2 2 2 2 2 2 2 2 2
left_child=1 2 -1 -3 5 7 -7 8 13 -9 -11 -12 -13 14 25 -8 -17 18 -18 20 -10 -19 -23 -22 -14 26 27 29 -29 -5
right_child=-2 3 -4 4 -6 6 15 9 19 10 11 12 24 -15 -16 16 17 21 -20 -21 23 22 -24 -25 -26 -27 -28 28 -30 -31
leaf_value=-0.026178875972044404 -0.0010385805120625435 0.0024700779845182072 0.0038538799565684249 -0.0095170522193711912 -0.0004119061237924255 0.01057941983716211 -0.020998480789669219 -0.023113858689513465 0.014492328332513016 0.021872339891965974 -0.033409679179008972 0.025709978509817759 -0.026994221297060087 -0.0025033689236803837 0.010310955359749321 0.012588205509742488 -0.019608685766761169 0.0020454679871909518 0.018323474738617649 0.017593765115492214 -0.032208214674502675 -0.010141496874113235 0.01301506377090653 0.00095443986100850696 -0.0040602072375670048 -0.033276194013483723 0.0090355268666249371 -0.0010409293602754073 -0.021678523517303688 0.019410235014494487
leaf_weight=462.52033273875713 113674.59448053129 34149.018234506249 317.0945065766573 444.7493204921484 199212.41028069332 4428.915517501533 460.27291490882635 811.87312237173319 765.12879165634513 759.14151407778263 431.63076593726873 425.05943306162953 299.60080498456955 15611.528165340424 4785.8675310499966 2610.0847285501659 1852.8281743228436 65367.625382181257 385.47030153870583 2075.317993696779 262.16969091817737 2857.3692088909447 717.19612291827798 334.04766666889191 13027.728528939188 128.90389361232519 1853.4884172230959 3571.2652091234922 1115.4620921090245 728.86450602859259
leaf_count=5094 993942 290867 4030 4488 1697012 35064 6278 8807 8079 7171 3622 5466 2785 141283 43798 27589 19992 590432 3642 23198 2361 25356 8218 5086 116022 1022 20525 36366 9998 9700
internal_value=8.6285e-06 0.000339106 -0.0141727 0.000371365 0.000150926 0.00103993 0.00196898 -0.00050135 0.001377 -0.00427488 -0.00322182 -0.00459379 -0.00364217 0.000146985 0.00342214 0.00145267 0.00159836 0.00119196 -0.0129717 0.0114251 0.00190255 0.00165543 -0.00544883 -0.0142 -0.00461544 -0.000797153 -0.000169754 -0.003102 -0.00602401 0.00847225
internal_weight=473927 360253 779.615 359473 325324 126112 78679.8 47431.8 31676.8 15755 14943.2 14184 13752.4 28240.1 12628.6 74250.8 73790.6 71180.5 2238.3 3436.66 1361.35 68942.2 3574.57 596.217 13327.3 7842.73 7713.83 5860.34 4686.73 1173.61
internal_count=4157293 3163351 9124 3154227 2863360 1166348 716571 449777 305904 143873 135066 127895 124273 267180 125897 681507 675229 647640 23634 38724 15526 624006 33574 7447 118807 82099 81077 60552 46364 14188
is_linear=0
shrinkage=0.03


Tree=99
num_leaves=31
num_cat=0
split_feature=26 33 24 33 32 33 32 32 32 33 33 33 33 33 32 33 32 33 33 20 33 33 33 33 32 33 32 27 32 33
split_gain=185.725 333 271.737 248.419 263.002 210.443 203.895 240.256 255.789 334.491 468.648 256.754 250.474 397.341 382.549 444.442 420.015 257.722 301.03 228.865 213.947 208.888 198.851 281.966 194.134 185.033 184.087 181.292 284.546 196.358
threshold=-0.00060926080914214243 -0.012578809168189762 0.02375208213925362 -0.0053850426338613025 -0.026351015083491799 0.0069533933419734248 0.01019556447863579 -0.006126526976004242 -0.0012608965043909846 0.0030464858282357459 0.0054054979700595149 0.014746565837413074 0.0022924124496057634 0.0046030834782868632 0.001789768517483026 -0.0026019623037427659 0.0088297538459301012 0.013511817436665298 0.018742998130619529 49.040634155273445 0.019428063184022907 -0.010257564485073088 -0.001757565652951598 -0.00067508267238736142 -0.0020840164506807919 0.034461081027984626 0.0041160879191011199 0.17649178206920627 -0.011543228756636379 -0.059739705175161355
decision_type=2 2 2 2 2 2 2 2 2 2 2 2 2 2 2 2 2 2 2 2 2 2 2 2 2 2 2 2 2 2
left_child=3 27 6 -1 5 -5 7 19 9 21 -11 -12 14 26 -10 16 -16 -15 -19 -3 -20 -9 -17 -24 -13 -8 -14 28 29 -2
right_child=1 2 -4 4 -6 -7 25 8 12 10 11 24 13 17 15 22 -18 18 20 -21 -22 -23 23 -25 -26 -27 -28 -29 -30 -31
leaf_value=-0.00061165091543893531 0.010545050248921257 -0.0052662591848978311 -0.00057743645732770844 0.0016631926414904701 0.0014000473272610323 0.036372881520273036 0.0041677780611214807 0.0054510587741283169 0.013783173075981989 0.019896069713015087 -0.016555978098601914 -0.0051960428805879659 -0.033780980790126258 0.001253702354016138 -0.014351607686838649 0.031679941463419112 0.019748798448699634 -0.016530271615494602 0.021250979670217759 0.0073227479010386466 -0.0049860121196943765 -0.016634986224424421 -0.015628970386107492 0.0171702482674993 0.019400465760127297 -0.0082733461612683173 -0.011121126549658581 0.00027183641193231217 0.0076072795777078327 -0.001172972591182903
leaf_weight=83467.295643275604 1468.8746191095561 2308.872536662966 153888.13088626973 289.43402767926455 125494.08515912667 329.41416715085506 5173.968391764909 412.50029610842466 1695.9683781936765 655.41012505441904 1477.1193876937032 1126.2900040410459 558.06245391815901 5475.9391604959965 2408.4387530423701 308.2439691722393 357.52271698787808 2221.0116317234933 271.41759163141251 2922.9756050854921 7244.3042463622987 4442.0250135436654 367.04451128467917 586.43288802728057 366.12633308023214 1337.5133130699396 801.14327809214592 47998.393402572721 9030.7537533193827 9473.8523395471275
leaf_count=741420 17583 19162 1339439 3053 1105425 6645 43659 3941 12950 4187 11672 10723 2996 39037 14970 1617 2287 15827 1947 23455 60301 27422 3380 5056 2178 14837 4632 456104 76060 85949
internal_value=-9.1173e-06 -0.000537847 -0.00116418 0.000657845 0.00149802 0.0206995 -0.00328651 -0.00416963 -0.00517957 -0.00961019 -0.00269233 -0.0077776 -0.00348741 -0.00535448 0.00191818 -0.00312133 -0.00983373 -0.0039508 -0.00687438 0.00176818 -0.00398462 -0.0147436 0.0115175 0.00448238 0.00101484 0.00159476 -0.0207798 0.00127175 0.00367199 0.000416341
internal_weight=473959 264378 196406 209580 126113 618.848 42518.3 36006.8 30775 8479.47 3624.95 2969.54 22295.5 16571.9 5723.65 4027.68 2765.96 15212.7 9736.73 5231.85 7515.72 4854.53 1261.72 953.477 1492.42 6511.48 1359.21 67971.9 19973.5 10942.7
internal_count=4157914 2301371 1665675 1856543 1115123 9698 326236 267740 225123 60123 28760 24573 165000 124740 40260 27310 17257 117112 78075 42617 62248 31363 10053 8436 12901 58496 7628 635696 179592 103532
is_linear=0
shrinkage=0.03


Tree=100
num_leaves=31
num_cat=0
split_feature=9 5 23 10 32 43 27 32 32 32 32 4 4 32 42 32 32 32 32 32 32 32 14 12 14 20 10 32 32 32
split_gain=172.301 194.455 210.65 214.484 188.938 169.06 154.54 138.221 441.517 256.803 310.288 185.928 181.517 146.41 133.119 130.843 200.067 387.787 229.037 427.962 218.038 357.889 187.969 179.264 160.292 159.603 157.756 121.908 199.345 127.345
threshold=-0.031698053702712052 -0.024195347912609574 0.25001826882362371 -1.0000000180025095e-35 -0.02856467571109533 0.40958166122436529 0.49386480450630194 -0.01810432784259319 -0.015421228017657993 -0.02856467571109533 -0.034430555999279015 -0.25291422009468073 -0.14163960516452787 -0.026351015083491799 0.37901800870895391 -0.00043507090595085168 0.001789768517483026 0.0023661317536607389 0.0049684937112033376 0.005423812661319972 0.0041160879191011199 0.0033974709222093229 46.796451568603523 3.5624810457229619 63.768396377563484 33.162214279174812 -0.015079070813953875 0.01847008336335421 0.015679034404456619 0.013692543376237156
decision_type=2 2 2 2 2 2 2 2 2 2 2 2 2 2 2 2 2 2 2 2 2 2 2 2 2 2 2 2 2 2
left_child=7 -2 -3 4 -4 14 -5 9 12 10 11 -1 -9 -11 -6 26 -17 22 20 -20 21 25 -18 27 -23 -19 -10 28 29 -21
right_child=1 2 3 6 5 -7 -8 8 15 13 -12 -13 -14 -15 -16 16 17 18 19 23 -22 24 -24 -25 -26 -27 -28 -29 -30 -31
leaf_value=-0.016041975023933397 0.0015215523311131287 -0.00228484625138799 0.014674967286282323 6.4869744311522116e-05 0.0030086567077716097 -0.00042350831783355582 -0.0020129088824858434 0.018089534811959379 -0.0022451891271375968 -0.014701204915574133 0.016021651454419503 0.0030165165793317465 0.005313332520077243 -0.0035570339394129869 8.505814516552306e-05 0.006815023618115151 -0.018012086306151247 0.011883640761019661 -0.013255880833035978 0.0019002578510806077 0.011154151421761363 -0.0091339395054476809 0.0043082085015268895 -0.00082691117341807954 0.010940344568162411 -0.0067258448758073571 0.001659180697285097 0.0071718678397558171 -0.0063975842689647415 0.0090695433707428073
leaf_weight=631.98942914605141 44901.983752585948 54469.217854199931 835.3015041667968 57679.878414256498 32580.244147911668 73467.921002428979 72956.380637547001 1794.260974984616 20242.641224585474 1324.0819676350802 1253.3869769256562 1554.3948515728116 2286.824726216495 5145.2084459625185 24591.189515301958 6392.292597990483 1339.1085734441876 2609.1774605251849 1861.6782911643386 12584.674395807087 4027.5113611742854 2248.8716419413686 443.70854193344712 18387.443323142827 407.55802330374718 478.99541332572699 17217.521813064814 5219.2172729931772 2226.3569186851382 2694.8659142740071
leaf_count=6676 409231 450285 8385 482393 290106 648824 630732 15353 184441 13320 14221 20701 17288 53324 209563 60819 10540 24169 15899 111496 32238 18080 5790 169244 3183 5317 145175 53682 24113 22267
internal_value=-6.61229e-06 -0.000325572 -0.000587638 -0.000234794 0.000620596 0.000528501 -0.00109564 0.00101931 0.00134659 -0.00236082 0.00424645 -0.00258795 0.0109913 -0.00587621 0.0017516 0.000944357 0.00180205 0.00121211 0.00167914 0.000735304 0.00581983 0.00205425 -0.0124708 0.001375 -0.00599534 0.00897249 -0.000450726 0.00315577 0.0019516 0.00317491
internal_weight=473854 361482 316580 262111 131475 130639 130636 112372 102463 9909.06 3439.77 2186.38 4081.09 6469.29 57171.4 98381.6 60921.5 54529.2 52746.4 42974.2 9772.11 5744.6 1782.82 41112.6 2656.43 3088.17 37460.2 22725.1 17505.9 15279.5
internal_count=4156855 3129519 2720288 2270003 1156878 1148493 1113125 1027336 919094 108242 41598 27377 32641 66644 499669 886453 556837 496018 479688 396701 82987 50749 16330 380802 21263 29486 329616 211558 157876 133763
is_linear=0
shrinkage=0.03


Tree=101
num_leaves=31
num_cat=0
split_feature=27 20 18 34 35 35 35 35 35 35 34 35 8 34 34 5 5 35 34 35 35 1 34 34 34 34 34 35 14 35
split_gain=174.556 239.986 238.113 229.806 305.863 282.658 278.588 244.7 241.426 325.495 526.585 439.348 258.286 447.449 757.725 236.516 219.976 208.179 205.661 270.832 292.161 523.187 267.028 248.043 204.082 200.546 199.935 197.34 188.703 216.595
threshold=0.31919887661933904 56.463523864746101 -0.010783840902149676 -0.12285920977592467 0.80529150366783153 0.88213157653808605 0.77454978227615368 0.73382672667503368 0.39780005812644964 0.41671648621559149 0.020178014412522319 0.40745401382446295 0.017704360187053684 0.047592170536518104 0.043923599645495422 0.029580110684037212 0.0023082630941644315 0.42291125655174261 -0.044298728927969926 0.38521173596382147 0.37352612614631658 -0.0033383409027010198 0.12774557620286944 0.025130776688456539 0.026874672621488575 0.049347488209605224 0.034743998199701316 0.32231983542442327 76.685527801513686 0.45058386027812963
decision_type=2 2 2 2 2 2 2 2 2 2 2 2 2 2 2 2 2 2 2 2 2 2 2 2 2 2 2 2 2 2
left_child=1 2 -1 4 6 -6 7 -2 18 10 11 -10 13 14 28 -9 -13 -3 -5 20 22 -22 -20 -21 -12 26 -26 -24 29 -11
right_child=3 17 -4 8 5 -7 -8 15 9 12 24 16 -14 -15 -16 -17 -18 -19 19 23 21 -23 27 -25 25 -27 -28 -29 -30 -31
leaf_value=0.001646272375763296 0.013521482725236617 0.0038398376704057635 -0.0010903296350041798 -0.0054259462871024356 -0.017783842846586552 0.0083531179139565825 0.033224289142868513 -0.027293201519950079 0.0021020473071728012 -0.0049452066761388426 -0.017498061946657477 0.02246217456989905 -0.0015883626326162713 0.0045813549595312524 -0.019310285558583776 0.011286691909506203 0.007717663477264566 -6.4539058339941439e-05 -0.00096335655795028456 -0.010819447821805326 0.018616417372993427 -0.0036874337646066128 -0.00045057863407603477 0.0015940228515045436 -0.0024170297253125884 -0.0049539041398545258 0.023751707238639449 -0.035013875797405815 -0.003629482059490154 0.00096256691588272902
leaf_weight=47927.492360366508 1694.7369644101709 34134.175668355078 70953.202789600939 12749.808691650629 710.36455702409148 742.19513181969523 462.84152146801353 285.41754642874002 3612.087335370481 5966.8389586396515 749.51876413822174 2321.5392004102468 82419.766782496125 20878.076954882592 1820.8318949006498 253.04518138617277 1539.4364625290036 19198.895986970514 56823.080591943115 4649.8051317408681 1866.5966537892818 1888.5500872470438 252.84505281224847 2093.5331673063338 521.95197590813041 2561.1947146579623 502.40624807029963 342.68294045329094 10794.085993077606 83288.769983880222
leaf_count=416100 32164 305104 596940 133912 9617 10368 4994 4990 22022 51491 3860 16595 726760 189756 14477 2212 11802 163200 485661 32854 15061 18929 4667 17349 4941 22058 3641 4499 102153 730034
internal_value=1.1885e-06 0.000763245 1.30398e-05 -0.000433691 0.00656139 -0.00449692 0.0125086 0.00795834 -0.000531624 -1.06131e-05 0.0048285 0.0096444 -0.000289564 0.000582633 -0.000237632 -0.00940805 0.0166534 0.00243484 -0.00193268 -0.0012755 -0.000645458 0.00743919 -0.0011766 -0.00697225 -0.00347961 -0.000468407 0.0106267 -0.0208307 0.000113267 0.000566606
internal_weight=474006 172214 118881 301792 4148.6 1452.56 2696.04 2233.2 297643 216977 11808.1 7473.06 205168 122749 101871 538.463 3860.98 53333.1 80666.9 67917.1 61173.8 3755.15 57418.6 6743.34 4335.07 3585.55 1024.36 595.528 100050 89255.6
internal_count=4158211 1481344 1013040 2676867 64345 19985 44360 39366 2612522 1899590 84919 50419 1814671 1087911 898155 7202 28397 468304 712932 579020 528817 33990 494827 50203 34500 30640 8582 9166 883678 781525
is_linear=0
shrinkage=0.03


Tree=102
num_leaves=31
num_cat=0
split_feature=34 34 32 32 32 32 32 32 32 32 34 32 32 34 32 32 32 32 32 34 34 34 32 34 32 34 34 34 32 32
split_gain=173.907 443.308 513.618 370.658 329.438 462.784 441.287 377.536 270.289 238.352 589.576 313.745 271.023 267.573 744.03 684.995 341.988 532.842 283.917 666.328 1101.53 318.377 312.166 321.901 306.76 470.411 914.139 468.704 437.399 341.944
threshold=0.065712161362171187 0.067046999931335463 0.0049684937112033376 0.0075137966778129348 -0.013702181633561848 -0.011964013334363697 -0.026351015083491799 -0.034430555999279015 0.0086359218694269674 0.021241558715701107 -0.063797727227210985 0.027440025471150879 0.023361636325716976 -0.12285920977592467 -0.034430555999279015 -0.041274044662713998 -0.0055259522050619117 -0.0041014768648892632 0.01634942460805178 -0.034658784046769135 -0.039083503186702721 -0.02160988841205835 0.01847008336335421 -0.051768980920314782 0.013692543376237156 0.025130776688456539 0.0056202784180641183 0.052333978936076171 0.014234818983823063 0.01294582197442651
decision_type=2 2 2 2 2 2 2 2 2 2 2 2 2 2 2 2 2 2 2 2 2 2 2 2 2 2 2 2 2 2
left_child=9 2 -2 -4 6 -6 7 -3 -5 13 11 12 -11 14 -1 -15 -16 -18 24 20 22 -21 -20 -24 29 26 28 -27 -26 -17
right_child=1 4 3 8 5 -7 -8 -9 -10 10 -12 -13 -14 15 16 18 17 -19 19 21 -22 -23 23 -25 25 27 -28 -29 -30 -31
leaf_value=-0.018732652516024861 0.023961701643252169 -0.0075683296013604687 -0.018839665828712597 0.038798138386731289 0.024788290187160632 0.0010279225890881727 -0.017276505482921322 0.029325178011818016 0.0041581930566470414 0.0080427043396978336 0.0079412253413303612 -0.00068326529223991744 -0.028982558171319735 0.020953448705646763 0.020420752701227712 -0.00037539515528693098 -0.030034055644728833 0.0093715491514584082 -0.01434857857773604 -0.031038660421295675 0.027658239153558358 -0.007150443983660883 -0.0080155266890761159 0.026078938019587834 0.014129061576298859 -0.013116995367896617 0.025740692295971201 0.01780772980735985 -0.0012997303659430888 -0.0070677896646491193
leaf_weight=873.33789267018437 1633.8038099594414 617.67891251668334 558.45875142514706 215.31951266527176 727.85376534983516 54988.049262180924 1928.8783642351627 392.16147131100297 1514.1384196430445 219.39474773034453 8822.321141127497 2198.6823985539377 777.88546259328723 1323.7797355093062 2001.1046322882175 357643.49075572379 340.73324117437005 2135.3118480816483 1488.4538896344602 509.94471025839448 1360.4416783824563 10507.803167205304 540.59809419885278 431.67168164253235 2235.8277795687318 2170.2468688301742 1905.777050036937 533.88725412636995 6184.8475417271256 6985.9372599832714
leaf_count=12553 14679 10218 3347 2671 8316 519819 17300 7564 11975 4843 95290 22399 10150 18290 33249 3018394 7235 38695 14245 5458 9204 92662 9827 3210 15764 17995 16630 7734 56581 52063
internal_value=1.11878e-05 0.0014843 0.0112233 0.00199801 0.000829537 0.0013471 -0.00892591 0.00705016 0.00886515 -0.000213057 0.00394604 -0.00706331 -0.0208393 -0.00033847 0.00631269 -0.000429149 0.0112598 0.00375167 -0.00050233 -0.00457 0.00620178 -0.00831032 -0.00578805 0.00734239 -0.00034227 0.00417705 0.00709218 -0.0069255 0.00282064 -0.000503995
internal_weight=473768 62576.3 3921.72 2287.92 58654.6 55715.9 2938.72 1009.84 1729.46 411191 12018.3 3195.96 997.28 399173 5350.49 393823 4477.15 2476.05 392499 14838.9 3821.17 11017.7 2460.72 972.27 377660 13030.6 10326.5 2704.13 8420.68 364629
internal_count=4158360 595889 32672 17993 563217 528135 35082 17782 14646 3562471 132682 37392 14993 3429789 91732 3338057 79179 45930 3319767 134606 36486 98120 27282 13037 3185161 114704 88975 25729 72345 3070457
is_linear=0
shrinkage=0.03


Tree=103
num_leaves=31
num_cat=0
split_feature=25 33 27 30 26 16 20 25 27 33 33 33 33 33 33 17 8 16 33 14 33 33 29 33 33 33 33 33 33 33
split_gain=162.998 185.13 173.805 198.963 164.025 183.082 167.143 144.981 156.878 150.477 338.194 128.283 214.997 134.622 183.541 129.31 124.132 123.866 164.481 132.861 112.178 214.786 192.694 108.866 309.131 208.741 186.578 267.884 137.601 154.141
threshold=1.0000000180025095e-35 -0.10541613399982451 0.12005586549639703 10.501238346099855 0.02899089548736811 0.0029333308339118962 61.890293121337898 0.018100218847393993 0.81832328438758861 -0.013823971617966889 -0.015923499129712578 -0.07850195467472075 -0.064229741692543016 -0.048507720232009881 -0.045113515108823769 0.0027779623633250598 0.036548027768731124 0.007430796744301916 -0.0053850426338613025 63.768396377563484 0.049807082861661918 0.048644645139575012 0.99467507004737865 -0.012578809168189762 -0.015923499129712578 0.0030464858282357459 0.007675810484215618 0.0080125415697693842 -0.016399403102695938 -0.036483865231275552
decision_type=2 2 2 2 2 2 2 2 2 2 2 2 2 2 2 2 2 2 2 2 2 2 2 2 2 2 2 2 2 2
left_child=1 -1 4 16 5 6 23 9 11 10 -5 -9 -13 15 -15 -14 -4 18 -10 -20 21 -11 -23 24 28 -25 -27 -28 29 -2
right_child=2 -3 3 7 -6 -7 -8 8 17 20 -12 12 13 14 -16 -17 -18 -19 19 -21 -22 22 -24 25 -26 26 27 -29 -30 -31
leaf_value=0.021008215982085084 -0.0028105657480379308 -0.018825060407541418 0.0012666909225303013 -0.0013448314422059909 0.01067564673784123 0.0031803301283902046 0.0061579741794968567 0.008958143169597834 -0.0037492983563999012 -0.0029962097537716047 0.01716736328909731 -0.013292573399595425 0.0079862874287530972 -0.010932482741801397 -2.6412754207544749e-05 -0.0011696341228009566 -0.0011485350060618539 -0.003688770400088387 0.0031397651796208582 -0.001782091331746924 -0.012485397087220965 0.031703883559495868 -0.0096596664205394166 -0.0050847322470710977 0.013414603358793147 0.0093145255349157217 -0.026062974055070912 0.0001217070016737041 -0.015791445434344079 0.0030486917754776106
leaf_weight=105.71907138079405 7487.5291139762849 706.52456683665514 98528.373588867486 4595.6369631066918 1656.7603097800165 25679.498915137723 3589.3457977734506 1415.7898439131677 10148.523252438754 33793.23630264774 1080.2330603376031 1075.8535185493529 3624.5919128768146 1379.6266956701875 179487.12131059542 2235.0262121856213 23755.016560247168 20035.03511961177 11015.921487245709 8912.8117218986154 1075.9196147955954 280.99733730778098 141.26855823025107 10372.632996935397 1648.2990614846349 1916.8114756047726 347.01673555001616 8386.9896202944219 470.04435491934419 8731.403602655977
leaf_count=1766 78123 7756 930828 40756 14740 220696 32502 24040 89441 255981 6678 13911 33489 13719 1529490 21449 213032 183179 91974 79453 12626 2013 1129 79109 13170 14250 2514 75639 3196 71393
internal_value=4.73749e-06 -0.0132602 2.80826e-05 -0.000212258 0.00140435 0.00117749 -2.09073e-05 -0.000652756 -0.000370379 -0.00230141 0.00222632 2.49518e-05 -4.33398e-05 3.44132e-05 -0.000110802 0.00450186 0.000797393 -0.00186251 -0.000644368 0.000938963 -0.00303045 -0.00272602 0.0180547 -0.000587207 0.00110152 -0.00205982 0.000890103 -0.000975823 -0.000129187 0.000343614
internal_weight=473680 812.244 472867 402581 70286.3 68629.6 42950.1 280298 239330 40967.3 5675.87 189218 187802 186726 180867 5859.62 122283 50112.3 30077.3 19928.7 35291.4 34215.5 422.266 39360.7 18337.3 21023.5 10650.8 8734.01 16689 16218.9
internal_count=4158042 9522 4148520 3543188 605332 590592 369896 2399328 2080145 319183 47434 1636098 1612058 1598147 1543209 54938 1143860 444047 260868 171427 271749 259123 3142 337394 165882 171512 92403 78153 152712 149516
is_linear=0
shrinkage=0.03


Tree=104
num_leaves=31
num_cat=0
split_feature=25 8 27 34 32 32 32 34 34 32 32 2 34 34 32 32 34 34 34 34 34 34 34 32 32 34 34 34 34 34
split_gain=172.661 182.585 172.042 250.896 236.167 357.972 188.974 181.012 274.359 230.39 193.951 179.507 168.849 201.59 167.261 318.226 423.612 450.855 323.346 297.24 730.95 378.524 426.737 317.006 274.718 242.514 467.701 785.51 628.599 569.304
threshold=0.012709369882941248 -0.21038803458213803 0.10815853253006937 -0.12285920977592467 -0.0055259522050619117 -0.0041014768648892632 -0.034430555999279015 0.008650485426187517 0.0064267243724316367 1.0000000180025095e-35 0.00069131451891735207 -0.055907590314745896 0.085458565503358855 0.099228288978338255 0.01019556447863579 0.01294582197442651 0.09017695859074594 0.067046999931335463 -0.055723477154970162 -0.025840445421636101 -0.0082228151150047762 -0.003217829042114317 0.0035712240496650343 0.01256545912474394 0.01256545912474394 -0.016650037840008732 -0.0043197525665163985 -0.0066001922823488704 0.016145699657499794 0.0028099322225898509
decision_type=2 2 2 2 2 2 2 2 2 2 2 2 2 2 2 2 2 2 2 2 2 2 2 2 2 2 2 2 2 2
left_child=1 -1 7 4 6 -6 -4 8 -2 12 -11 -8 -9 -14 -5 16 17 18 24 -20 -21 23 -23 -22 -16 -17 27 -27 29 -28
right_child=2 -3 3 14 5 -7 11 9 -10 10 -12 -13 13 -15 15 25 -18 -19 19 20 21 22 -24 -25 -26 26 28 -29 -30 -31
leaf_value=-0.025612685057401812 0.00088303966803481341 -0.0021818821499907572 -0.0061964849877538843 -0.00051024722981335001 -0.028095427904987893 0.0048076681313527552 0.026912576421571098 0.0065287732567121618 -0.011538572229094154 -0.015100626391554494 0.0008848210384283544 0.0054715860142010636 -0.019124962752261821 0.0057796387923492471 -0.017290315596057208 0.0024350125852755432 0.016269221652420243 -0.014002410373997206 0.020601875618884376 -0.019703554469875921 0.0073709709032873261 -0.010001832868944698 0.0058972634316713556 0.033940067825238812 0.029896517317395944 -0.0048158995265977032 -0.0023458073565245209 -0.036467892863250397 -0.0025397033554160416 0.016888692242877486
leaf_weight=283.32680092193186 36760.33831108734 23981.820626351982 306.62983858957887 308403.47272157855 308.9199376553297 3109.9948779791594 973.37634085863829 14876.369258612394 1653.1313998773694 751.0490421243012 5974.2365578040481 562.80486181937158 506.49964483082294 642.80124045908451 953.59188936278224 19556.317908179015 2278.8593849539757 1342.0768244899809 997.04031382873654 1085.2614508457482 940.75440733507276 1716.8263276070356 12192.068048745394 708.49296107888222 106.97558936849236 4148.5985482819378 2412.3148606084287 832.46515285968781 22164.956796448678 3218.0468116886914
leaf_count=3222 311473 202908 5278 2624198 6497 47240 14457 133835 12100 5894 49188 11006 5205 11183 10340 181960 23691 13022 14212 16964 5649 12859 106323 3010 2438 35109 19581 7986 231624 29713
internal_value=-1.24372e-05 -0.00247633 0.000120679 -0.000112283 0.00638164 0.00168856 0.0149769 0.00159926 0.000342747 0.00371864 -0.000939841 0.0192286 0.00567234 -0.00533527 -0.000201813 0.00107214 0.00406944 0.00266751 0.00387751 0.0048486 0.00388129 0.00554964 0.00392324 0.0190546 -0.0120655 -0.000207385 -0.00178452 -0.0102305 -0.000264695 0.00866858
internal_weight=473749 24265.1 449484 388320 5261.73 3418.91 1842.81 61164.4 38413.5 22751 6725.29 1536.18 16025.7 1149.3 383058 74654.6 22321.9 20043.1 18701 17640.4 16643.4 15558.1 13908.9 1649.25 1060.57 52332.7 32776.4 4981.06 27795.3 5630.36
internal_count=4158165 206130 3952035 3423157 84478 53737 30741 528878 323573 205305 55082 25463 150223 16388 3338679 714481 208508 184817 171795 159017 144805 127841 119182 8659 12778 505973 324013 43095 280918 49294
is_linear=0
shrinkage=0.03


Tree=105
num_leaves=31
num_cat=0
split_feature=34 34 33 33 33 33 33 32 32 32 34 33 34 34 32 34 32 33 34 34 34 32 32 32 33 32 34 32 32 10
split_gain=175.407 367.555 535.333 608.935 355.379 732.298 624.995 507.696 472.612 786.218 700.648 549.125 446.676 392.837 390.925 464.029 437.207 426.31 352.514 346.929 340.829 322.401 427.761 384.804 498.341 298.213 296.477 295.36 419.869 318.163
threshold=0.065712161362171187 0.067046999931335463 0.019428063184022907 0.039972731843590743 0.027640369720757011 0.030892575159668926 0.025467921979725364 0.0065555556211620578 0.0052491456735879191 0.014234818983823063 0.017901685088872913 0.034461081027984626 -0.045878114178776734 -0.034658784046769135 0.017523366026580337 0.034743998199701316 0.015679034404456619 0.029942311346530918 0.043043382465839393 0.047592170536518104 0.032053120434284217 -0.013702181633561848 -0.011964013334363697 -0.026351015083491799 0.0069533933419734248 0.012222175486385824 0.023456288501620296 -0.006126526976004242 -0.0088555663824081404 -0.019954209215939041
decision_type=2 2 2 2 2 2 2 2 2 2 2 2 2 2 2 2 2 2 2 2 2 2 2 2 2 2 2 2 2 2
left_child=4 2 25 -4 6 7 -1 20 -7 10 -10 -11 -13 -8 15 17 -17 -9 -12 27 26 23 -23 24 -3 -2 -6 28 -15 -29
right_child=1 21 3 -5 5 8 13 14 9 11 18 12 -14 19 -16 16 -18 -19 -20 -21 -22 22 -24 -25 -26 -27 -28 29 -30 -31
leaf_value=-5.8118778095721367e-05 0.024947674307037638 -0.0097144887183795454 -0.012129403720720106 0.041735415605307809 -0.017138606322913488 0.0029181753155800437 0.044528519220835422 0.015905275115318633 -0.014221873546355549 0.025723893879535557 0.0063479937058176662 0.011286742703799021 -0.0048124369741675832 -0.013304455965276272 -0.035278412793560733 -0.019231329261179462 0.030634115932557989 -0.017313868747718935 -0.006636331243425754 0.025497551567816905 -0.031208623653916728 0.024020900304286039 0.0011091186451101659 -0.016542562055693488 0.033157160355970862 0.0011141297885122188 -0.0021886930753168875 -0.0064081376488810292 0.033860174451070077 0.0083322524934585276
leaf_weight=353689.03847871907 1824.8050096854568 644.75299228727818 1239.3833978250623 202.37476775050163 3427.4594768546522 17648.207412652671 247.39676035940647 1838.5052669867873 7321.8637718707323 921.35073522105813 3187.4284805357456 2460.4054185897112 4120.5541366562247 219.82970926165581 260.38475576788187 1143.5245269984007 164.83770162239671 410.28869884461164 4534.3987326323986 822.41589595377445 977.85328602045774 723.37355264648795 54931.88228109479 1929.4955653659999 366.56710090488195 637.76131452620029 1836.2971960827708 2194.9905534107238 612.44636137038469 3237.0020438283682
leaf_count=2995249 17189 10279 9364 2651 30953 187654 4945 14918 58428 5911 26891 27255 54954 2716 4934 11483 2568 7332 43431 6069 8780 8305 519157 17309 7520 3416 11714 24581 5792 28013
internal_value=1.78437e-05 0.00149834 0.0103869 -0.004101 -0.000207204 -0.00257034 0.000121862 -0.00980086 -0.000756826 -0.00363352 -0.00758638 0.00429187 0.00122248 0.00877805 -0.00117138 0.00150854 -0.0125822 0.0097453 -0.00127409 0.00740819 -0.0150583 0.000902734 0.00141543 -0.00874418 0.00616659 0.0188339 -0.0119513 0.00495971 0.0213827 0.00237421
internal_weight=473777 62500.4 3904.32 1441.76 411276 50253.4 361023 10059.2 40194.2 22546 15043.7 7502.31 6580.96 7334.08 3817.54 3557.16 1308.36 2248.79 7721.83 7086.68 6241.61 58596.1 55655.3 2940.82 1011.32 2462.57 5263.76 6264.27 832.276 5431.99
internal_count=4159761 595190 32620 12015 3564571 497206 3067365 92682 404524 216870 128750 88120 82209 72116 41235 36301 14051 22250 70322 67171 51447 562570 527462 35108 17799 20605 42667 61102 8508 52594
is_linear=0
shrinkage=0.03


Tree=106
num_leaves=31
num_cat=0
split_feature=25 32 21 32 33 33 33 33 32 32 32 33 33 25 32 33 33 32 33 33 32 33 17 33 33 33 33 33 33 32
split_gain=160.496 188.633 174.09 153.155 453.308 592.527 590.203 586.951 415.786 514.91 378.985 369.307 619.679 314.056 305.632 740.853 939.658 487.154 1023.88 556.33 432.411 412.251 404.428 381.581 365.003 341.301 905.882 308.656 565.485 304.443
threshold=1.0000000180025095e-35 -0.041274044662713998 1.0000000180025095e-35 0.0090181124396622198 -0.001286584709305316 -0.010808091145008801 -0.022055992856621739 -0.026954179629683491 0.01019556447863579 0.011387885082513096 0.012222175486385824 -0.0090944641269743425 -0.0053850426338613025 0.029546503908932212 0.007810059469193221 0.0089572328142821806 0.015615454874932768 0.0070627711247652778 -0.015923499129712578 0.025467921979725364 0.0068021658807992944 -0.029667286202311512 -0.014270564075559376 -0.0084456396289169771 0.046790573745965965 0.022430839948356155 0.02291694097220898 0.012265849858522417 -0.0027886325260624285 0.025316447950899604
decision_type=2 2 2 2 2 2 2 2 2 2 2 2 2 2 2 2 2 2 2 2 2 2 2 2 2 2 2 2 2 2
left_child=1 -1 -2 14 5 6 7 10 -7 -10 -5 -11 -13 -12 17 21 -17 20 -19 22 -4 -16 -20 -22 25 -18 -27 28 -24 -8
right_child=2 -3 3 4 -6 8 29 -9 9 11 13 12 -14 -15 15 16 24 18 19 -21 23 -23 27 -25 -26 26 -28 -29 -30 -31
leaf_value=0.023221725857353482 0.0018218402239104118 -0.018484572753704891 -0.00031598927577384687 -0.013954271292268883 -0.00047563395627052267 0.020290224778523103 -0.0047979286116476578 0.020122466845450132 -0.024357818860430307 0.026019074483269605 0.016375521331048665 -0.010409783959260416 0.011918529335341072 0.0012004311625137011 0.01222026497644429 0.016328994665495325 -0.010542125154846659 -0.023386353028290181 0.021542652865892374 -0.0033853359645806985 -0.021843444246572474 -0.012860153808018214 0.010216031278694427 -0.0034663235994455083 -0.020450237771388248 0.035238290095430828 -0.0021651387892000673 0.014619758276412263 -0.018886185169562007 0.031108368180727868
leaf_weight=95.104540474712849 44490.550139280036 716.38639519736171 299435.10674071126 1073.7453515566885 64471.479267578572 2639.3896601423621 9795.4417662508786 2147.3458549305797 442.32514820992947 902.96486274898052 1642.1182006634772 1559.2993235960603 3829.2603592425585 4706.870625231415 623.87132873386145 2685.4561852663755 2511.9189757294953 973.16142122074962 2809.9671381041408 2670.4107084982097 1507.5140324831009 7587.6372403278947 1707.004677131772 3071.0013748072088 1040.7848266772926 657.03297012299299 4172.0959115251899 2636.0988629236817 901.57695988938212 197.4893587641418
leaf_count=1634 377723 7884 2611701 19762 605995 15251 86890 18903 5117 5749 17758 17960 25855 51857 4145 20282 17977 11557 23589 20562 8472 57663 12154 22420 13238 5599 38955 17652 9483 4541
internal_value=1.29692e-05 -0.0131557 3.61225e-05 -0.000149406 0.000924675 0.00404281 0.00106798 0.006386 0.0102361 0.00624693 0.00236874 0.00846896 0.00544274 0.00516445 -0.000448937 -0.00411393 0.00095364 -0.00022489 0.00577735 0.00846218 -0.000456217 -0.0109296 0.0123887 -0.00958583 -0.00399961 -0.00161808 0.00304818 0.00742107 9.05662e-05 -0.0040276
internal_weight=473700 811.491 472889 428398 93407.7 28936.3 19563 9570.08 9373.24 6733.85 7422.73 6291.52 5388.56 6348.99 334991 19278.8 11067.3 315712 11698.2 10725.1 304014 8211.51 8054.65 4578.52 8381.83 7341.05 4829.13 5244.68 2608.58 9992.93
internal_count=4158328 9518 4148810 3771087 875638 269643 199711 108280 69932 54681 89377 49564 43815 69615 2895449 157859 96051 2737590 94997 83440 2642593 61808 62878 30892 75769 62531 44554 39289 21637 91431
is_linear=0
shrinkage=0.03


Tree=107
num_leaves=31
num_cat=0
split_feature=30 34 35 35 34 35 25 35 33 35 35 35 33 33 35 33 33 34 35 34 33 33 33 35 34 35 35 35 34 34
split_gain=159.334 206.731 310.584 669.025 501.868 420.914 363.658 289.661 560.898 517.448 493.049 665.176 391.264 507.21 523.02 389.02 440.075 359.576 335.078 276.179 275.667 674.264 594.001 475.89 334.718 314.567 1090.67 478.351 546.181 637.845
threshold=13.20258951187134 0.065712161362171187 0.29060079157352453 0.27460195124149328 0.067046999931335463 0.30004669725894934 0.029546503908932212 0.50608089566230785 0.018338722176849846 0.55849176645278942 0.56311708688735973 0.56957185268402111 0.046790573745965965 0.070061001926660552 0.34502233564853674 0.012265849858522417 0.0065927202813327321 0.067046999931335463 0.5424766242504121 0.070729009807109847 0.027640369720757011 0.030892575159668926 0.02467537205666304 0.60535466670990001 0.047592170536518104 0.50608089566230785 0.49866288900375372 0.84152835607528698 0.0056202784180641183 -0.10836575180292128
decision_type=2 2 2 2 2 2 2 2 2 2 2 2 2 2 2 2 2 2 2 2 2 2 2 2 2 2 2 2 2 2
left_child=1 20 3 4 -3 -4 -6 8 15 17 -11 -12 -10 -14 -15 16 -7 -9 -19 -17 22 23 -1 -22 -24 26 -23 28 29 -27
right_child=-2 2 5 -5 6 7 -8 9 12 10 11 -13 13 14 -16 19 -18 18 -20 -21 21 25 24 -25 -26 27 -28 -29 -30 -31
leaf_value=3.0780635230562867e-05 -0.0015251143631653372 0.033139380070716005 -0.018779039893871897 0.0310197743669611 0.011485094165257921 0.0032111710499030852 -0.0042137431917460806 0.037796643713074576 -0.0088536870677524641 -0.02083579945856974 0.033810062199850825 0.0018051337280765606 0.025474233074237067 0.034789909808577414 -0.024451262020321836 -0.0021826876308246711 -0.024123224102429782 0.0051170455289368611 0.030503806948969536 0.022801528071757081 -0.015111237920327612 0.00088228719809756747 0.006003089656026475 -0.00081668767093498527 0.026802885815592915 0.01689965889680969 0.035271107267475205 0.0077562105073062599 0.0004132659530536796 -0.012518688595843748
leaf_weight=310770.71010442637 54042.85015466623 473.23454664647579 924.38820795714855 943.78096670284867 2084.1347395181656 5336.1517378985882 3581.7959837429225 479.19874918460846 8344.7145011611283 816.95268676057458 578.94074337184429 24354.962835662067 718.21566350385547 158.68935224413872 527.11037304252386 546.93150779604912 568.32386339083314 2402.488486725837 564.80178506299853 1412.6995802633464 5475.4322880972177 13711.123168069869 8572.6612745244056 3392.4189309682697 740.96232913434505 706.25305247306824 863.61525288969278 3268.2846228890121 9156.0761736594141 7958.87941743806
leaf_count=2692670 396368 5091 9466 10048 16317 57170 40050 2839 60013 7821 4864 235835 13230 2143 8584 5206 9465 20947 9424 10715 46628 151920 83485 37406 5437 5562 5397 50068 82265 71842
internal_value=7.73661e-06 0.000205303 0.00192266 0.00777577 0.00411332 0.00105128 0.00158094 0.00145073 -0.00158661 0.00328279 0.00181646 0.00257476 -0.00638917 0.00817725 -0.0101459 0.00436797 0.000507598 0.014165 0.0101211 0.0158768 -5.29811e-05 -0.00226395 0.000254745 -0.00965696 0.00771174 -0.000421307 0.00296551 -0.0027625 -0.00469809 -0.0100875
internal_weight=473477 419434 54817.5 7082.95 6139.17 47734.6 5665.93 46810.2 17612.8 29197.3 25750.9 24933.9 9748.73 1404.02 685.8 7864.11 5904.48 3446.49 2967.29 1959.63 364616 44532.1 320084 8867.85 9313.62 35664.2 14574.7 21089.5 17821.2 8665.13
internal_count=4158276 3761908 529228 71506 61458 457722 56367 448256 166526 281730 248520 240699 83970 23957 10727 82556 66635 33210 30371 15921 3232680 451088 2781592 84034 88922 367054 157317 209737 159669 77404
is_linear=0
shrinkage=0.03


Tree=108
num_leaves=31
num_cat=0
split_feature=11 14 32 35 35 35 35 32 12 35 35 32 32 32 35 35 32 22 19 19 35 32 22 35 32 35 35 35 35 32
split_gain=154.049 159.884 222.833 445.994 379.542 212.386 332.381 197.99 193.355 185.213 508.111 735.202 460.22 321.39 814.338 307.72 391.899 287.192 256.865 256.69 233.717 263.05 231.258 280.438 610.216 493.865 432.604 310.671 303.288 548.725
threshold=0.11237352713942529 69.453960418701186 0.011387885082513096 0.79561480879783641 0.81633129715919506 0.66535919904708873 0.65811309218406688 0.011868199799209835 2.4158146381378178 0.21833010017871859 0.22466856986284259 -0.015421228017657993 -0.01810432784259319 -0.02856467571109533 0.11674071848392488 0.11674071848392488 -0.026351015083491799 -0.8383800983428954 19.418025016784672 36.330305099487312 0.12695615738630298 -0.019158121198415753 -0.69583615660667408 0.35567307472229009 -0.0051399664953351012 0.38521173596382147 0.39780005812644964 0.41671648621559149 0.45529520511627203 0.001789768517483026
decision_type=2 2 2 2 2 2 2 2 2 2 2 2 2 2 2 2 2 2 2 2 2 2 2 2 2 2 2 2 2 2
left_child=-1 2 3 9 -5 6 7 -4 -7 12 -11 -12 13 14 -2 16 -15 -18 -14 20 -17 -22 23 -13 -25 -26 -27 -28 -29 -30
right_child=1 -3 5 4 -6 8 -8 -9 -10 10 11 22 18 15 -16 19 17 -19 -20 -21 21 -23 -24 24 25 26 27 28 29 -31
leaf_value=-0.0040968846493198595 -0.0002482248896695988 -0.00095437673643759076 -0.019744953798645489 -0.025574417183816447 0.032329194244567316 0.0037680874164234637 0.03330012173436387 0.0097595894632737466 5.1741687091817766e-05 -0.012991185816356164 0.029160199775803374 -0.0051672606470173441 0.0083655307046747573 -0.010130509435718388 0.026968709474726616 -0.021892160261030684 0.017931791537182828 0.0013409596065240962 0.0023802461177076899 -0.0012078455701282618 -0.0037717518717821641 -0.01958941870760569 0.00027840121040264421 0.032016512747727197 0.010448610985495996 -0.017130863213078728 0.0097454826174932074 -0.010558592301643176 0.011190567261804868 -0.0029991960513939433
leaf_weight=8061.2942463904619 7090.6760046705604 104175.20438238047 231.84996069967747 922.31793221831322 97.048987463116646 24112.840019579977 473.48827609419823 1085.5867211595178 26366.387324929237 2748.8053999505937 752.12296638265252 16778.474496524781 9063.6107496768236 1753.856748431921 1129.7683377079666 1279.6735916957259 1356.4777729138732 2966.2158433869481 22378.218654174358 4590.9091476220638 3945.0220950953662 1230.7534415274858 201652.90451683663 496.53328878059983 3069.7750558890402 1625.043399984017 2098.5608682893217 3354.4055493976921 2887.8587060533464 15652.5025233794
leaf_count=64318 85532 935433 2078 10362 1507 225844 2979 11265 256198 27523 8296 138054 62392 15817 12749 13605 10622 32043 180047 51195 42392 12523 1711350 7944 24361 13548 13744 28166 28418 127818
internal_value=9.61467e-06 8.09223e-05 0.00037956 7.29951e-05 -0.0195457 0.00219067 0.0122868 0.00434959 0.00182775 0.000139212 -0.000210711 -6.82291e-05 0.00168618 -0.00132154 0.00354868 -0.00366108 0.00175789 0.00660583 0.00410982 -0.00663981 -0.0104872 -0.00759398 -0.000159357 -0.00207921 -0.000301543 -0.000882817 -0.00224772 -0.00122627 -0.00228582 -0.000779312
internal_weight=473428 465367 361192 308922 1019.37 52270.2 1790.92 1317.44 50479.2 307902 251117 248368 56785.2 25343.4 8220.44 17122.9 6076.55 4322.69 31441.8 11046.4 6455.45 5175.78 247616 45963.2 29184.7 28688.1 25618.4 23993.3 21894.8 18540.4
internal_count=4158123 4093805 3158372 2660008 11869 498364 16322 13343 482042 2648139 2129222 2101699 518917 276478 98281 178197 58482 42665 242439 119715 68520 54915 2093403 382053 243999 236055 211694 198146 184402 156236
is_linear=0
shrinkage=0.03


Tree=109
num_leaves=31
num_cat=0
split_feature=43 34 33 33 33 35 35 33 33 32 33 32 32 5 33 33 32 33 33 32 33 33 35 32 35 32 33 35 32 32
split_gain=171.036 179.05 291.667 595.527 363.73 493.796 917.045 407.756 391.328 577.876 384.307 284.913 378.415 282.893 276.026 246.699 243.438 268.142 393.334 270.951 239.859 487.272 464.076 312.821 276.706 449.132 392.946 276.486 235.135 231.878
threshold=0.75050026178359996 0.065712161362171187 0.010403670370578768 0.012265849858522417 0.013511817436665298 0.51692143082618724 0.58565238118171703 0.035644989460706718 0.01985091716051102 0.0052491456735879191 0.015615454874932768 0.0049684937112033376 0.0023661317536607389 0.0045605774503201255 0.016183477826416496 0.086538262665271773 -0.0019038675236515699 0.028409776277840141 0.020230571739375595 -0.0027446640888229008 -0.010257564485073088 -0.013303210027515886 0.20850654691457751 -0.034430555999279015 0.27460195124149328 -0.0010327456984668968 -0.003454510471783578 0.60956576466560375 0.0030001203995198016 -0.002536405459977686
decision_type=2 2 2 2 2 2 2 2 2 2 2 2 2 2 2 2 2 2 2 2 2 2 2 2 2 2 2 2 2 2
left_child=1 -1 20 13 -5 11 7 8 -7 -10 -8 12 15 -4 -13 16 17 18 29 -19 21 -3 23 -22 -24 -26 -27 -28 -14 -6
right_child=-2 2 3 4 5 6 10 -9 9 -11 -12 14 28 -15 -16 -17 -18 19 -20 -21 22 -23 24 -25 25 26 27 -29 -30 -31
leaf_value=6.1172632660925279e-05 -0.00099749033735409558 0.008245421024464657 -0.025939033163463722 0.018788832767634486 -0.031113472758907378 0.033498006129222969 -0.015551748367759294 0.034093408045166466 -0.01051630720166844 0.020795290705926915 0.0019724746794837107 -0.013574918292218687 -0.032842342059407753 -0.0012883806289157311 0.024283684226939266 0.033657178242119688 0.002890568447085181 0.0031511381351143524 -0.021408895759175678 -0.036257394454531112 -0.014878942250051144 -0.010220860802996275 -0.01203529750405713 0.027821051564790689 0.025000655841748015 0.012387173520926659 -0.0085288928325683785 0.0090078218449843733 -0.010560987421374613 0.017598451870772386
leaf_weight=309110.22837264091 117192.96411900781 2971.651359949261 1071.0146627724171 1027.9770566374063 90.677932348102331 537.9572347253561 1209.087308421731 950.30767496302724 1045.3368262052536 1038.7263684794307 13446.368921149522 233.11698073893785 551.64760608971119 683.76996552199125 553.70735494419932 147.74587348103523 3404.3832476884127 1944.6163590550423 1784.0116727091372 150.65875166654587 160.87584058940411 2235.7449035011232 727.2708685323596 1386.5952043160796 1063.5295816585422 2832.8289316780865 2347.599964119494 1210.1867840401828 1825.2795059494674 421.28871129453182
leaf_count=2683192 1025910 42815 7349 5177 1847 4413 7092 10287 10496 9025 130243 2225 4437 5966 6188 2012 28502 22300 15505 1991 2046 15986 6698 11284 10248 25827 26636 12664 15372 4302
internal_value=-3.45506e-06 0.000323662 0.00204727 0.000435543 0.00142198 0.000801013 0.00383785 0.0174218 0.011167 0.00513916 0.000507488 -0.00418065 -0.00551379 -0.0164564 0.0130086 -0.00235479 -0.00312168 -0.00777474 -0.0148099 1.48248e-06 0.00550776 0.000308331 0.00828441 0.0232487 0.0054042 0.00713336 0.00409115 -0.00254674 -0.015963 0.00812537
internal_weight=473357 356164 47054 32117.7 30362.9 29334.9 18227.8 3572.33 2622.02 2084.06 14655.5 11107.1 10320.3 1754.78 786.824 7943.38 7795.64 4391.25 2295.98 2095.28 14936.3 5207.4 9728.89 1547.47 8181.42 7454.15 6390.62 3557.79 2376.93 511.967
internal_count=4158035 3132125 448933 294729 281414 276237 171556 34221 23934 19521 137335 104681 96268 13315 8413 76459 74447 45945 21654 24291 154204 58801 95403 13330 82073 75375 65127 39300 19809 6149
is_linear=0
shrinkage=0.03


Tree=110
num_leaves=31
num_cat=0
split_feature=6 22 35 17 33 33 32 35 33 27 3 33 35 32 32 32 35 32 35 35 33 33 33 32 32 32 32 33 32 35
split_gain=149.113 168.883 207.308 193.894 232.434 530.786 223.963 324.84 275.548 204.227 222.079 202.252 268.099 303.616 334.658 504.328 308.41 295.794 303.857 299.54 278.608 359.967 267.697 263.481 237.123 625.248 465.785 419.392 408.399 788.876
threshold=-0.036457944661378854 -0.69583615660667408 0.71065285801887523 -0.008366957772523163 0.049807082861661918 0.048644645139575012 0.01634942460805178 0.36528639495372778 0.063805449753999724 0.49386480450630194 1.0000000180025095e-35 -0.0049960946198552838 0.19795468449592593 -0.0093895830214023573 -0.0067777289077639571 -0.0072368879336863748 0.29550418257713323 0.023361636325716976 0.89911252260208141 0.86123925447464 0.02291694097220898 0.032975133508443839 0.020230571739375595 -0.014553854241967199 0.0060937865637242803 0.0049684937112033376 0.0052491456735879191 0.007675810484215618 -0.002536405459977686 0.40745401382446295
decision_type=2 2 2 2 2 2 2 2 2 2 2 2 2 2 2 2 2 2 2 2 2 2 2 2 2 2 2 2 2 2
left_child=-1 2 -2 4 5 11 7 8 -6 10 -5 -3 23 -14 15 16 -15 19 -19 24 -20 -22 -21 -13 25 27 -27 28 29 -16
right_child=1 3 -4 9 6 -7 -8 -9 -10 -11 -12 12 13 14 17 -17 -18 18 20 22 21 -23 -24 -25 -26 26 -28 -29 -30 -31
leaf_value=0.0012021379474314807 -0.0032280411102476973 -0.00089432212016503604 0.0059576380242524051 -0.001990716595015673 -0.0097841954009045533 0.019177499029712244 0.0038615812408585629 -0.0106712393961781 0.021374981618145304 -0.0014199348779453586 0.0011404524263000518 0.0036946124991701504 -0.0087606234718871634 0.0010554283131811225 0.0024477165005401154 0.033639524247968074 0.023865568459697811 0.028872449354479853 0.013640409185049012 -0.019797301852393232 -0.032576788420676031 0.0072538473804743958 0.0021963022918460124 0.021295194416541232 0.003387975701583243 -0.026217767933379637 -0.0049002042087306604 -0.0011684479420673904 0.0087326510604357355 -0.036063861268744578
leaf_weight=78033.552817223594 26169.141428487375 37456.343594254926 2396.856993585825 27114.435727134347 433.30175395682454 1434.6520583257079 2237.4166444987059 4634.9183238148689 572.00930811092257 123361.2872490827 81956.375356888399 2125.884350862354 2542.3155454434454 2833.1475304737687 3928.9892059527338 661.30119962617755 637.82544296234846 626.8832439891994 1367.4350577890873 1149.0111401416361 312.7019577100873 514.35131468251348 861.47145475447178 1185.83821137622 28219.029219958931 1198.8282959274948 3849.8079067356884 25253.34706613794 9686.0601381063461 524.82664421200752
leaf_count=723135 198399 347539 19157 222611 6997 12164 24803 46389 6363 1067400 696907 21364 28248 25638 31698 4873 6203 4973 15153 16172 6247 9453 11820 10584 236294 6979 34830 238835 72994 3747
internal_value=3.87991e-06 -0.000232742 -0.00245368 -5.95962e-05 0.000848054 0.00115993 -0.00414523 -0.00732386 0.0080161 -0.000583863 0.000361838 0.000949997 0.00173971 0.00140896 0.00172777 0.0100257 0.00535973 0.00128282 0.0107835 0.000921051 0.00540212 -0.00821939 -0.0104445 0.0100869 0.00123832 -0.000127554 -0.0100457 0.001148 0.00528091 -0.00223133
internal_weight=473279 395246 28566 366680 134248 126370 7877.65 5640.23 1005.31 232432 109071 124935 87479.1 84167.3 81625 4132.27 3470.97 77492.7 2821.37 74671.4 2194.49 827.053 2010.48 3311.72 72660.9 44441.9 5048.64 39393.2 14139.9 4453.82
internal_count=4157969 3434834 217556 3217278 1230360 1145808 84552 59749 13360 1986918 919518 1133644 786105 754157 725909 36714 31841 689195 35826 653369 30853 15700 27992 31948 625377 389083 41809 347274 108439 35445
is_linear=0
shrinkage=0.03


Tree=111
num_leaves=31
num_cat=0
split_feature=43 25 25 41 32 33 42 33 32 33 33 32 32 5 32 32 32 33 33 33 33 33 33 32 32 33 32 33 32 32
split_gain=160.35 216.699 184.846 177.684 174.901 208.185 197.448 251.85 226.009 253.52 183.896 508.359 202.208 180.695 178.406 894.033 437.885 264.802 282.078 264.711 489.213 356.731 420.065 260.243 453.185 346.807 409.539 419.252 476.123 373.64
threshold=0.61594417691230785 0.024393188767135147 1.0000000180025095e-35 0.0085984580218791979 0.010609809774905445 -0.10541613399982451 0.69056603312492382 -0.033029537647962563 0.01294582197442651 -0.028275797143578526 0.038678968325257308 0.015679034404456619 0.013396054971963169 0.0099014900624752062 0.001789768517483026 0.0023661317536607389 0.0013818392762914302 -0.064229741692543016 -0.054731162264943116 -0.028275797143578526 -0.022055992856621739 -0.018673303537070748 -0.017350947484374043 0.007810059469193221 0.0070627711247652778 0.025467921979725364 0.0075137966778129348 0.012265849858522417 0.0072680884040892133 0.0072680884040892133
decision_type=2 2 2 2 2 2 2 2 2 2 2 2 2 2 2 2 2 2 2 2 2 2 2 2 2 2 2 2 2 2
left_child=2 -2 3 -1 14 -6 7 -7 -9 -10 13 12 -12 -11 16 -16 -4 -17 -19 -20 -21 -22 -23 24 -24 26 27 28 -26 -29
right_child=1 -3 4 -5 5 6 -8 8 9 10 11 -13 -14 -15 15 17 -18 18 19 20 21 22 23 -25 25 -27 -28 29 -30 -31
leaf_value=-0.026133096908137095 -0.0025862825207065244 -0.00012274819770357007 0.00052594252144834658 0.0043930721159083381 -0.020996250726724799 0.012253346772828863 -0.0011148028950808285 0.0066360765012790828 -0.030041131810445758 -9.8442124354887228e-06 -0.0041619999391093645 0.00097902673880037139 -0.032885899622636869 0.0058676569580494147 -0.012829904052386504 -0.026006362657079642 0.011073326464106017 0.024907580228839828 -0.0087612509445121924 0.017236726759663586 -0.015765234396488595 0.024074063712656628 -3.1602893567269914e-05 -0.002783396326813673 0.0085232934464082918 -0.0037755496450812436 0.024374836692446854 -0.0010117290912356254 -0.020589194461143073 0.028180077997059551
leaf_weight=434.93590463325381 41717.586646629497 139690.55784817785 150293.36680223234 267.39879515394568 327.83634092658758 2654.0179190076888 11534.63493860513 9365.8404268622398 212.29038958251476 9732.1402786746621 345.92357571423054 4249.9503231756389 621.76034261286259 9098.2673133574426 5306.5817486196756 335.07505206763744 3608.1467198468745 385.78816555440426 3084.1027234010398 1463.2083855010569 1275.7438286170363 632.6114824898541 46661.774008367211 22771.146917756647 1309.6225097328424 1676.1041362322867 1612.4411614201963 622.1975513920188 796.21514600142837 1052.5070188343525
leaf_count=4851 347531 1242344 1309032 3472 3340 31478 109295 88741 1514 89013 1572 52793 6503 84120 42937 4747 40922 3636 36445 15440 11933 5395 383816 181370 12422 12857 12292 3914 7043 7413
internal_value=1.08233e-05 -0.000689498 0.000446323 -0.0147111 0.000483911 0.00213542 0.00230273 0.00338929 0.00268281 0.00115242 0.00145252 -0.00352209 -0.02291 0.00283319 0.000156415 -0.000912729 0.000774628 -0.000154101 -4.39499e-05 -0.000165961 0.000168034 -0.000154798 0.000107406 -9.70199e-05 0.00104208 0.00810935 0.0118034 0.0063415 -0.00257426 0.0174506
internal_weight=473140 181408 291732 702.335 291029 48142.7 47814.8 36280.2 33626.2 24260.3 24048 5217.63 967.684 18830.4 242887 88985.1 153902 83678.5 83343.5 82957.7 79873.6 78410.4 77134.6 76502 53730.9 7069.09 5392.98 3780.54 2105.84 1674.7
internal_count=4158181 1589875 2568306 8323 2559983 468369 465029 355734 324256 235515 234001 60868 8075 173133 2091614 741660 1349954 698723 693976 690340 653895 638455 626522 621127 439757 55941 43084 30792 19465 11327
is_linear=0
shrinkage=0.03


Tree=112
num_leaves=31
num_cat=0
split_feature=26 34 32 35 32 32 26 32 35 35 35 34 32 35 35 34 34 35 34 34 34 32 35 32 34 35 32 11 35 35
split_gain=148.922 286.534 209.984 643.176 395.901 266.474 596.364 260.492 673.224 642.839 518.959 511.983 492.314 403.035 390.76 259.405 558.559 256.352 353.008 220.728 220.488 461.022 466.983 268.002 256.67 223.547 211.69 205.972 193.752 353.209
threshold=-0.00081026338739320625 -0.13885984569787976 0.0090181124396622198 0.64565208554267894 0.01019556447863579 0.01019556447863579 0.02899089548736811 -0.0053038655314594499 0.28582967817783361 0.30004669725894934 0.35993371903896337 -0.092207007110118852 -0.0041014768648892632 0.62598079442977916 0.29060079157352453 0.032053120434284217 0.023456288501620296 0.31297223269939428 0.024294849485158924 -0.010479332413524388 -0.067316208034753786 -0.019158121198415753 0.25866982340812689 -0.012596955522894858 -0.058575619012117379 0.082938622683286681 0.034510171040892608 1.8259778022766116 0.16237524896860125 0.1705446392297745
decision_type=2 2 2 2 2 2 2 2 2 2 2 2 2 2 2 2 2 2 2 2 2 2 2 2 2 2 2 2 2 2
left_child=-1 -2 7 4 -4 6 15 10 -9 12 20 13 14 -11 -10 16 -5 18 19 -13 21 25 28 -24 -22 -3 27 -7 -23 -30
right_child=1 2 3 5 -6 26 -8 8 9 11 -12 17 -14 -15 -16 -17 -18 -19 -20 -21 24 22 23 -25 -26 -27 -28 -29 29 -31
leaf_value=0.00064204928221041108 0.01230806995763473 -0.0007359862443614743 0.023310132817522436 -0.0070303250436815415 0.0018950688169472631 0.0030444247826537166 0.022017809119306418 0.028909300721553548 0.0076369752695684455 0.026450971181982526 0.027507950122609537 0.0089800466014524471 0.010569717266724019 -0.034934689999367247 -0.027072088793282354 -0.015950694882513734 0.02256988159748146 -0.0018598752963799286 0.026014594049833337 -0.01489527249613797 0.011383406987170261 0.022591578119327681 0.0076663833685732532 -0.024462120631309984 0.00053739853912847441 -0.022765334585211208 -0.010988788690806073 -0.00086785070491053357 -0.031764982066538196 0.0076816788993466396
leaf_weight=205265.9970664978 1559.5548175666481 577.15197373181581 1799.471631526947 4947.3300839886069 1362.6238459050655 29274.372379638255 673.47934077307582 624.2154927290976 333.93698152899742 869.58454265259206 620.06818849593401 919.13499460369349 499.42749844491482 90.581784807145596 1942.4929905682802 2109.6282836645842 629.05612476915121 134455.42789651826 683.31386252492666 534.12935061007738 2017.4475467205048 598.28366041183472 318.34789584577084 783.27351711690426 54350.911492368206 1464.298073887825 1247.4358097240329 20635.60536313802 209.59553416073322 1845.8925095461309
leaf_count=1824036 25810 5487 14107 40093 13165 276849 4495 6416 2167 11026 9025 6385 3488 2103 11479 17473 3827 1109829 8369 4270 19571 4230 3453 7183 467591 14532 18050 202455 1155 19682
internal_value=3.40198e-05 -0.000431736 -0.00050723 0.00101103 0.0141518 0.000308346 -0.00465099 -0.000974369 -0.00169023 -0.00183045 0.000632767 -0.00154075 -0.0160722 0.0200652 -0.0219583 -0.0070389 -0.00362249 -0.00169554 0.00856727 0.000121885 0.000355939 -0.0052052 0.00104684 -0.0152064 0.000929482 -0.0166048 0.00112024 0.00142717 0.0078571 0.00339202
internal_weight=473242 267976 266417 62679 3162.1 59516.9 8359.49 203738 140952 140328 62785.3 137552 2775.86 960.166 2276.43 7686.01 5576.39 136592 2136.58 1453.26 62165.2 5796.84 3755.39 1101.62 56368.4 2041.45 51157.4 49910 2653.77 2055.49
internal_count=4157801 2333765 2307955 590514 27272 563242 65888 1717441 1165532 1159116 551909 1141982 17134 13129 13646 61393 43920 1128853 19024 10655 542884 55722 35703 10636 487162 20019 497354 479304 25067 20837
is_linear=0
shrinkage=0.03


Tree=113
num_leaves=31
num_cat=0
split_feature=43 34 33 33 33 33 33 32 34 33 32 33 33 34 34 32 32 33 33 32 33 32 32 32 32 34 20 32 33 33
split_gain=154.855 174.822 248.622 537.168 312.362 396.565 657.585 625.656 402.113 320.573 299.916 240.805 592.699 420.318 356.88 304.066 266.111 234.068 428.078 334.042 323.479 365.329 233.272 220.242 207.157 399.705 233.599 229.824 226.392 219.213
threshold=0.72648400068283092 0.065712161362171187 0.010403670370578768 0.012265849858522417 0.013511817436665298 0.027640369720757011 0.023700983263552192 -0.002536405459977686 0.10238429158926012 0.077006325125694289 -0.0055259522050619117 0.016183477826416496 0.018338722176849846 0.081276949495077147 0.12774557620286944 0.0084255104884505289 0.0060937865637242803 -0.010257564485073088 -0.013303210027515886 0.00016956408217083665 -0.003454510471783578 0.0045168031938374051 -0.0010327456984668968 0.023361636325716976 0.021241558715701107 -0.063797727227210985 57.528440475463874 0.027440025471150879 0.02291694097220898 -0.059739705175161355
decision_type=2 2 2 2 2 2 2 2 2 2 2 2 2 2 2 2 2 2 2 2 2 2 2 2 2 2 2 2 2 2
left_child=1 24 17 -4 -5 6 7 -6 9 -7 -10 16 -13 15 -15 -14 -9 18 -3 -19 23 -22 -12 -21 -1 27 -27 -26 29 -29
right_child=-2 2 3 4 5 8 -8 11 10 -11 22 12 13 14 -16 -17 -18 19 -20 20 21 -23 -24 -25 25 26 -28 28 -30 -31
leaf_value=-9.4871916264485976e-05 -0.00091482713544257437 0.0076115531597661535 -0.015906690377698016 0.017713587918262157 -0.023206590786460677 0.010786035728662179 -0.014197832472700424 0.0089599094172699827 0.033330673550668939 -0.022977554000814318 -0.014511631820920258 0.029721022807363828 -0.022191104769397632 0.012952104140941171 -0.012562014818074443 0.0018446709376097456 -0.011542970598632464 0.014517866662376583 -0.010008073361807033 0.013246570630672801 -0.017553944309854304 0.0046405013855676204 0.00071605068237974058 -0.021945330348580448 -0.019912848013736727 0.011114610662894356 -0.0039072452844975307 -0.01592457039553126 -0.027423395971066411 0.011550228137101319
leaf_weight=290512.14939450659 128622.9509286955 2881.6076971068978 1672.7590023651719 1008.6220304518938 851.00268088653684 6649.2400395609438 3423.1499806493521 853.55758611112833 212.46889701113105 244.78687954694033 1017.893091570586 838.11746733263135 806.03903302177787 3058.3500843048096 571.01287756860256 1103.958270676434 1625.9730099178851 4083.750753749162 2148.4263575039804 2331.48963303864 1066.3162815049291 1715.4075435474515 7080.0091459788382 153.93735171854496 717.29178086295724 5251.2220723889768 1121.0670535154641 327.13674518465996 207.04534227773547 1047.9761475324631
leaf_count=2502232 1126193 41524 12840 5104 8202 60366 26372 8440 3717 3722 13366 6516 6546 23611 2528 8887 12756 39220 15397 19155 11892 19806 82298 1947 10837 55378 13961 2341 5062 8774
internal_value=-2.66354e-05 0.000304936 0.0020392 0.000526422 0.00147338 0.000883218 -0.00293336 0.00105963 0.0041789 0.00952419 -0.0002676 0.00343822 0.00651718 0.0029121 0.00889109 -0.00842353 -0.00446981 0.00529672 7.60334e-05 0.00809888 0.00308599 -0.00393186 -0.00122908 0.0109091 4.16614e-05 0.00460536 0.00846788 -0.00607927 0.000362642 0.00487944
internal_weight=473205 344582 45397.9 31016.9 29344.2 28335.6 13131.2 9708.01 15204.4 6894.03 8310.37 8857.01 6377.48 5539.36 3629.36 1910 2479.53 14380.9 5030.03 9350.9 5267.15 2781.72 8097.9 2485.43 299184 8671.74 6372.29 2299.45 1582.16 1375.11
internal_count=4158990 3032797 434212 285271 272431 267327 103858 77486 163469 64088 99381 69284 48088 41572 26139 15433 21196 148941 56921 92020 52800 31698 95664 21102 2598585 96353 69339 27014 16177 11115
is_linear=0
shrinkage=0.03


Tree=114
num_leaves=31
num_cat=0
split_feature=26 33 34 34 34 34 33 33 2 33 33 34 34 34 33 33 0 33 34 34 33 34 33 26 33 33 33 33 33 33
split_gain=154.45 292.743 435.304 437.333 410.669 506.355 415.316 418.052 516.748 353.05 692.769 478.734 342.876 297.75 539.144 277.927 273.368 259.224 238.378 356.163 344.885 333.242 304.932 254.725 238.457 227.806 298.197 227.673 248.327 544.269
threshold=-0.00035298291186336423 -0.012578809168189762 -0.011635823640972374 -0.017826614901423451 -0.033443899825215333 -0.019969875924289223 -0.0060724508948624125 -0.0037877481663599606 -0.017842445522546765 0.049807082861661918 0.048644645139575012 -0.092207007110118852 -0.13885984569787976 -0.019182622432708737 0.018338722176849846 1.0000000180025095e-35 -0.031344039365649216 -0.0067772909533232442 -0.039083503186702721 -0.042777672410011285 -0.019171130843460556 -0.029658703133463856 -0.013823971617966889 0.042962435632944114 -0.014882357791066168 -0.064229741692543016 -0.054731162264943116 -0.051217978820204728 -0.025970567949116227 -0.026954179629683491
decision_type=2 2 2 2 2 2 2 2 2 2 2 2 2 2 2 2 2 2 2 2 2 2 2 2 2 2 2 2 2 2
left_child=-1 2 3 12 9 6 17 -8 -9 10 -3 -11 -2 14 15 -7 -5 -6 19 23 21 -20 -22 25 -21 -14 -27 -23 29 -29
right_child=1 4 -4 16 5 13 7 8 -10 11 -12 -13 18 -15 -16 -17 -18 -19 20 24 22 27 -24 -25 -26 26 -28 28 -30 -31
leaf_value=0.00055930038013407948 0.014136655141431189 0.0026129202941450979 0.0042045336723521313 0.010029659395852876 -0.012744442069025834 0.0040235687163361232 0.013706242433633229 -0.014189749207391083 -0.00089203023495804514 0.025494230225454325 0.028531888026393115 -0.014519413836220348 -0.011240428857628699 -0.0013051919271641608 -0.013547787898561949 0.025975801319919688 -0.018160702868020566 -0.036278486610164855 0.0071565666608677213 -0.0076792646081006374 0.018142293219416291 -0.026413280113174859 -0.0050600861380802843 0.0174537380058516 -0.029610506439518128 0.0091478951297563425 -0.0018966969731713482 -0.0055999570834938924 -0.011740327315028675 0.024546621535026698
leaf_weight=213273.93039005995 1463.4830523971468 20006.096977857873 26090.86844744347 356.65007547289133 2380.4747866243124 949.6649351939559 1025.2207190170884 4335.3582159131765 6646.7440133430064 295.23754994943738 953.68066623434424 1865.2571276947856 1955.4481546543539 151990.18513620645 724.95234130695462 1147.9572025090456 1875.3979045040905 506.38143643736839 3459.9076886735857 1975.2555427923799 2031.4548723772168 390.29110901430249 668.42461714893579 636.3660601451993 565.90722669661045 2477.5129628926516 18460.828162260354 1929.370001476258 1746.989311825484 725.28696562349796
leaf_count=1888913 23885 205945 237918 3482 17259 5627 8121 35504 54393 3292 5493 18931 26648 1271374 6684 5833 21920 2266 36657 16248 19188 4121 6313 4892 2788 19099 167886 19615 13862 3679
internal_value=-3.88616e-05 -0.000530216 0.00118092 -0.000757601 -0.00112314 -0.00163419 -0.00691365 -0.00444175 -0.00615777 0.00262622 0.00381832 -0.00886775 -5.69989e-06 -0.00112544 0.008495 0.0161691 -0.0136072 -0.0170937 -0.000572063 -0.00213195 0.00313848 8.46139e-05 0.012403 -0.000974702 -0.0127564 -0.00150173 -0.000582372 -0.00503005 -0.00302311 0.00275844
internal_weight=472911 259637 66809.4 40718.6 192827 169707 14894.2 12007.3 10982.1 23120.3 20959.8 2160.49 38486.5 154813 2822.57 2097.62 2232.05 2886.86 37023 26071.3 10951.7 8251.85 2699.88 23530.2 2541.16 22893.8 20938.3 4791.94 4401.65 2654.66
internal_count=4157836 2268923 628201 390283 1640722 1407061 117543 98018 89897 233661 211438 22223 364881 1289518 18144 11460 25402 19525 340996 237561 103435 77934 25501 218525 19036 213633 186985 41277 37156 23294
is_linear=0
shrinkage=0.03


Tree=115
num_leaves=31
num_cat=0
split_feature=43 25 35 35 35 35 33 33 35 35 35 33 35 33 33 33 33 33 10 33 35 33 33 35 35 35 33 33 33 33
split_gain=133.513 150.707 167.363 143.137 277.322 246.417 401.469 482.207 717.404 379.158 363.062 301.174 266.331 557.48 521.863 334.431 327.796 780.644 445.014 324.148 308.76 265.691 257.061 239.077 236.926 757.379 782.165 452.991 442.557 1087.9
threshold=0.73459073901176464 1.0000000180025095e-35 0.059641739353537566 0.21833010017871859 0.22466856986284259 0.1705446392297745 -0.059739705175161355 -0.00038152282650116826 0.16237524896860125 0.059641739353537566 0.1784622669219971 -0.029667286202311512 0.18948969244956973 -0.022055992856621739 -0.0049960946198552838 0.0069533933419734248 -0.015375064685940741 -0.014882357791066168 0.013096631970256569 -0.024687093682587143 0.19795468449592593 -0.045113515108823769 -0.038446523249149316 0.23088207840919497 0.30004669725894934 0.31297223269939428 -0.0027886325260624285 0.010403670370578768 -0.045113515108823769 -0.036483865231275552
decision_type=2 2 2 2 2 2 2 2 2 2 2 2 2 2 2 2 2 2 2 2 2 2 2 2 2 2 2 2 2 2
left_child=1 2 -1 5 -5 6 9 8 -8 -3 11 22 14 19 -12 -16 18 -18 -15 -14 -19 -10 -7 -6 28 26 -26 -28 -25 -30
right_child=-2 3 -4 4 23 10 7 -9 21 -11 12 -13 13 16 15 -17 17 20 -20 -21 -22 -23 -24 24 25 -27 27 -29 29 -31
leaf_value=0.021310293884260516 -0.00086760704734934423 -0.0026464229143013697 -0.018449592951039987 -0.010059352998094745 0.0085263153004520205 0.024737279551069174 -0.0012742495666115755 0.0092559986506691207 0.0011935305139574226 0.016822719034334344 -0.0086227168884043838 0.022982650229333514 0.0085871931075390436 -0.016766352014515574 0.028036539243695601 0.00025697723841417114 0.037472396062009909 0.010912881502181913 0.013368380242822978 0.027586044810845818 -0.0036179163442586412 -0.024922011933962016 -0.0072099068678279097 0.01345682284060056 0.00093236334519901799 8.8180542383649061e-05 0.036946474006400436 0.01300522804863846 -0.027380613115874922 -0.0017905006787524427
leaf_weight=93.875526618212461 124769.27494458482 1489.6614415533841 651.85691881366074 2396.1583299450576 3012.2231074459851 301.29551118984818 17898.058863271028 3204.0924180932343 438.37174645066261 2236.8803844060749 3892.8551981672645 1563.5702877826989 2426.4857072085142 1639.5063962973654 641.78552571684122 950.72021487355232 567.70317573845387 1950.2332632951438 583.82993278279901 1214.9727790951729 3945.2070867605507 1696.5299810077995 750.86682023108006 1517.6371751129627 4153.1996765881777 252860.0328302104 1014.6215842589736 2408.6376001760364 1550.2246435843408 31378.261134613305
leaf_count=1588 1093060 16544 7304 24612 25289 5599 164652 30999 2479 28593 37101 11134 21487 10428 4417 9867 2592 13702 4944 7329 40126 11078 8084 19744 40819 2205003 10262 24629 11450 264472
internal_value=-2.55845e-05 0.000275968 -0.0130186 0.00030523 6.33634e-05 0.00183708 -4.63438e-05 -0.00151447 -0.00324463 0.00906747 0.00432057 0.014715 0.00277945 0.00522375 -0.00271296 0.0116611 0.00108266 0.00450056 -0.00880458 0.0150422 0.00120957 -0.0195982 0.00222923 0.000145457 5.92739e-05 0.000368586 0.00970209 0.0202746 -0.0022782 -0.00301113
internal_weight=473199 348429 745.732 347684 300291 47392.6 26963.6 23237.1 20033 3726.54 20429 2615.73 17813.3 12327.9 5485.36 1592.51 8686.48 6463.14 2223.34 3641.46 5895.44 2134.9 1052.16 297895 294883 260436 7576.46 3423.26 34446.1 32928.5
internal_count=4159387 3066327 8892 3057435 2626280 431155 254345 209208 178209 45137 176810 24817 151993 100608 51385 14284 71792 56420 15372 28816 53828 13557 13683 2601668 2576379 2280713 75710 34891 295666 275922
is_linear=0
shrinkage=0.03


Tree=116
num_leaves=31
num_cat=0
split_feature=27 9 34 34 34 32 32 32 32 32 34 34 32 34 32 32 32 34 32 32 17 34 32 34 32 32 32 34 34 34
split_gain=151.453 201.733 239.77 386.701 323.886 235.31 218.115 207.515 399.044 211.933 205.754 549.537 417.845 399.366 332.716 280.318 441.78 366.458 243.372 216.549 203.368 202.816 194.791 178.888 234.973 269.629 180.877 332.48 379.915 286.877
threshold=0.24000562727451327 0.0093478132039308565 -0.040453832596540444 -0.044298728927969926 -0.039083503186702721 -0.0084964241832494718 0.0090181124396622198 -0.010832737665623425 -0.013018006924539803 -0.0058303989935666314 -0.032057646661996834 -0.019969875924289223 -0.024857878684997555 -0.035839064046740525 -0.0039312124717980615 -0.022725751623511311 -0.015421228017657993 -0.027107475325465199 -0.0042567250784486524 -0.0093895830214023573 0.0046476679854094991 -0.035839064046740525 -0.02856467571109533 -0.12285920977592467 -0.0055259522050619117 -0.0041014768648892632 0.019189972430467609 -0.063797727227210985 0.030582120642066005 -0.087091129273176179
decision_type=2 2 2 2 2 2 2 2 2 2 2 2 2 2 2 2 2 2 2 2 2 2 2 2 2 2 2 2 2 2
left_child=1 2 3 6 5 -4 -1 8 -5 -9 12 15 13 -6 18 -12 17 -17 20 -14 -13 -21 -22 24 -2 -26 -25 29 -29 -28
right_child=23 -3 4 7 10 -7 -8 9 -10 -11 11 14 19 -15 -16 16 -18 -19 -20 21 22 -23 -24 26 25 -27 27 28 -30 -31
leaf_value=0.00024235066849849019 0.016546740861744149 0.0024066069173771035 -0.02268285119919838 0.01403500526322028 0.002263377866863525 0.0036327254069642959 0.013128701529345709 0.02738448520972513 -0.023418951545517448 0.0070988283785825418 -0.023691806847343705 7.286048382288096e-05 0.018343644240765653 -0.039727926490798947 -0.0023206556004595215 0.021658339373692995 -0.0091102489380452487 -0.0062602892908821765 0.01452027286863937 -0.0097540689874235312 -0.013891499307229221 0.010898014437133004 0.0074327630204133006 -0.00059715228773468882 -0.027762254803489452 0.0038441139764638175 0.00206341307909231 0.0074193732706024501 -0.0019166432394705367 -0.018440945049018411
leaf_weight=18255.285499509424 1247.5365787204355 47898.315426798537 1012.264982059598 802.99394303187728 567.45636386796832 427.48204193264246 1244.0498560555279 1059.6033546477556 351.79264099150896 844.49481720477343 863.89825144410133 16329.362193234265 1613.1379880160093 296.38490121811628 23706.38520215638 839.8146126717329 7327.6076998002827 819.39744879677892 1443.4545594453812 665.45825242623687 391.44447530061007 1122.6699826642871 6556.1016924083233 314923.93024678156 244.37817876413465 2977.6989178359509 1255.8418569155037 10429.991467088461 6269.6095778346062 1175.067407310009
leaf_count=187962 20919 418932 5722 7147 4877 3397 10183 4964 2442 9836 8852 132634 14733 2371 188841 6760 56770 5703 10885 5099 4893 9336 54669 2711553 5083 45202 17522 96929 90399 13312
internal_value=-6.81585e-06 0.000844991 -1.96864e-05 0.00263836 -0.000957363 -0.0149267 0.0010771 0.0125191 0.00242064 0.0185548 -0.000631117 -0.00109729 0.00571394 -0.0127169 0.000217625 -0.00754883 -0.00594785 0.00796045 0.0026517 0.0104419 0.00190387 0.00318939 0.00619487 -0.000345126 0.00560346 0.00129046 -0.000425048 0.00240578 0.00391621 -0.00791771
internal_weight=472963 134439 86540.5 22558.2 63982.3 1439.75 19499.3 3058.88 1154.79 1904.1 62542.6 58277.5 4265.11 863.841 48426.7 9850.72 8986.82 1659.21 24720.4 3401.27 23276.9 1788.13 6947.55 338524 4469.61 3222.08 334054 19130.5 16699.6 2430.91
internal_count=4157927 1157008 738076 222534 515542 9119 198145 24389 9589 14800 506423 470007 36416 7248 391922 78085 69233 12463 203081 29168 192196 14435 59562 3000919 71204 50285 2929715 218162 187328 30834
is_linear=0
shrinkage=0.03


Tree=117
num_leaves=31
num_cat=0
split_feature=9 34 33 35 35 34 34 33 35 34 34 35 33 35 35 35 33 35 33 33 33 33 34 33 35 34 34 34 35 35
split_gain=154.152 210.852 740.648 630.333 563.856 542.977 510.476 509.77 504.873 562.098 417.048 391.229 563.128 454.952 534.725 430.732 413.509 363.783 361.22 320.801 319.764 505.858 625.813 410.668 315.377 571.127 342.835 882.144 940.877 657.138
threshold=-0.035218300297856324 0.0074763279408216485 -0.0067772909533232442 0.19795468449592593 0.19795468449592593 0.02578616235405207 0.008650485426187517 0.021076834760606292 0.6519378423690797 0.01119432505220175 0.0064267243724316367 0.36820137500762945 -0.019171130843460556 0.40236774086952215 0.45529520511627203 0.45912173390388494 -0.036483865231275552 0.60535466670990001 -0.0096507952548563463 -0.038446523249149316 0.016183477826416496 0.015615454874932768 0.02578616235405207 0.014746565837413074 0.23795892298221591 0.025130776688456539 0.034743998199701316 0.036900719627738006 0.5801072120666505 0.27849972248077398
decision_type=2 2 2 2 2 2 2 2 2 2 2 2 2 2 2 2 2 2 2 2 2 2 2 2 2 2 2 2 2 2
left_child=-1 10 4 7 18 8 -5 -4 -6 -10 -2 12 16 -13 -15 -16 -7 -12 19 -3 21 23 -23 24 25 -8 -26 28 -28 -29
right_child=1 2 3 6 5 11 20 -9 9 -11 17 13 -14 14 15 -17 -18 -19 -20 -21 -22 22 -24 -25 26 -27 27 29 -30 -31
leaf_value=0.0010716298243598626 -0.00078842955289380615 0.0068158415728113639 0.018592138756275342 0.017993552020011353 0.013469808844194506 -0.035543604361656871 0.015947228437041921 -0.0064338841726772076 -0.016567854547960822 0.0096164418872506062 -0.013413337870498983 0.021408577969698972 -0.0093898372404862557 -0.010386532480011252 0.027567829822550172 0.004437849973469455 0.017179284649063126 0.022048462150999312 0.0053111714330551637 -0.014050078068745725 0.0004553870433869296 -0.032636784595356787 -0.0044630671079303706 0.012705477918584125 -0.003922639903086507 -0.019532742633489947 0.044374662849437772 0.010590656344186156 0.00632812582445839 -0.0027384787168674503
leaf_weight=100375.70041876845 172789.19438619539 833.18389997258782 2670.8872406110168 1276.7890560850501 10628.509344097227 129.94379656761885 494.07113835960627 994.93179842829704 1166.7303594388068 1930.7707964070141 3514.26184900105 1414.649472028017 4337.4693636856973 2012.317554820329 795.06480157375336 6658.7571299150586 1326.1598955504596 263.22492748498917 2347.956813596189 3042.9646411910653 77276.483398877084 1053.5675969477743 2115.9546298906207 1703.122273568064 33472.562700575218 2024.698850620538 736.60659288614988 3739.6318983361125 2619.2318300679326 29045.661574076861
leaf_count=927864 1453252 15320 20047 13056 86058 1966 6992 12840 9636 15497 27243 10668 30313 21033 3293 73737 13922 2528 14393 34075 719653 11597 16379 19499 281878 18380 5740 30188 14371 246918
internal_value=2.83258e-05 -0.000252914 0.000424852 -0.000460096 0.0042703 0.0059541 -0.000750535 0.0118018 0.0103689 -0.000289367 -0.00100466 0.00231183 -0.0039768 0.00566142 0.00326794 0.00697219 0.0120564 -0.0108392 -0.00394662 -0.00955295 -0.000907967 -0.00227589 -0.0139741 -0.00177007 -0.00211528 -0.0125023 -0.00173598 0.000290279 0.0148928 -0.00121257
internal_weight=472791 372415 195849 159224 36624.5 30400.4 155558 3665.82 13726 3097.5 176567 16674.4 5793.57 10880.8 9466.14 7453.82 1456.1 3777.49 6224.11 3876.15 154282 77005.1 3169.52 73835.6 72132.5 2518.77 69613.7 36141.1 3355.84 32785.3
internal_count=4158336 3230472 1747449 1417538 329911 266123 1384651 32887 111191 25133 1483023 154932 46201 108731 98063 77030 15888 29771 63788 49395 1371595 651942 27976 623966 604467 25372 579095 297217 20111 277106
is_linear=0
shrinkage=0.03


Tree=118
num_leaves=31
num_cat=0
split_feature=26 33 24 33 33 33 33 21 18 33 0 33 33 6 24 26 36 33 33 33 23 24 33 33 33 33 33 33 33 16
split_gain=144.163 271.685 212.03 211.774 222.022 165.144 309.371 162.163 158.915 135.637 196.214 298.952 197.343 159.462 157.942 148.479 128.318 127.633 243.41 291.244 126.808 124.575 124.791 117.73 219.928 135.152 276.126 139.762 418.345 124.001
threshold=-0.00060926080914214243 -0.012578809168189762 0.02375208213925362 -0.0084456396289169771 -0.012578809168189762 -0.015923499129712578 -0.016399403102695938 5.0872082710266122 0.004172184970229865 -0.015923499129712578 0.016395106911659244 -0.014882357791066168 -0.013823971617966889 -0.0041480741929262868 0.018946127034723762 0.02899089548736811 0.70394268631935131 -0.034664670005440705 -0.048507720232009881 -0.045113515108823769 0.22227711975574496 0.045032637193799026 -0.038446523249149316 -0.022055992856621739 -0.023167964071035382 -0.024687093682587143 -0.026954179629683491 -0.038446523249149316 -0.034664670005440705 -0.00048797042109072203
decision_type=2 2 2 2 2 2 2 2 2 2 2 2 2 2 2 2 2 2 2 2 2 2 2 2 2 2 2 2 2 2
left_child=3 9 8 4 5 6 17 -7 -3 15 11 13 14 -11 -13 23 -5 18 -1 -20 -17 -21 -23 24 25 26 27 -2 -29 -25
right_child=1 2 -4 16 -6 7 -8 -9 -10 10 -12 12 -14 -15 -16 20 -18 -19 19 21 -22 22 -24 29 -26 -27 -28 28 -30 -31
leaf_value=0.001182836929620608 0.0019030913396228138 -0.0044785218847629331 -0.00049151214371308347 0.0019177294721335677 -0.0042008547989705663 0.0111128356016866 -0.012344846366072127 0.001650122106836087 -0.00075905379808040481 0.015803466624474152 -0.0028675777130278829 0.013866015522282152 0.0057388848154444451 0.0025009553901480341 -0.0097935110650304268 0.01939226382158819 -9.3347949835281797e-05 0.0011443254865671844 -0.018853374679884193 -0.0062225294400325027 0.0031732751813846397 0.006411669813334301 -0.0059168406478551138 -0.0042567294610225256 0.010816916547463614 -0.006996581881195338 0.0084776838354209388 -0.0094889818718140815 0.0016163877399230614 0.0012718335679787229
leaf_weight=10374.927299799398 16811.552524514496 24205.891003839672 153609.31023081206 94936.917523670942 13240.132052473724 2048.5368706956506 1922.4887315370142 7733.1073634251952 18050.92578715086 2978.7271853126585 2830.3966472297907 281.68582753837109 3426.3215476572514 1123.3264851644635 1640.7171821929514 640.17984002828598 40830.654341496527 28665.418550867587 1248.4469384942204 5140.4382876567543 1295.025295002386 1807.3591711614281 1221.3454578928649 8850.9077247455716 1986.6005491837859 1965.7768433988094 3965.0366150997579 4624.9064677990973 8893.7908151857555 6192.8010868653655
leaf_count=126035 185048 179060 1339844 833665 102117 14746 15868 60407 146487 20296 22662 1663 29612 7737 11653 5414 357931 253866 13382 47577 12388 18796 12089 81099 18051 17209 35688 38935 92608 54620
internal_value=2.32308e-05 -0.000443726 -0.00100938 0.00061118 -0.000686927 8.75379e-05 -0.000605405 0.0036505 -0.00289078 0.00119727 0.00404619 0.00611847 0.00143367 0.0121905 -0.00621965 0.000562498 0.00131299 -0.000134761 -0.00198654 -0.00547321 0.00868212 -0.00338734 0.00143391 0.000264498 0.00114875 0.000613403 0.00105342 7.79134e-05 -0.0021913 -0.00198221
internal_weight=472544 263374 195866 209170 73402.2 60162.1 50380.4 9781.64 42256.8 67507.8 12281.2 9450.78 5348.72 4102.05 1922.4 55226.6 135768 48457.9 19792.5 9417.59 1935.21 8169.14 3028.7 53291.4 38247.7 36261.1 34295.3 30330.2 13518.7 15043.7
internal_count=4156553 2300074 1665391 1856479 664883 562766 487613 75153 325547 634683 93623 70961 42928 28033 13316 541060 1191596 471745 217879 91844 17802 78462 30885 523258 387539 369488 352279 316591 131543 135719
is_linear=0
shrinkage=0.03


Tree=119
num_leaves=31
num_cat=0
split_feature=43 24 25 32 32 34 34 35 35 32 34 34 32 35 34 32 32 32 35 34 34 32 34 32 35 32 35 32 34 32
split_gain=140.108 234.346 178.19 172.134 157.967 203.824 286.293 197.801 178.933 342.637 340.042 417.51 273.492 273.131 268.685 452.762 1205.31 532.135 414.56 644.504 388.68 772.76 696.607 1085.02 602.945 512.176 509.884 468.583 546.254 593.372
threshold=0.53721460700035106 0.031537234783172614 1.0000000180025095e-35 0.034510171040892608 0.019189972430467609 0.13775379955768588 0.12774557620286944 0.87232092022895824 0.23088207840919497 -0.0099765094928443415 -0.071513459086418138 -0.067316208034753786 -0.010832737665623425 0.79561480879783641 0.0035712240496650343 -0.00043507090595085168 0.001789768517483026 -0.0017096993979066608 0.45912173390388494 -0.00092404484166763712 -0.012866792734712361 0.0031770775094628338 -0.019969875924289223 0.0052491456735879191 0.4827085435390473 0.0041160879191011199 0.5424766242504121 0.0058972593396902093 -0.054370544850826256 0.0049684937112033376
decision_type=2 2 2 2 2 2 2 2 2 2 2 2 2 2 2 2 2 2 2 2 2 2 2 2 2 2 2 2 2 2
left_child=2 3 -1 -2 5 6 7 8 9 -4 13 12 -12 -10 15 17 18 -13 19 -17 22 24 27 -24 -22 -23 -27 28 -18 -30
right_child=1 -3 4 -5 -6 -7 -8 -9 10 -11 11 14 -14 -15 -16 16 20 -19 -20 -21 21 25 23 -25 -26 26 -28 -29 29 -31
leaf_value=-0.014842674784726357 -0.0019229715523235685 0.0001019810190234735 0.0011451791544173754 -0.027622544960827954 0.0039956589250359992 0.0097321267636816047 -0.014178656779755125 -0.010058216875126437 0.0074191195694812053 0.0093094553416336705 0.018511107769037378 -0.0023090993179416376 -0.024626747605921616 -0.021465830576952637 0.00090233930311829429 0.0096847465858844288 0.018530320422130504 -0.012259701145529071 0.01916391504590725 -0.028417735582659542 -0.02204324572513916 -0.025078771813843267 0.026268342551493202 -0.0011059003892846986 0.022360613806844457 0.031377155891898698 -0.0070260315470660091 0.0017804883992874282 -0.0048074772900315935 -0.024315446513061164
leaf_weight=661.97006410174072 68715.023187449202 149887.68422716297 32749.88534203358 215.48883979022503 11183.640157710761 2047.0343003831804 1207.752185177058 1613.5748640559614 7312.3744750972837 5369.043742466718 138.84600479900837 29750.943250194192 924.91022777557373 287.97983175888658 107716.99157881737 2859.3262184523046 654.77499240636826 5759.6192730851471 3587.8658034540713 444.27578184753656 327.63172973692417 1401.7828789129853 2223.3656864240766 3105.6819332465529 1344.457816105336 301.20697470754385 10428.11459871009 13065.461147502065 5650.8988862559199 1853.3897935897112
leaf_count=7909 552855 1364625 313051 2214 127592 31606 12922 19548 92216 32089 1513 238487 11452 7349 909171 29416 7408 46728 34111 3322 1810 11211 13411 24847 10868 3029 75187 112006 45582 14312
internal_value=-7.50282e-06 -0.000563853 0.000471845 -0.0020113 0.000513034 0.000351858 0.000271074 0.000345313 0.000416909 0.00229939 5.63724e-05 -0.000190863 -0.0187585 0.00627119 -8.5209e-05 -0.00137049 0.000553293 -0.00392903 0.0121295 0.00442047 -0.00142853 -0.00550811 0.000694678 0.0103706 0.0135023 -0.00814632 -0.00589156 -0.00174222 -0.00737386 -0.00967733
internal_weight=472791 218818 253973 68930.5 253311 242127 240080 238872 237259 38118.9 199140 191540 1063.76 7600.35 190476 82758.8 47248.2 35510.6 6891.47 3303.6 40356.8 13803.2 26553.6 5329.05 1672.09 12131.1 10729.3 21224.5 8159.06 7504.29
internal_count=4157847 1919694 2238153 555069 2230244 2102652 2071046 2058124 2038576 345140 1693436 1593871 12965 99565 1580906 671735 386520 285215 66849 32738 319671 102105 217566 38258 12678 89427 78216 179308 67302 59894
is_linear=0
shrinkage=0.03


Tree=120
num_leaves=31
num_cat=0
split_feature=26 34 26 36 34 34 34 23 34 34 43 25 34 14 17 34 34 28 34 34 34 34 34 20 34 34 34 34 34 34
split_gain=142.143 236.537 143.88 140.507 149.292 399.96 141.323 125.968 125.792 141.649 123.227 133.302 124.504 119.367 115.931 104.458 100.155 97.8866 96.1856 90.4374 229.067 184.435 101.352 120.154 80.3625 84.2681 202.004 128.992 126.793 101.158
threshold=-0.00060926080914214243 -0.13885984569787976 0.015276520047336819 0.69599282741546642 0.047592170536518104 0.046266596764326103 0.09017695859074594 0.11429278180003168 0.13775379955768588 0.11634959653019906 0.54523000121116649 0.024114008992910389 0.070729009807109847 39.645494461059577 0.0060649956576526174 -0.15249514579772946 0.16271792352199557 0.57676386833190929 -0.13885984569787976 -0.033443899825215333 -0.035839064046740525 -0.03053368907421827 -0.034658784046769135 58.090040206909187 0.068464327603578581 0.0074763279408216485 0.0064267243724316367 0.01225033449009061 0.01119432505220175 0.0056202784180641183
decision_type=2 2 2 2 2 2 2 2 2 2 2 2 2 2 2 2 2 2 2 2 2 2 2 2 2 2 2 2 2 2
left_child=3 13 10 4 5 7 14 15 9 -8 12 -12 19 -2 -6 -1 -10 -4 -17 20 -3 -21 -22 -24 25 26 29 28 -27 -23
right_child=1 2 17 -5 6 -7 8 -9 16 -11 11 -13 -14 -15 -16 18 -18 -19 -20 21 22 24 23 -25 -26 27 -28 -29 -30 -31
leaf_value=-0.009870499138417704 0.016274623694036292 0.0002363499208622012 -0.0091660123496272589 -0.00055222366619118166 0.0067413242034281935 -0.016530242182089299 0.00036220835502893142 0.0016575694760364568 0.015235644838447396 -0.010258714172904797 -0.0032064195749192787 -0.00080857733043462855 0.0023705239531755288 -0.0024447237368537419 0.0021872935630618514 0.01218882208305941 -0.00013644829709946567 0.002325155732805229 -0.0002985976515284061 -0.0098853758836486734 0.016517502858231756 -0.0014525378057406685 0.008603976759873129 -0.014691579205281503 -0.0084220849110926976 0.0019302785559604388 -0.012651885534987068 -0.00021383902593090294 0.013495558544427296 0.0068349625126253675
leaf_weight=996.15795049443841 1116.1814186535776 25131.466194169596 671.49626047722995 64664.409734752029 9825.9918612837791 1185.092796433717 4122.0490573048592 69037.743006223813 704.7156350761652 1536.3633303698152 29468.876538511366 71430.168504344299 15810.398056961596 413.36869993060827 10346.096140455455 542.01806727051735 804.63115525990725 19413.334394399077 45397.83445837535 1985.025011152029 1113.3557254448533 40916.329306185246 952.0799784399569 231.51107791438699 1175.2559130452573 2938.6611427273601 1409.6915039680898 46837.929853027686 1187.1382112726569 1350.3481805548072
leaf_count=13373 18545 244174 6921 573923 86341 9430 40100 594134 9896 18240 242058 624067 153280 7095 92428 10835 15126 184414 392889 20464 8644 318962 7803 2194 9579 27889 11353 393893 10064 9601
internal_value=2.60629e-05 -0.000437363 -0.000506437 0.000609981 0.00113008 0.000663995 0.00312545 0.000842517 -0.000492088 -0.00254754 -0.000709029 -0.00150939 -0.000136317 0.0112494 0.00441008 -0.000356532 0.00714618 0.00193224 -0.000146026 -0.000453139 0.00106867 -0.000880068 0.0100947 0.00387894 -0.000691479 -0.00059372 -0.00156039 0.000235016 0.00530707 -0.00118466
internal_weight=472716 263553 262023 209163 144499 117159 27339.8 115974 7167.76 5658.41 241938 100899 141039 1529.55 20172.1 46936 1509.35 20084.8 45939.9 125229 27428.4 97800.4 2296.95 1183.59 95815.4 94640.1 43676.4 50963.7 4125.8 42266.7
internal_count=4157715 2301000 2275360 1856715 1282792 1020661 262131 1011231 83362 58340 2084025 866125 1217900 25640 178769 417097 25022 191335 403724 1064620 262815 801805 18641 9997 781341 771762 339916 431846 37953 328563
is_linear=0
shrinkage=0.03


Tree=121
num_leaves=31
num_cat=0
split_feature=12 27 16 33 34 34 33 33 34 34 34 33 34 34 33 34 33 33 33 34 34 33 33 33 34 34 34 33 33 33
split_gain=131.825 123.528 336.338 265.478 465.09 363.348 287.721 454.74 272.069 346.026 294.463 319.24 253.289 244.484 579.087 298.858 400.67 301.892 277.775 273.339 241.786 236.143 323.504 235.998 425.408 236.71 231.913 432.913 598.863 290.635
threshold=0.21373918652534488 0.58834147453308117 0.0059017122257500896 -0.0053850426338613025 0.008650485426187517 0.016872515901923183 -0.011835704091936348 -0.0096507952548563463 -0.0082228151150047762 -0.017826614901423451 -0.011635823640972374 -0.034664670005440705 -0.02160988841205835 -0.012866792734712361 0.007675810484215618 -0.12285920977592467 0.0073428482282906779 0.0069533933419734248 0.0098811555653810518 -0.0094683240167796594 -0.027107475325465199 -0.026954179629683491 -0.0084456396289169771 0.023700983263552192 -0.092207007110118852 -0.10836575180292128 0.057090418413281448 0.010403670370578768 0.012265849858522417 0.018338722176849846
decision_type=2 2 2 2 2 2 2 2 2 2 2 2 2 2 2 2 2 2 2 2 2 2 2 2 2 2 2 2 2 2
left_child=-1 26 3 4 6 -6 8 -8 9 12 -11 -12 -3 14 15 -5 17 -17 -15 -20 23 -7 -23 24 -16 -25 -2 -28 -29 -30
right_child=1 2 -4 13 5 21 7 -9 -10 10 11 -13 -14 18 20 16 -18 -19 19 -21 -22 22 -24 25 -26 -27 27 28 29 -31
leaf_value=-0.0037145992861745201 0.00011023476273482251 -0.0026657508818211475 -0.0022600840167010926 -0.02673281187166035 0.015517086729224142 -0.016514188821653213 -0.019473727412987023 -0.0031847648029219157 0.0053947013116426006 -0.02526634691758645 -0.028012050820079602 0.0088728801616007949 0.012044928231260785 -0.002527740954559619 -0.019743573853277803 0.0095271031644022473 0.027908407463771826 -0.02614371250956388 -0.01743131932859503 0.0024011467040257217 -0.0050659403343247516 0.0068175025773165475 -0.012963169744480913 0.016386307516264648 0.010140819392504023 -0.0027740535899272527 0.0064784795782184207 -0.01468919564955253 0.0085510184184539803 5.5516861981221987e-06
leaf_weight=8380.2958740442991 241488.6663017571 17060.70134046115 65091.467837864533 174.19384947419167 2127.997575506568 598.58276572078466 2286.3074137307703 4687.976876784116 4076.8557653836906 1086.7568711452186 284.50019840151072 670.05714998021722 1102.9622622281313 19672.109159495682 451.04081982187927 7068.7365271933377 1086.6768201440573 201.36212571337819 618.4443543702364 31205.919360376894 4775.3702461570501 3989.4545658044517 894.44983286783099 623.01141529902816 4912.8826637752354 5934.7739804536104 15626.275783862919 2212.0425419993699 4353.3350931443274 19794.315169971436
leaf_count=65543 2070997 174205 578096 3909 16708 7352 20118 34437 34523 9849 2416 6740 9161 152125 11003 64130 4925 3727 8093 279621 39177 35812 9194 5506 45039 63720 162330 16132 32770 191098
internal_value=9.99064e-06 7.73948e-05 -0.000535584 0.000435736 -0.00158375 0.00505808 -0.00320316 -0.00856502 -0.00165733 -0.00308418 -0.0147336 -0.00246972 -0.0017602 0.0014589 0.00387714 0.010226 0.0110584 0.0084701 0.000273166 0.00200504 0.000624996 0.000956823 0.00315673 0.00290923 0.0075639 -0.000909467 0.000468109 0.00252544 0.000178909 0.00155193
internal_weight=472538 464157 180683 115591 38866.6 7610.48 31256.1 6974.28 24281.8 20205 2041.31 954.557 18163.7 76724.5 25228 8530.97 8356.78 7270.1 51496.5 31824.4 16697.1 5482.49 4883.9 11921.7 5363.92 6557.79 283475 41986 26359.7 24147.7
internal_count=4158456 4092913 1619586 1041490 360515 69066 291449 54555 236894 202371 19005 9156 183366 680975 241136 76691 72782 67857 439839 287714 164445 52358 45006 125268 56042 69226 2473327 402330 240000 223868
is_linear=0
shrinkage=0.03


Tree=122
num_leaves=31
num_cat=0
split_feature=43 34 33 33 35 35 33 33 35 35 33 33 34 34 5 33 33 35 35 35 35 33 35 33 33 33 35 34 22 35
split_gain=130.449 154.815 222.848 484.112 312.63 819.516 650.162 438.318 390.539 753.392 315.245 307.423 293.178 313.873 260.074 237.999 403.401 352.864 296.204 274.592 332.803 301.415 225.616 283.534 246.964 338.98 256.649 220.444 207.613 204.87
threshold=0.72648400068283092 0.065712161362171187 0.010403670370578768 0.012265849858522417 0.51692143082618724 0.5801072120666505 0.018338722176849846 0.028409776277840141 0.56311708688735973 0.55849176645278942 0.025467921979725364 0.015615454874932768 0.085458565503358855 0.16271792352199557 0.005029896507039667 -0.010257564485073088 -0.013303210027515886 0.20850654691457751 0.090511940419673934 0.27460195124149328 0.29060079157352453 -0.003454510471783578 0.32231983542442327 0.03752542473375798 0.070061001926660552 0.046790573745965965 0.50608089566230785 0.09017695859074594 0.66033327579498302 0.91467610001564037
decision_type=2 2 2 2 2 2 2 2 2 2 2 2 2 2 2 2 2 2 2 2 2 2 2 2 2 2 2 2 2 2
left_child=1 -1 15 14 6 8 -5 10 9 -6 12 -7 -8 -14 -4 16 -3 18 -17 -19 -21 29 23 -9 25 -24 -27 -12 -13 -22
right_child=-2 2 3 4 5 11 7 22 -10 -11 27 28 13 -15 -16 17 -18 19 -20 20 21 -23 24 -25 -26 26 -28 -29 -30 -31
leaf_value=8.1345820012473967e-05 -0.00079068901193858762 0.0072066563508212484 -0.024072067079884608 0.0120861428609396 0.019110289069545119 -0.013723360916515373 -0.017471194135835463 0.0014245384119084324 0.032270130927087422 -0.022207824846217881 -0.0058490500010418851 0.005371847689062138 0.0067362658762146763 -0.03710457768252403 0.00028417996699343239 -0.016622040176110433 -0.0098582122373408639 -0.012454859704749535 0.026004151038491456 0.028958752399726496 0.014670039016470536 -0.00028441950024863261 -0.004512331730602572 0.036214319335680388 -0.023518917276449666 0.025365969754527304 -0.027928680649037418 -0.03304536530353111 -0.0022505354570153831 -0.019411045270509977
leaf_weight=298600.18809106573 128500.32000406273 2851.4555432163179 1047.2116793617606 2242.2899155132473 1804.7396121993661 1179.843711823225 1325.3210973367095 630.40313689783216 1051.1285370029509 489.64452569931746 388.59672241285443 7561.1644060760736 1312.5105513595045 145.2421899586916 625.2771508321166 151.39464215189219 2183.4217021502554 692.06276655942202 1299.0878915153444 557.45480880886316 2618.2129355482757 3834.932574737817 3316.2675039581954 298.10138724371791 451.66172781214118 591.97643565759063 76.949591524899006 923.90989979356527 5570.0917720235884 152.0188062787056
leaf_count=2597147 1126759 41324 7284 17483 18447 6934 9263 7725 8581 4173 4122 68875 9063 1968 5562 1929 15612 6396 10949 4363 24509 41897 22895 5531 7362 10828 1758 8309 59281 1920
internal_value=2.48123e-05 0.000329493 0.00196182 0.000531561 0.00142999 0.00394855 -0.00237001 -0.00581445 0.0172689 0.0101769 -0.0131795 0.00081489 -0.00737029 0.00192516 -0.0150705 0.0050519 -0.000203409 0.00788981 0.0213895 0.00534891 0.00709902 0.00517228 -0.000164384 0.0131221 -0.00299126 -0.000558935 0.0186024 -0.0252019 0.00214004 0.0126741
internal_weight=472473 343973 45372.4 31032.3 29359.8 17656.6 11703.2 9460.94 3345.51 2294.38 4095.58 14311.1 2783.07 1457.75 1672.49 14340 5034.88 9305.16 1450.48 7854.68 7162.62 6605.16 5365.36 928.505 4436.86 3985.19 668.926 1312.51 13131.3 2770.23
internal_count=4158249 3031490 434343 285444 272598 166291 106307 88824 31201 22620 32725 135090 20294 11031 12846 148899 56936 91963 12878 79085 72689 68326 56099 13256 42843 35481 12586 12431 128156 26429
is_linear=0
shrinkage=0.03


Tree=123
num_leaves=31
num_cat=0
split_feature=27 2 33 33 35 34 33 35 35 35 33 34 33 33 34 35 35 34 33 34 34 34 33 35 35 34 33 35 35 34
split_gain=134.408 276.62 313.415 473.215 643.633 569.373 453.457 450.628 411.363 387.717 373 469.897 340.318 338.951 717.759 682.562 667.416 627.719 1039.38 525.383 619.526 553.359 488.06 435.228 466.502 401.975 539.576 506.442 542.944 577.706
threshold=0.48151403665542608 0.034988254308700568 -0.048507720232009881 -0.034664670005440705 0.45529520511627203 0.032053120434284217 -0.012578809168189762 0.19795468449592593 0.14826499670743945 0.56957185268402111 -0.040747443214058869 0.01225033449009061 -0.0049960946198552838 -0.015923499129712578 0.016872515901923183 0.36820137500762945 0.4931750893592835 0.008650485426187517 -0.022055992856621739 0.0018450330244377258 -0.011635823640972374 -0.063797727227210985 -0.033029537647962563 0.19795468449592593 0.16237524896860125 -0.06133866868913173 -0.023167964071035382 0.32971000671386724 0.18948969244956973 -0.051768980920314782
decision_type=2 2 2 2 2 2 2 2 2 2 2 2 2 2 2 2 2 2 2 2 2 2 2 2 2 2 2 2 2 2
left_child=1 2 -1 4 5 10 13 8 -8 -6 -4 -12 -10 17 16 -16 23 18 19 20 21 22 -5 24 -15 -23 27 28 -27 -30
right_child=-2 -3 3 6 9 -7 7 -9 12 -11 11 -13 -14 14 15 -17 -18 -19 -20 -21 -22 25 -24 -25 -26 26 -28 -29 29 -31
leaf_value=0.0046025191885535619 -0.00047630847390370945 0.0023994180915729978 -0.016230086706401772 -0.018897400507653178 0.030901922158397949 0.031576544130120232 -0.0025100710649927148 -0.0014433267849883679 0.0024668517458140433 -0.00091596163968171067 -0.0024938619587205127 -0.03426227711813442 0.016169993023946574 0.022062636049343384 -0.013582836830387943 0.012815957810838356 -0.0075510400955774402 0.010345886672648647 -0.0075765319286469996 -0.01126558982383739 0.017263496672093676 -0.033241653577843526 0.01974496870980505 0.026475077068307453 -0.0092040877271580158 -0.0035738171104068672 0.027303488647579185 -0.016604083494273874 -0.026504834864070483 0.021770765791709633
leaf_weight=12322.164860187098 230695.29833468236 55274.786991871893 4440.3945498149842 321.30341063439846 599.14045010879636 291.7317896746099 4011.659820433706 108298.76128542423 3112.5311642289162 775.02702559530735 5743.6254587359726 432.42675987631083 3426.7226647734642 880.23873011395335 2097.6862361878157 1490.6148930825293 995.89317349344492 5750.7559548206627 11216.623457850888 1744.3282269574702 3400.6434466205537 311.78925204277039 2273.6932169683278 2879.6083192676306 805.09222830086946 4493.3358416818082 602.97224722057581 1610.8720590732992 239.92073285579681 1661.8995807990432
leaf_count=142504 2060040 493730 43073 5197 6553 5144 40994 895650 21618 8845 47818 5160 27711 8197 15903 12420 6818 57329 91149 14571 24286 2058 19841 20137 5921 38975 5973 17752 1991 9559
internal_value=4.15331e-05 0.000536192 -1.70245e-05 -0.000344829 -0.00601671 -0.00845741 8.68791e-05 -0.00086648 0.00504604 0.013201 -0.00961481 -0.0048216 0.00967503 0.0027348 0.00784802 -0.00260627 0.0145791 0.00133982 -0.000524107 0.00422723 0.00605162 0.00271653 0.0148525 0.019419 0.00719357 -0.000839053 0.000408788 -0.00167977 0.00211955 0.0154682
internal_weight=472202 241506 186231 173909 12282.3 10908.2 161627 118850 10550.9 1374.17 10616.4 6176.05 6539.25 42777.3 9149.13 3588.3 5560.83 33628.1 27877.4 16660.8 14916.4 11515.8 2595 4564.94 1685.33 8920.79 8609 8006.03 6395.16 1901.82
internal_count=4156917 2096877 1603147 1460643 116593 101195 1344050 985973 90323 15398 96051 52978 49329 358077 69396 28323 41073 288681 231352 140203 125632 101346 25038 34255 14118 76308 74250 68277 50525 11550
is_linear=0
shrinkage=0.03


Tree=124
num_leaves=31
num_cat=0
split_feature=11 27 2 33 32 35 34 32 34 35 33 34 33 33 34 33 32 35 35 34 35 32 34 32 34 32 34 33 34 35
split_gain=137.866 114.659 233.965 270.699 405.214 492.977 569.843 220.732 582.138 532.786 496.628 451.503 398.748 686.449 636.864 572.12 491.121 382.579 475.045 375.442 349.055 342.224 342.117 595.503 509.005 338.84 322.698 1423.72 773.427 429.891
threshold=0.11237352713942529 0.31919887661933904 0.034988254308700568 -0.059739705175161355 -0.013018006924539803 0.059641739353537566 -0.15249514579772946 -0.01810432784259319 -0.067316208034753786 0.19795468449592593 0.0080125415697693842 -0.055723477154970162 -0.013303210027515886 -0.015923499129712578 0.0074763279408216485 -0.018673303537070748 0.0090181124396622198 0.22466856986284259 0.12695615738630298 0.068464327603578581 0.41173607110977178 -0.0033790608868002887 -0.003217829042114317 -0.014553854241967199 0.0056202784180641183 -0.007640289142727851 -0.010479332413524388 -0.024687093682587143 -0.017826614901423451 0.25190488994121557
decision_type=2 2 2 2 2 2 2 2 2 2 2 2 2 2 2 2 2 2 2 2 2 2 2 2 2 2 2 2 2 2
left_child=-1 2 3 4 5 6 -2 8 17 10 11 -9 13 14 15 16 26 18 -5 22 -16 -17 -13 -24 -25 -15 28 -28 29 -11
right_child=1 -3 -4 7 -6 -7 -8 9 -10 12 -12 19 -14 25 20 21 -18 -19 -20 -21 -22 -23 23 24 -26 -27 27 -29 -30 -31
leaf_value=-0.0038493363194395161 -0.027727174413188022 -0.00025368846384024937 0.0028858219023273268 -0.0098177889853515322 -0.017391238556644668 0.017707462357173642 0.0083867811580063921 0.018971760478043938 -0.00053994817778284666 0.009216095188296379 0.023154179571601628 0.0038118382029700567 -0.0015748829861857222 -0.011436228410304641 0.016936566988047057 -0.027458915624557736 0.016623152483902594 0.025245376333223549 -0.036545904142192567 0.028210631031441884 -0.00018582216134713412 -0.0030002283734953091 -0.027420115986471098 -0.016423357576666284 0.014095926093129393 0.017678731524446049 0.021177807930295965 -0.020757531344388951 -0.039760807611789316 -0.0062093062384667701
leaf_weight=8061.4704334661365 536.05690184235573 295333.78294191323 35606.876739684492 2011.4595987834036 536.19310929253697 2772.7585134636611 1323.7589210122824 1560.9866364188492 11832.386536123231 2121.0418436601758 1300.0669312775135 8883.6748834624887 73941.766099210829 388.85524913668633 2856.2405034359545 1155.7508536092937 1427.4745498001575 180.16970515996218 846.49060693755746 450.57825289666653 1707.0772338993847 925.64236144535244 937.50252366438508 823.97174133360386 1158.9962431713939 3362.7474283948541 2049.2060846276581 1105.7765219248831 511.92896149680018 6748.9188667088747
leaf_count=64449 6333 2631994 317084 20992 10933 33868 14526 12990 122963 15651 11759 60860 608512 3545 29464 6999 11815 1578 7476 2241 14567 11228 9566 3814 8735 22212 17274 8016 5503 62545
internal_value=3.53687e-05 0.000102966 0.000725952 0.000149346 0.00686708 0.00973753 -0.00220664 -0.000122341 -0.00355646 0.000328461 0.00556808 0.00388214 -0.000478194 0.00284914 0.000694993 -0.00211977 7.62515e-05 -0.0152243 -0.0179333 0.00193227 0.0105584 -0.0167137 0.00088317 -0.00799077 0.00137705 0.0146163 -0.00183129 0.0064419 -0.00462122 -0.00250825
internal_weight=472460 464398 169064 133457 5168.77 4632.57 1859.82 128289 14870.5 113418 15115.8 13815.7 98302.4 24360.7 20609.1 16045.7 13964.3 3038.12 2857.95 12254.7 4563.32 2081.39 11804.1 2920.47 1982.97 3751.6 12536.9 3154.98 9381.89 8869.96
internal_count=4159492 4095043 1463049 1145965 65660 54727 20859 1080305 153009 927296 109965 98206 817331 208819 183062 139031 120804 30046 28468 85216 44031 18227 82975 22115 12549 25757 108989 25290 83699 78196
is_linear=0
shrinkage=0.03


Tree=125
num_leaves=31
num_cat=0
split_feature=25 32 26 26 34 32 32 34 34 34 32 34 32 32 32 32 32 32 32 32 34 34 32 32 32 34 32 32 32 24
split_gain=127.933 168.287 139.109 167.872 213.224 199.958 239.582 298.955 432.148 440.219 426.606 388.741 567.899 553.409 343.712 320.22 654.492 425.18 424.646 396.195 522.275 922.573 557.193 328.791 353.984 477.61 320.639 308.794 269.755 262.221
threshold=1.0000000180025095e-35 -0.041274044662713998 0.022923556156456474 -0.00081026338739320625 -0.13885984569787976 0.01019556447863579 -0.0053038655314594499 -0.054370544850826256 -0.019969875924289223 -0.019182622432708737 0.0058972593396902093 -0.058575619012117379 0.0062833137344568976 0.005423812661319972 0.0099504310637712496 0.0080554848536849039 0.0070627711247652778 0.0049684937112033376 0.0058972593396902093 -0.0041014768648892632 -0.025840445421636101 -0.035839064046740525 -0.0020840164506807919 0.0043584010563790807 0.001789768517483026 -0.045878114178776734 -0.0042567250784486524 0.00084654730744659912 0.0075137966778129348 0.046316107735037811
decision_type=2 2 2 2 2 2 2 2 2 2 2 2 2 2 2 2 2 2 2 2 2 2 2 2 2 2 2 2 2 2
left_child=1 -1 3 -2 -5 6 -6 11 15 10 -10 12 13 -8 -14 16 17 19 -19 26 21 23 -22 24 25 27 -9 -21 -18 -26
right_child=2 -3 -4 4 5 -7 7 8 9 -11 -12 -13 14 -15 -16 -17 28 18 -20 20 22 -23 -24 -25 29 -27 -28 -29 -30 -31
leaf_value=0.022786988746382311 0.00060386111427807639 -0.01682269302572046 0.0035397307815028707 0.011061206067195297 0.00056119515410749847 0.0010965391770460808 0.00074824893665462102 -0.0059478025289508704 0.020703127025356125 -0.001487566005859598 -0.011999134857510368 0.014590141996614214 -0.021155765740461331 0.029940704386177002 0.02442231585223071 -0.015981082282450074 0.024914053665477939 -0.023533776913626635 -0.00088484816710574378 -0.018837862597458739 0.0056854533884733976 0.010499145662036186 -0.022638680652701207 0.014499752315060734 -0.021467892953088513 0.0099737918880020305 -0.029397793759266939 0.01001516103328642 -0.0031571021040091149 -0.0019318874653006903
leaf_weight=93.50336541607976 204373.49839214981 711.87666961550713 9973.5237409994006 1396.0923952069134 60571.924066005275 49647.22355048731 3886.4748377744108 1256.6796165518463 1471.2267047762871 111257.30396394059 458.20984293520451 2202.0291914828122 1315.3497681468725 668.128835901618 150.76617068052292 2417.6802563071251 898.43474097549915 2139.157972484827 1140.0048229768872 1419.6581524387002 905.94242145493627 4933.6396102830768 1948.2675517313182 602.71512775123119 2134.7652971148491 1628.1125309355557 897.61892619729042 420.63314345106483 457.4378516972065 873.16048960760236
leaf_count=1645 1817519 7922 94611 23561 532550 480073 48900 8676 8021 899407 2595 15876 16332 8693 983 20746 9543 16932 9695 10319 6320 39177 15932 4598 17314 19248 4294 7174 2156 7102
internal_value=1.73031e-05 -0.0117833 3.79613e-05 -3.78704e-05 -0.000548005 -0.000612249 -0.00102403 -0.00168403 -0.00201702 -0.00124019 0.0128934 0.00386594 -9.16718e-05 0.00514276 -0.0162032 -0.00566535 -0.00450003 -0.00585217 -0.0157129 -0.00393627 -0.00218375 0.000563906 -0.0136714 -0.00637039 -0.00835132 -0.00179714 -0.0158991 -0.0122062 0.0155353 -0.0158471
internal_weight=472251 805.38 471446 461472 257099 255703 206055 145483 137261 113187 1929.44 8222.75 6020.72 4554.6 1466.12 24073.9 21656.2 20300.4 3279.16 17021.2 14866.9 12012.7 2854.21 7079.04 6476.33 3468.4 2154.3 1840.29 1355.87 3007.93
internal_count=4157914 9567 4148347 4053736 2236217 2212656 1732583 1200033 1109249 910023 10616 90784 74908 57593 17315 199226 178480 166781 26627 140154 127184 104932 22252 65755 61157 36741 12970 17493 11699 24416
is_linear=0
shrinkage=0.03


Tree=126
num_leaves=31
num_cat=0
split_feature=24 35 32 35 32 35 35 15 10 32 35 35 35 35 35 32 32 32 32 35 35 32 32 32 35 32 32 32 32 32
split_gain=133.256 214.603 443.236 191.924 251.363 272.269 233.721 273.195 263.375 243.122 259.835 541.421 260.272 283.232 334.093 297.38 245.387 298.854 265.439 285.125 227.864 263.878 223.286 217.884 210.213 214.02 200.131 259.956 199.916 186.469
threshold=0.02567192725837231 0.87232092022895824 0.010609809774905445 0.25190488994121557 -0.011964013334363697 0.20850654691457751 0.36820137500762945 53.482080459594734 0.0013015912263654175 0.0033974709222093229 0.58565238118171703 0.5424766242504121 0.53556513786315929 0.45058386027812963 0.41671648621559149 0.002724128658883274 0.001789768517483026 -0.0015136410365812478 0.0023661317536607389 0.51692143082618724 0.24359410256147387 -0.0072368879336863748 -0.0072368879336863748 -0.0051399664953351012 0.39780005812644964 -0.002860693726688623 -0.0019038675236515699 -0.0015136410365812478 -0.0010327456984668968 -0.015421228017657993
decision_type=2 2 2 2 2 2 2 2 2 2 2 2 2 2 2 2 2 2 2 2 2 2 2 2 2 2 2 2 2 2
left_child=1 2 3 4 29 22 7 -5 9 10 11 12 13 14 24 26 17 -15 -18 -20 21 -7 -6 -10 28 -26 -16 -28 -8 -1
right_child=-2 -3 -4 6 5 20 8 -9 23 -11 -12 -13 -14 16 15 -17 18 -19 19 -21 -22 -23 -24 -25 25 -27 27 -29 -30 -31
leaf_value=0.001341240705774787 0.00025684176097954815 -0.0093424591449295571 0.0049960503941154852 -0.0073031868990199242 0.0088643542171830091 0.0014282641159522466 0.0039443046479854943 0.00023834630392581709 0.027134868226338149 -0.0019148557495946457 -0.028960407332090005 0.030680226204991137 -0.021322481284711797 -0.013735866588098502 0.0085600135114808906 0.031471469769772976 -0.013503484441757214 0.01558506447494711 0.00028403664712007377 0.027392901332146551 0.014456128000520208 -0.018069877663459175 0.034118897208281249 -0.0044117297576325692 -0.0079528497557226907 0.013192228492818005 -0.038242391729175255 -0.0091761396005708672 -0.0098391358821527056 -0.0069403894243053408
leaf_weight=6709.7315197698772 363379.54608943872 2649.0277946032584 10898.427692905068 13325.742988999933 3374.3754399344325 2614.0041677579284 2757.5492341257632 6392.6658882834017 179.5823766104877 20606.001066841185 208.6240159496665 604.67253730818629 391.90386804938316 329.83116482570767 467.7420593239367 148.63421705365181 787.78166483342648 3323.2994447126985 1390.1859303601086 446.50380882620811 791.63577215746045 799.82183875143528 332.16858254373074 17837.0076116696 505.3291342407465 2506.8591337203979 292.7242069169879 2698.3129778206348 1417.1770793534815 3826.9152859598398
leaf_count=58827 3302574 29014 91358 105600 20288 23663 22331 53920 1236 161674 1386 5498 2098 3359 3475 2294 7295 28105 13374 3001 4708 4168 1542 122338 2973 18224 1806 23674 10268 27715
internal_value=-1.87526e-05 -0.000940658 -0.000728898 -0.00138612 0.00135975 0.00539405 -0.00204747 -0.00486047 -0.00107126 0.000318446 0.00283566 0.0032344 0.0022501 0.00281555 -0.000133965 -0.0075593 0.00787155 0.0128774 0.000858988 0.00709835 0.000161186 -0.00321858 0.0112986 -0.00406755 0.00360376 0.00961584 -0.00940786 -0.0122559 -0.000759306 -0.0016741
internal_weight=471994 108614 105965 95066.8 18448.7 7912.01 76618.1 19718.4 56899.7 38883.1 18277.1 18068.5 17463.8 17071.9 10794.3 3607.41 6277.6 3653.13 2624.47 1836.69 4205.46 3413.83 3706.54 18016.6 7186.91 3012.19 3458.78 2991.04 4174.73 10536.6
internal_count=4157786 855212 826198 734840 140911 54369 593929 159520 434409 310835 149161 147775 142277 140179 85045 31249 55134 31464 23670 16375 32539 27831 21830 123574 53796 21197 28955 25480 32599 86542
is_linear=0
shrinkage=0.03


Tree=127
num_leaves=31
num_cat=0
split_feature=43 24 25 41 32 27 32 35 35 35 35 32 32 35 32 35 35 26 32 35 35 32 32 35 15 35 32 39 5 42
split_gain=128.313 188.381 164.017 142.815 130.628 129.656 128.373 298.59 235.646 210.639 234.12 961.631 732.686 795.637 617.968 506.852 518.245 364.518 347.765 375.695 307.062 280.67 260.91 207.657 168.824 194.317 430.797 187.908 167.048 154.228
threshold=0.62376445531845104 0.037466464564204223 1.0000000180025095e-35 0.0085984580218791979 0.034510171040892608 0.69567963480949413 0.010609809774905445 0.66535919904708873 0.79561480879783641 0.75839194655418407 0.64565208554267894 0.0090181124396622198 0.007810059469193221 0.69646304845809948 0.0068021658807992944 0.6519378423690797 0.66535919904708873 0.02899089548736811 0.0070627711247652778 0.65811309218406688 0.67112240195274364 0.0088297538459301012 0.01019556447863579 0.65811309218406688 59.922554016113288 0.79561480879783641 0.014234818983823063 0.81677046418190014 0.0088520604185760039 0.65878772735595714
decision_type=2 2 2 2 2 2 2 2 2 2 2 2 2 2 2 2 2 2 2 2 2 2 2 2 2 2 2 2 2 2
left_child=2 4 3 -1 -2 -3 8 23 9 10 11 21 13 14 15 -12 -17 28 -16 -20 -18 -4 -13 -8 29 26 -26 -28 -14 -9
right_child=1 5 6 -5 -6 -7 7 24 -10 -11 12 22 17 -15 18 16 20 -19 19 -21 -22 -23 -24 -25 25 -27 27 -29 -30 -31
leaf_value=-0.024036567369794544 -0.0016815659475220648 0.00088041273668075211 0.00027452007925745151 0.0033506945433720604 -0.021838764001773498 -0.0015250845871020166 0.0083548448345922895 0.0034823043127934117 -0.019820326686392286 0.01529636826193864 -0.034509358425272765 0.023535300542626088 -0.0090559248886894102 0.02443151006563192 -0.019815030461239481 0.032556695495324403 -0.024307862228039222 0.021815675378632101 -0.024895316759172472 0.010271568789261984 0.011858803381727253 -0.026782909665248902 -0.01149550715244042 0.033709150640813611 -0.0013259404846930507 0.0019435938062452947 -0.029911335466308021 -0.0056901989830594937 -0.0025912221364658267 -0.0010217354341810617
leaf_weight=438.2497380990535 76381.813918059692 72874.120778882876 218694.68430080637 266.68243283219635 270.5992739982903 27859.201397715136 2248.8041720762849 25766.565394610167 511.21533243358135 807.0819625556469 172.8476826287806 1966.3547489643097 10485.963141072541 1544.2450476102531 1398.5904465653002 924.20432004332542 276.94578179717064 390.79287530854344 347.77900925278664 1045.8932698480785 712.71276209503412 325.58380312845111 199.87238366901875 319.06825630366802 4181.9464100115001 5635.7252105548978 795.78986846283078 463.04955217987299 5502.3980767689645 9303.1345692016184
leaf_count=4962 634086 659197 1898637 3483 2891 260879 20331 249638 3691 9760 3146 15155 81760 8007 7957 10113 3322 2773 4831 10317 8347 3482 3150 2037 35623 68594 7608 3960 44396 86062
internal_value=-4.07637e-07 -0.000637873 0.000383278 -0.0138691 -0.0017584 0.000214968 0.00041839 0.00182474 0.000138986 0.000182283 0.000131038 0.000429498 -0.00276191 0.00581324 -0.000155316 0.0121308 0.0166564 -0.00612771 -0.00935794 0.00126792 0.00145691 0.000231856 0.0202275 0.0117414 0.00126807 -0.00195819 -0.00599209 -0.0212302 -0.00683711 0.00228759
internal_weight=472112 177386 294726 704.932 76652.4 100733 294021 48714.1 245307 244796 243989 221186 22802.4 6423.22 4878.97 2086.71 1913.86 16379.2 2792.26 1393.67 989.659 219020 2166.23 2567.87 46146.2 11076.5 5440.79 1258.84 15988.4 35069.7
internal_count=4158195 1557053 2601142 8445 636977 920076 2592697 473853 2118844 2115153 2105393 1920424 184969 56040 48033 24928 21782 128929 23105 15148 11669 1902119 18305 22368 451485 115785 47191 11568 126156 335700
is_linear=0
shrinkage=0.03


Tree=128
num_leaves=31
num_cat=0
split_feature=43 34 34 33 33 33 33 33 34 34 33 34 34 34 34 33 33 34 34 34 34 34 34 34 34 33 33 34 34 33
split_gain=123.778 138.711 265.993 424.433 470.085 242.063 605.625 560.304 383.281 436.299 335.47 309.448 333.555 300.37 249.722 440.214 504.846 444.749 391.181 305.645 260.056 258.399 411.172 550.534 536.227 418.391 252.63 243.558 313.559 227.742
threshold=0.877019762992859 0.065712161362171187 0.067046999931335463 0.019428063184022907 0.039972731843590743 0.027640369720757011 0.030892575159668926 0.02467537205666304 0.032053120434284217 0.023456288501620296 0.029942311346530918 -0.025840445421636101 -0.028287952765822407 0.047592170536518104 -0.10836575180292128 0.049807082861661918 0.048644645139575012 -0.0066001922823488704 0.057090418413281448 0.063413232564926161 -0.0066001922823488704 0.024294849485158924 -0.019182622432708737 -0.015552219469100235 -0.0022934988373890515 0.038678968325257308 0.031919034197926528 0.019406237639486793 -0.00092404484166763712 0.027640369720757011
decision_type=2 2 2 2 2 2 2 2 2 2 2 2 2 2 2 2 2 2 2 2 2 2 2 2 2 2 2 2 2 2
left_child=1 5 3 -3 -5 7 8 -1 9 11 -11 12 -7 -9 -8 16 21 -18 -19 -20 -17 22 -16 -24 25 -25 -26 28 -28 -4
right_child=-2 2 29 4 -6 6 14 13 -10 10 -12 -13 -14 -15 15 20 17 18 19 -21 -22 -23 23 24 26 -27 27 -29 -30 -31
leaf_value=5.7305523435564025e-05 -0.0012966005718363712 0.017822406858595694 -0.00039262724349978207 -0.01153546466753967 0.038895145224908209 -0.0092767290360026445 0.013325721679069461 0.0059415044985521043 -0.020640295457717939 0.017143343611147038 -0.0051915946220366747 -0.01652315403388813 0.023033127809784622 0.025916310797423844 -0.0031239903561652237 -0.010884040995206372 0.02712705611880678 -0.023098538415039983 0.027516240820768128 -0.016649922566998248 -0.00032935691436441285 -0.0040728324871776456 0.029670371549271424 0.033659025132827591 0.024424083962889861 -0.020365139429879095 0.030509271342358511 0.018952063478399308 -0.00021832812975858715 0.0037989698074074141
leaf_weight=307320.60781883821 56510.27156865783 2131.6404135264456 33504.010674823076 1088.5734096616507 175.89688682556152 889.10005214810371 1143.6996224671602 8511.3742471653968 1993.6946440041065 1043.2537428662181 1389.2752398997545 3068.4735570047051 400.65405659377575 719.35518891364336 6542.5408232659101 5182.9961568005383 1189.4173466153443 381.90749394148588 449.79488989710808 185.80067098140717 3526.0717239305377 9071.3988922908902 843.84473244845867 128.40978408977389 721.01377010345459 1050.6297537013888 305.29605995304883 965.19423238933086 3677.8900320213288 17875.706807408482
leaf_count=2613206 495305 18162 303952 8294 2327 15382 10629 80962 19988 9815 6079 27384 2763 5296 61698 54914 7927 4746 2870 2324 44108 91929 11679 2235 3104 13946 4493 5744 34520 192117
internal_value=2.04546e-05 0.000199645 0.00160599 0.00971249 -0.00402382 -1.39992e-05 -0.00209445 0.000276282 -0.00913489 -0.00570634 0.00444902 -0.0113689 0.00095858 0.00755082 -0.000341519 -0.000805792 0.00118299 0.0148298 0.000209106 0.0144913 -0.00662127 -0.000120869 0.00239977 0.00709384 0.00423372 -0.014018 0.0080654 0.0055931 0.00227748 0.0010666
internal_weight=471988 415478 54775.8 3396.11 1264.47 360702 44150.4 316551 8784.45 6790.76 2432.53 4358.23 1289.75 9230.73 35365.9 34222.2 25513.1 2206.92 1017.5 635.596 8709.07 23306.2 14234.8 7692.28 6848.43 1179.04 5669.39 4948.38 3983.19 51379.7
internal_count=4157898 3662593 524852 28783 10621 3137741 438277 2699464 81411 61423 15894 45529 18145 86258 356866 346237 247215 17867 9940 5194 99022 229348 137419 75721 64042 16181 47861 44757 39013 496069
is_linear=0
shrinkage=0.03


Tree=129
num_leaves=31
num_cat=0
split_feature=26 33 34 34 35 18 35 34 34 35 35 35 35 34 35 35 33 33 34 35 35 35 33 33 34 33 34 34 35 34
split_gain=118.392 208.551 370.56 442.374 400.762 370.993 333.311 322.85 389.895 865.872 370.634 528.424 398.92 427.601 408.711 365.84 308.123 608.78 440.329 334.665 331.709 915.628 454.718 659.43 284.531 471.338 268.399 264.061 261.498 258.926
threshold=-0.00081026338739320625 -0.012578809168189762 -0.033443899825215333 -0.019969875924289223 0.74449557065963756 0.0017865017871372404 0.75839194655418407 -0.011635823640972374 -0.017826614901423451 0.32971000671386724 0.23795892298221591 0.25866982340812689 0.30589757859706884 0.043043382465839393 0.40236774086952215 0.26354099810123449 0.049807082861661918 0.048644645139575012 -0.092207007110118852 0.36528639495372778 0.66535919904708873 0.6519378423690797 0.014746565837413074 -0.0053850426338613025 -0.019182622432708737 0.018338722176849846 -0.12285920977592467 -0.13885984569787976 0.41173607110977178 -0.0043197525665163985
decision_type=2 2 2 2 2 2 2 2 2 2 2 2 2 2 2 2 2 2 2 2 2 2 2 2 2 2 2 2 2 2
left_child=-1 7 16 4 5 -4 -6 8 27 -10 29 -12 13 -13 -14 -15 17 20 -18 -20 21 -3 23 -22 25 -5 -25 -2 -16 -9
right_child=1 2 3 24 6 -7 -8 10 9 -11 11 12 14 15 28 -17 18 -19 19 -21 22 -23 -24 26 -26 -27 -28 -29 -30 -31
leaf_value=0.00055201281205636827 0.012453465261199767 0.0032668161810648685 -0.012307242888138887 0.015298431895291634 0.017920436811800347 -0.0022728832870546781 -0.008347405747574102 0.0084361780107830454 0.0082897181214394468 -0.028668582501363584 0.026975530628825319 -0.024844420320101215 0.013577953470297751 -0.020948818805551536 -0.034733871484474182 0.017311661695108529 0.024668558907163934 0.026704800857007865 0.034807069457530586 -0.016511645067874853 -0.016693109065446961 0.035793955354555776 -0.011461297555860605 -0.021930647111846384 -0.0010814902082571323 -0.01215185800437063 0.015288124292792249 -0.00041693384276626343 0.0036174628183124088 -0.0046546638308363744
leaf_weight=204901.66817923822 1471.2046946790069 13318.419544251636 7708.0099456422031 2186.871362298727 1037.1532508134842 5827.6081694178283 722.68544634059072 1715.7407535538077 997.94180191680789 1290.0365193448961 992.3482983186841 793.55205382779241 4710.9967207349837 318.87180025875568 142.45235399901867 651.36808291822672 300.29508272185922 969.07053760811687 103.57500664889812 1798.9772090837359 940.88972365111113 807.75068789348006 3026.6869896948338 171.15593948215246 156846.17681879178 739.05581292882562 2306.2940302304924 37848.06312462315 11227.220617707819 6267.1150892451406
leaf_count=1824812 24374 134427 60126 11889 5380 48866 6634 11677 10864 15110 8959 9357 38233 2111 1756 4709 3404 5623 1531 17849 9285 7402 35138 3335 1310322 6837 21930 349314 111118 56105
internal_value=9.51374e-06 -0.000406452 -0.000898105 -0.00137513 -0.00624573 -0.00799679 0.00716085 0.00102186 -0.000632669 -0.0126164 0.00358721 0.00588122 0.00467925 -0.00879514 0.00616627 0.00456812 0.00261738 0.00371187 -0.00802206 -0.0133848 0.00260383 0.00517473 -0.00302964 0.00445921 -0.000908127 0.00832938 0.0125618 7.07229e-05 0.00307681 -0.00182702
internal_weight=472139 267238 198811 175068 15295.5 13535.6 1759.84 68426.9 41607.2 2287.98 26819.7 18836.8 17844.5 1763.79 16080.7 970.24 23743.1 21540.3 2202.85 1902.55 20571.2 14126.2 6445.03 3418.34 159772 2925.93 2477.45 39319.3 11369.7 7982.86
internal_count=4158477 2333665 1689978 1450054 121006 108992 12014 643687 399662 25974 244025 176243 167284 16177 151107 6820 239924 217140 22784 19380 211517 141829 69688 34550 1329048 18726 25265 373688 112874 67782
is_linear=0
shrinkage=0.03


Tree=130
num_leaves=31
num_cat=0
split_feature=9 34 33 32 35 32 34 33 33 32 34 33 33 35 34 35 33 34 32 33 35 35 33 33 32 33 33 34 32 32
split_gain=127.008 164.355 684.14 612.675 525.281 491.366 481.734 451.004 407.617 345.151 370.702 379.762 366.535 443.343 498.885 425.448 578.194 322.046 325.552 306.914 288.06 494.267 358.356 290.661 341.836 286.939 462.87 620.953 370.929 612.612
threshold=-0.036446301266551011 0.0074763279408216485 -0.0067772909533232442 -0.007640289142727851 0.19795468449592593 -0.008292883634567259 0.008650485426187517 0.021076834760606292 -0.019171130843460556 -0.0045352263841778031 0.008650485426187517 -0.026954179629683491 -0.022055992856621739 0.32231983542442327 0.057090418413281448 0.58565238118171703 -0.016399403102695938 0.0064267243724316367 0.0060937865637242803 0.021869794465601448 0.19795468449592593 0.21833010017871859 -0.0096507952548563463 -0.038446523249149316 -0.020543091930449005 0.016183477826416496 0.015615454874932768 0.02578616235405207 0.0015933124814182522 -0.0033790608868002887
decision_type=2 2 2 2 2 2 2 2 2 2 2 2 2 2 2 2 2 2 2 2 2 2 2 2 2 2 2 2 2 2
left_child=-1 17 3 5 7 20 -6 -4 -7 -5 -11 -12 -13 -14 -15 16 -16 -2 -19 -9 22 -22 23 -3 -25 26 28 -28 29 -8
right_child=1 2 4 9 6 8 25 19 -10 10 11 12 13 14 15 -17 -18 18 -20 -21 21 -23 -24 24 -26 -27 27 -29 -30 -31
leaf_value=0.00095904589525321591 -0.00073256746427290196 0.0062178750926291182 0.017350651653458567 0.01528674759604318 0.017383648820178007 0.030923065985161164 -0.0032064601189087543 -0.038388244705393072 -0.026354522223177052 -0.0096517460533830333 -0.0042871925381382306 0.024839843555933792 -0.017333591224082751 0.010966597813255399 0.024137891592651547 0.0066605780789467019 -0.021662949059533289 -0.012026781166023782 0.021362616459068565 0.0021509371737532135 0.018209180494401216 -0.0016926078373685715 0.0054609267061376515 -0.0079329595127521513 -0.031470455988489916 0.00036255099436004494 -0.031982872043908074 -0.0039737256420445486 -0.0037593634591841334 0.0046999626349972573
leaf_weight=96292.872789822519 175223.48461511545 837.08496462926269 2593.8008856810629 3598.7869233004749 1284.0700609795749 108.63471932336688 18869.408851560205 192.13792410492897 1005.3123416639864 1386.5118641555309 2631.3093016184866 1063.3355799987912 640.18822410702705 11486.077239897102 287.38754665479064 2387.3799534402788 1310.9753386899829 3504.3195343874395 265.89980250597 800.33558498695493 1811.9413644745946 2894.7636030241847 2339.5211919471622 2353.5945710167289 716.24847470968962 77588.944849409163 1054.2567464187741 2135.043314114213 38843.623752750456 16525.862236581743
leaf_count=894708 1476357 15450 19981 26659 13200 2260 162580 2600 8195 7925 31730 10431 2835 89177 4349 20312 16988 27396 2552 10251 16974 30593 14335 24666 9743 722480 11756 16482 330110 135220
internal_value=-1.29071e-05 -0.000262032 0.000336414 0.00401972 -0.000513099 -0.00152266 -0.000774177 0.0108067 -0.0203218 0.00671644 0.00524808 0.00629979 0.00792484 0.0067791 0.00779792 -0.00134273 -0.0132314 -0.000919797 -0.00957165 -0.00630052 0.000422788 0.00601362 -0.00379566 -0.0093382 -0.0135928 -0.000926809 -0.00221861 -0.0133741 -0.0017359 0.000485576
internal_weight=472033 375740 196747 36859.1 159887 12067.1 156301 3586.27 1113.95 24792 21193.2 19806.7 17175.3 16112 15471.8 3985.74 1598.36 178994 3770.22 992.474 10953.2 4706.7 6246.45 3906.93 3069.84 155017 77428.2 3189.3 74238.9 35395.3
internal_count=4158295 3263587 1757282 332622 1424660 122216 1391828 32832 10455 210406 183747 175822 144092 133661 130826 41649 21337 1506305 29948 12851 111761 47567 64194 49859 34409 1378628 656148 28238 627910 297800
is_linear=0
shrinkage=0.03


Tree=131
num_leaves=31
num_cat=0
split_feature=25 35 2 35 35 33 35 35 33 33 33 20 35 35 35 33 33 35 35 33 33 35 35 35 33 33 33 33 35 33
split_gain=116.289 149.879 118.092 184.919 220.756 162.219 155.078 173.166 136.836 126.73 517.008 393.564 285.082 226.748 434.626 308.92 865.927 546.29 1056.33 907.031 436.069 375.144 414.251 307.893 517.199 731.723 326.979 527.249 376.203 294.842
threshold=1.0000000180025095e-35 0.059641739353537566 -0.085292953997850404 0.79561480879783641 0.84978994727134716 -0.051217978820204728 0.74449557065963756 0.72515371441841137 -0.040747443214058869 0.049807082861661918 0.048644645139575012 41.043704986572273 0.60956576466560375 0.57411360740661632 0.55101406574249279 0.007675810484215618 0.0069533933419734248 0.34502233564853674 0.36820137500762945 0.0080125415697693842 0.02291694097220898 0.5424766242504121 0.48698009550571447 0.6205006241798402 0.018742998130619529 0.02291694097220898 0.032975133508443839 0.029251633211970333 0.58862692117691051 0.0037036830326542263
decision_type=2 2 2 2 2 2 2 2 2 2 2 2 2 2 2 2 2 2 2 2 2 2 2 2 2 2 2 2 2 2
left_child=1 -1 3 6 -5 -6 7 -2 -7 10 13 -12 -13 14 15 16 -4 19 20 -17 -19 22 -18 24 -15 -26 27 -27 -28 -16
right_child=2 -3 9 4 5 8 -8 -9 -10 -11 11 12 -14 23 29 17 21 18 -20 -21 -22 -23 -24 -25 25 26 28 -29 -30 -31
leaf_value=0.02104045347951225 0.001620860997223421 -0.01625375718262238 8.8766484107097654e-05 -0.012619627777547974 0.016501357927477481 -0.032953738176358445 0.0077907438359424231 -0.013565225245081972 -0.00069963654095373592 -0.0028003551741828496 0.026060049593169862 0.016725852843228587 -0.0045626584194600577 0.00028944154567585502 -0.012497306837830173 -0.022088154411077029 0.017890108898048339 -0.021609265910771686 -0.0021282719600358895 0.0028622092086980468 -0.0047669500744584757 0.036290700381219503 -0.014587910355542294 9.6442233036933835e-05 0.022886142175282436 0.0069760179225471933 0.026138497796545212 -0.012665760769358225 0.0054841790636522125 -0.0027117596063562315
leaf_weight=94.665696315467358 45127.82170657441 693.89368500374258 166611.80587235466 1779.482635460794 473.00128898397088 105.29455967247486 3667.4503618702292 666.23406248167157 2163.4210042655468 15618.804040580988 1110.1852417066693 954.34460550919175 1336.0925088301301 17312.977717507631 4292.5548831149936 1360.0671565234661 1518.8766140714288 3765.2200275845826 52453.566706050187 26340.632509816438 2202.4317464902997 678.15835505723953 442.32234261929989 101506.33184398711 2469.03553718701 3228.4346493445337 1053.0087850987911 1959.5083305984735 3110.7771746516228 7796.3565936461091
leaf_count=1641 425355 7854 1386541 17707 5636 2919 32069 8615 27356 195532 8388 7773 13556 133374 45987 8321 16932 34895 443313 262745 21384 2889 6966 892028 19724 25676 6419 11972 22928 60708
internal_value=5.17271e-07 -0.0113669 2.00264e-05 0.00134007 -0.0044548 0.000897509 0.00187135 0.0013941 -0.00247148 -0.000150866 -4.76639e-05 0.0115657 0.00437552 -0.000147443 -0.000647814 -0.000384455 0.000359862 -0.00184697 -0.00349185 0.00162213 -0.0154301 0.0173437 0.0104918 0.00087692 0.00359429 0.00842599 0.00456754 -0.000462916 0.0108076 -0.00620133
internal_weight=471893 788.559 471104 53982.7 4521.2 2741.72 49461.5 45794.1 2268.72 417121 401503 3400.62 2290.44 398102 267462 255373 169251 86121.9 58421.2 27700.7 5967.65 2639.36 1961.2 130640 29133.7 11820.8 9351.73 5187.94 4163.79 12088.9
internal_count=4157203 9495 4147708 519657 53618 35911 466039 433970 30275 3628051 3432519 29717 21329 3402802 2290681 2183986 1413328 770658 499592 271066 56279 26787 23898 1112121 220093 86719 66995 37648 29347 106695
is_linear=0
shrinkage=0.03


Tree=132
num_leaves=31
num_cat=0
split_feature=27 26 34 34 35 34 35 35 35 34 35 35 35 35 34 35 35 34 35 34 35 35 35 6 34 35 34 35 34 35
split_gain=118.411 163.164 164.453 443.761 311.357 290.861 360.208 541.872 311.362 272.662 428.225 330.036 496.205 231.787 208.158 566.333 930.455 755.994 928.24 1817.89 583.155 559.034 541.292 490.504 453.343 434.358 412.286 881.842 521.612 451.619
threshold=0.92322430014610302 0.017041156068444255 0.0074763279408216485 0.0064267243724316367 0.60535466670990001 0.0056202784180641183 0.34502233564853674 0.40236774086952215 0.75035858154296886 0.01225033449009061 0.20850654691457751 0.22466856986284259 0.30589757859706884 0.1705446392297745 -0.033443899825215333 0.56957185268402111 0.49866288900375372 0.0049310585018247375 0.527622550725937 -0.012866792734712361 0.69007462263107311 0.5424766242504121 0.082938622683286681 -0.0007385724748019128 -0.028287952765822407 0.76419660449028026 -0.035839064046740525 0.10636074841022493 -0.034658784046769135 0.75839194655418407
decision_type=2 2 2 2 2 2 2 2 2 2 2 2 2 2 2 2 2 2 2 2 2 2 2 2 2 2 2 2 2 2
left_child=1 2 3 5 -5 14 -7 -8 -9 10 13 -12 -13 -4 26 16 22 18 23 21 -17 -20 -16 -18 -22 -26 -1 -28 -29 -30
right_child=-2 -3 9 4 -6 6 7 8 -10 -11 11 12 -14 -15 15 20 17 -19 19 -21 24 -23 -24 -25 25 -27 27 28 29 -31
leaf_value=1.6553984304259046e-05 -0.0016377293949620957 0.0032629424049894626 -0.003877406221410556 -0.012474518488276416 0.020110187082189833 0.021266634754433522 -0.032108288354976464 0.00056483315022442387 0.023690273527241016 0.00038941479437965454 0.023831106369747855 -0.019654435834613713 0.0068953825783998387 -0.032274838384331823 0.015146594134099751 -0.0086283378933293998 0.027810536148507072 -0.031952860379166906 -0.018503179848077259 -0.019177357762607462 -0.017206727630319042 0.030042672964573587 -0.0013521874084081865 0.0078695626984106315 0.0050996300111480486 -0.0042854236641168266 -0.036193976054322612 0.017788284118800419 0.0059161570590506654 -0.024240123147252587
leaf_weight=83452.756244774908 35517.574813300744 14745.29437453486 1157.8179903626442 3820.3942915592343 265.67633842676878 1193.450252763927 350.76056809350848 2029.9901454374194 686.79693187773228 181853.55227327906 918.43220159038901 656.17085875943303 10232.19576902315 315.77977749705315 1810.1894421949983 16336.920982832089 2832.5813500694931 363.63376326113939 236.68491917848587 2016.834836050868 1402.2543301731348 1422.9146652519703 80943.037628283724 1851.8163928799331 8836.9736498072743 8876.4790517631918 378.62593584507704 3573.8589194379747 3166.8367368616164 499.94547161459923
leaf_count=835840 328105 141020 6465 29755 2547 10542 4884 11514 2963 1606235 8282 9678 92051 4944 12217 121835 23246 2838 2592 17729 13716 6163 642904 15883 60464 84294 3059 25406 23807 6356
internal_value=2.74753e-05 0.000163124 5.45299e-05 -0.000495661 -0.0102682 -0.000315095 0.00742902 0.00194252 0.00654129 0.00069272 0.00483917 0.00674459 0.0052623 -0.0103134 -0.000467127 -0.00125228 -4.52088e-06 0.00930216 0.0111684 -0.000124873 -0.00447002 0.0229814 -0.000987711 0.0199945 -0.000910875 0.000397109 0.000627199 0.00729795 0.00966566 0.00169532
internal_weight=471746 436229 421483 226349 4086.07 222263 4261 3067.55 2716.79 195134 13280.4 11806.8 10888.4 1473.6 218002 126930 91477.7 8724.47 8360.83 3676.43 35452.6 1659.6 82753.2 4684.4 19115.7 17713.5 91072 7619.27 7240.64 3666.78
internal_count=4157334 3829229 3688209 1960554 32302 1928252 29903 19361 14477 1727655 121420 110011 101729 11409 1898349 1003881 723572 68451 65613 26484 280309 8755 655121 39129 158474 144758 894468 58628 55569 30163
is_linear=0
shrinkage=0.03


Tree=133
num_leaves=31
num_cat=0
split_feature=11 27 26 26 32 35 32 32 35 32 35 35 35 35 35 35 32 35 32 35 32 32 32 32 35 24 32 35 35 32
split_gain=118.114 109.27 132.867 115.565 154.503 267.279 917.749 445.636 569.657 429.232 498.211 640.908 251.716 217.613 218.549 184.419 337.86 174.407 334.282 389.601 321.333 244.932 239.497 300.071 277.747 224.473 269.77 266.027 157.211 307.584
threshold=0.14048954099416736 0.9305497705936433 0.017041156068444255 -0.00035298291186336423 0.01019556447863579 0.64565208554267894 0.0090181124396622198 0.007810059469193221 0.69646304845809948 0.0068021658807992944 0.6519378423690797 0.66535919904708873 0.67112240195274364 0.74449557065963756 0.79561480879783641 0.69646304845809948 0.0086359218694269674 0.25866982340812689 -0.0088555663824081404 0.28582967817783361 -0.013018006924539803 -0.0093895830214023573 -0.011964013334363697 -0.0063924952410161487 0.24359410256147387 0.034152332693338401 -0.0053038655314594499 0.35993371903896337 0.69007462263107311 0.0096384696662426012
decision_type=2 2 2 2 2 2 2 2 2 2 2 2 2 2 2 2 2 2 2 2 2 2 2 2 2 2 2 2 2 2
left_child=-1 2 3 -2 5 6 17 8 9 10 -7 -12 -13 15 -15 16 -9 22 19 20 -19 -21 -5 24 -24 -20 27 -27 -18 -30
right_child=1 -3 -4 4 -6 7 -8 13 -10 -11 11 12 -14 14 -16 -17 28 18 25 21 -22 -23 23 -25 -26 26 -28 -29 29 -31
leaf_value=-0.0029058667064803946 0.00064917018398251631 -0.0015928933692757957 0.0030186714227745551 -0.00048915834218077531 0.001376355314258408 -0.035383502425412536 0.023353660654118005 0.0077887696639151105 0.023511726024840581 -0.011577871397150984 0.031862863064422285 -0.028706687500629526 0.0065646297375772768 0.0075147742461364117 -0.019042086390968375 -0.013506337404264686 -0.011938587307434054 0.016676551236488008 -0.0020559357706106192 0.011070281799746161 -0.023070311405290363 -0.025591556373517944 0.0039505422350044504 -0.011133913248101836 0.016768186657448454 0.0047376802932430533 -0.00024888558848798709 0.031993584754101551 0.01632938431526296 -0.029941026153953953
leaf_weight=12128.723724117503 194688.1873049885 32225.134323280305 14702.159566674381 24638.87253077887 38149.989427655935 187.18924503028393 1436.3151470944285 1319.1027790084481 982.99662366509438 1961.2923506721854 842.05303088948131 257.81172754243016 512.82234103605151 1409.317440778017 326.74532910808921 4649.503028459847 3577.7595350779593 190.19724927842617 65544.556723773479 819.98624703288078 1723.0040245167911 184.15383592620492 9819.4702097028494 987.24974684044719 1785.8489709869027 6529.6216598339379 48789.867377534509 320.07538690790534 470.17475052922964 155.92859551310539
leaf_count=98126 1724131 299126 140446 231957 369695 3422 11242 13461 4910 16584 8338 2809 6609 10635 2679 35479 26931 2069 520788 7140 17441 2979 75846 7186 11712 60899 431697 4699 3753 1179
internal_value=1.38252e-05 9.10675e-05 0.000218234 0.000118222 -0.000356898 -0.000725548 -0.000354942 -0.0043432 0.00342183 -0.00192534 0.0086045 0.0140812 -0.00566289 -0.00743722 0.00235655 -0.00910999 -0.00537356 -0.000568884 -0.00110913 -0.0111094 -0.0189873 0.00397824 0.0012315 0.00459363 0.0059484 -0.000866591 0.000534718 0.00610074 -0.009521 0.00423581
internal_weight=471316 459187 426962 412260 217572 179422 162769 16652.7 4744.17 3761.17 1799.88 1612.69 770.634 11908.5 1736.06 10172.5 5522.97 161333 124101 2917.34 1913.2 1004.14 37231.4 12592.6 11605.3 121184 55639.6 6849.7 4203.86 626.103
internal_count=4153968 4055842 3756716 3616270 1892139 1522444 1385655 136789 42672 37762 21178 17756 9418 94117 13314 80803 45324 1374413 1047712 29629 19510 10119 326701 94744 87558 1018083 497295 65598 31863 4932
is_linear=0
shrinkage=0.03


Tree=134
num_leaves=31
num_cat=0
split_feature=34 34 32 35 34 32 32 32 34 34 33 33 32 33 33 33 32 32 32 34 35 33 34 34 34 34 32 34 32 33
split_gain=121.83 419.058 228.943 440.739 434.449 273.787 270.191 254.938 148.54 306.518 384.22 529.968 260.403 257.578 653.929 546.491 408.44 393.625 575.974 548.295 482.217 476.143 370.053 341.129 340.852 336.071 324.72 407.574 416.683 377.077
threshold=0.13775379955768588 0.12774557620286944 0.023361636325716976 0.79561480879783641 0.19208952039480212 -0.019158121198415753 -0.0063924952410161487 -0.026351015083491799 0.065712161362171187 0.067046999931335463 0.019428063184022907 0.039972731843590743 0.012222175486385824 0.027640369720757011 0.030892575159668926 0.025467921979725364 0.0065555556211620578 0.0052491456735879191 0.014234818983823063 0.017901685088872913 0.49866288900375372 0.034461081027984626 -0.034658784046769135 0.032053120434284217 -0.045878114178776734 0.043043382465839393 0.017523366026580337 0.034743998199701316 0.015679034404456619 0.029942311346530918
decision_type=2 2 2 2 2 2 2 2 2 2 2 2 2 2 2 2 2 2 2 2 2 2 2 2 2 2 2 2 2 2
left_child=1 8 3 4 6 -6 7 -2 13 10 12 -12 -10 15 16 -1 23 20 19 -19 -16 -20 -17 -15 -23 -21 27 29 -29 -18
right_child=2 -3 -4 -5 5 -7 -8 -9 9 -11 11 -13 -14 14 17 22 26 18 21 25 -22 24 -24 -25 -26 -27 -28 28 -30 -31
leaf_value=-7.6409417259329539e-05 0.014958973952151235 -0.012025113971576297 -0.0088043368554773325 0.024933863833753102 0.026092638335013369 -0.024261671816871701 0.011243741009628652 -0.037696731107590635 0.022629089436476794 0.00085893815874248363 -0.010364693136449223 0.040250533610435027 0.00023974046957818938 -0.010685554376580142 0.00082204632261170384 0.043057059926792839 0.01484983136751308 -0.012439874825623988 0.023785702307737914 0.0064760658646206256 0.014935608813815587 0.0097738042184335235 0.0068600040358553155 -0.029968891025438253 -0.004418641262993705 -0.0062231559765152369 -0.032392975609321639 -0.018469999529693942 0.030455170479635515 -0.016388105275668811
leaf_weight=352292.41570940055 121.54551825299859 2599.5648810938001 949.79286495223641 972.65369994565845 96.307376738637686 669.34743722528219 2437.3750255927444 191.91808615997434 1790.5523723848164 50327.394871147349 1214.996046513319 199.30947481840849 630.85854056477547 5204.1629185359925 15081.513623069972 244.6928133815527 1808.0495533905923 7236.7917942646891 909.07157655805349 3194.4908789917827 2527.2331226542592 2394.1744779832661 7103.0036986656487 975.10411597788334 4106.109152648598 4483.1475393399596 260.15405882894993 1145.0923056900501 162.59844566881657 411.98165294155478
leaf_count=2993804 2457 29290 15140 17632 2436 12389 33810 2620 17293 447311 9259 2649 3384 42580 163436 4917 14726 58267 5918 26960 24324 26998 67164 8856 54958 43149 4935 11536 2537 7363
internal_value=-7.73645e-06 -5.98962e-05 0.00444797 0.00727845 0.00228161 -0.0174249 0.0078528 -0.0176068 7.69772e-06 0.00148385 0.00963612 -0.00277 0.0168457 -0.000187591 -0.00220696 9.27007e-05 -0.00907282 -0.000489556 -0.00313365 -0.00652721 0.00286229 0.00369648 0.00817905 -0.0138154 0.000822644 -0.000936201 -0.00130423 0.00115812 -0.0120195 0.0089583
internal_weight=471741 466302 5438.94 4489.15 3516.49 765.655 2750.84 313.464 463703 54163.1 3835.72 1414.31 2421.41 409540 49899.7 359640 9967.14 39932.5 22323.8 14914.4 17608.7 7409.36 7347.7 6179.27 6500.28 7677.64 3787.88 3527.72 1307.69 2220.03
internal_count=4158098 4071614 86484 71344 53712 14825 38887 5077 4042324 479896 32585 11908 20677 3562428 496543 3065885 92533 404010 216250 128376 187760 87874 72081 51436 81956 70109 41097 36162 14073 22089
is_linear=0
shrinkage=0.03


Tree=135
num_leaves=31
num_cat=0
split_feature=30 34 34 32 34 33 33 32 33 32 32 34 34 33 33 33 33 33 32 32 34 32 33 34 32 34 33 32 34 34
split_gain=115.175 129.271 334.618 189.341 154.943 294.18 202.329 203.32 200.137 182.936 226.994 151.446 235.258 354.641 413.167 218.943 540.929 520.308 420.815 544.669 493.877 373.699 356.533 314.686 294.027 362.998 371.207 364.393 282.317 280.337
threshold=13.20258951187134 0.13775379955768588 0.12774557620286944 0.023361636325716976 0.19208952039480212 0.086538262665271773 0.052763333544135101 0.021241558715701107 0.029251633211970333 -0.0010327456984668968 -0.026351015083491799 0.065712161362171187 0.067046999931335463 0.019428063184022907 0.039972731843590743 0.027640369720757011 0.030892575159668926 0.02467537205666304 0.0052491456735879191 0.014234818983823063 0.017901685088872913 0.0065555556211620578 0.034461081027984626 0.032053120434284217 0.017523366026580337 0.034743998199701316 0.029942311346530918 0.015679034404456619 -0.045878114178776734 0.047592170536518104
decision_type=2 2 2 2 2 2 2 2 2 2 2 2 2 2 2 2 2 2 2 2 2 2 2 2 2 2 2 2 2 2
left_child=1 2 11 4 5 9 8 -8 -6 10 -3 15 13 -13 -15 17 21 -1 -18 20 -20 23 -21 -17 25 26 -23 -27 -24 -19
right_child=-2 3 -4 -5 6 -7 7 -9 -10 -11 -12 12 -14 14 -16 16 18 29 19 22 -22 24 28 -25 -26 27 -28 -29 -30 -31
leaf_value=2.0438322372544745e-05 -0.0013157605926524211 0.016462379017392777 -0.011393928106619875 -0.0079120750858163481 -0.017339247904296189 0.037399561127293979 -0.021782347910314658 0.021671517953857199 0.033093478879404413 0.010225390856745079 -0.036138024837139508 0.016791477962034927 0.0011743188698618409 -0.010441794433453151 0.037763167076222626 -0.010318671769389061 0.0032859845875086338 0.0056494307063256763 -0.012798156183092895 0.02264971763243314 -0.001149889362079509 0.015847402966421113 0.0097791974036446419 -0.030094800090865362 -0.030936972358490689 -0.017922106624165671 -0.016341392534960402 0.028845019294031861 -0.0038089215847347513 0.024777155256471946
leaf_weight=309493.30006792024 53910.038354003802 109.77669450640678 2246.7354776673019 817.42504906281829 91.392966896295547 318.78346905112267 470.91317206993699 103.64879424497485 190.73333919793367 2464.0324671566486 159.78838443756104 2117.5943115204573 43970.710658716038 1063.655288092792 167.8811407610774 4575.9392675682902 15787.922642581165 8605.8746718820184 6373.4236909989268 767.99784152582288 6727.3839981928468 1598.9097692649812 2148.5101992562413 852.77320130169392 249.68934065103531 1026.2176357582211 385.32412320002913 156.61176614835858 3747.1895614787936 732.86140605807304
leaf_count=2691601 396386 2224 26067 13099 2097 4306 8385 2085 4301 36909 2215 18343 398040 8145 2253 38595 172295 83652 52307 5218 61808 13128 24914 7845 4745 10369 6969 2451 50648 5381
internal_value=-1.10728e-05 0.000157442 0.000100834 0.00508014 0.00782339 0.0109719 -0.00338907 -0.0134781 0.0166898 0.00764071 -0.0150597 0.000164291 0.0017603 0.00940096 -0.00337211 -4.37146e-05 -0.00201699 0.000231176 -0.000363565 -0.00327921 -0.00682754 -0.00864674 0.00369635 -0.0135243 -0.000863452 0.00168679 0.00949588 -0.0113533 0.00115918 0.00720023
internal_weight=471433 417523 412797 4726.49 3909.07 3052.38 856.688 574.562 282.126 2733.6 269.565 410550 47319.8 3349.13 1231.54 363230 44397.9 318832 35552.4 19764.5 13100.8 8845.47 6663.7 5428.71 3416.75 3167.06 1984.23 1182.83 5895.7 9338.74
internal_count=4156781 3760395 3684774 75621 62522 45654 16868 10470 6398 41348 4439 3658707 426781 28741 10398 3231926 451292 2780634 367190 194895 114115 84102 80780 46440 37662 32917 20097 12820 75562 89033
is_linear=0
shrinkage=0.03


Tree=136
num_leaves=31
num_cat=0
split_feature=21 23 17 32 18 27 18 24 8 32 32 32 39 32 32 32 32 32 32 32 32 32 12 32 32 19 32 32 28 9
split_gain=118.367 117.956 163.799 155.235 143.798 128.168 181.723 204.849 149.249 133.041 112.245 133.569 117.197 107.083 100.056 163.983 133.025 141.333 208.626 94.3537 91.4059 90.1748 88.9932 88.9539 129.853 89.4951 88.618 174.778 86.2473 85.9904
threshold=1.0000000180025095e-35 1.0000000180025095e-35 -0.014270564075559376 -0.02856467571109533 -0.0090367887169122679 0.49386480450630194 0.004172184970229865 0.032693853601813323 0.029809339903295044 0.01019556447863579 -0.00081005314132198681 -0.0036088214255869384 0.50796380639076244 0.0099504310637712496 0.001789768517483026 -0.00043507090595085168 0.0023661317536607389 0.0031770775094628338 0.0037086271913722162 -0.00064987753285095085 -0.0031672157347202297 -0.0015136410365812478 5.3515191078186044 0.01634942460805178 0.019189972430467609 38.828060150146491 1.0000000180025095e-35 0.00016956408217083665 1.2271155714988711 -0.016044600866734978
decision_type=2 2 2 2 2 2 2 2 2 2 2 2 2 2 2 2 2 2 2 2 2 2 2 2 2 2 2 2 2 2
left_child=14 4 3 29 -2 6 7 -4 9 13 11 -8 21 -7 15 -1 -16 -18 -19 -12 -14 -13 -5 -11 25 -25 -17 -28 -21 -3
right_child=1 2 5 22 -6 8 10 -9 -10 23 19 12 20 -15 16 26 17 18 -20 28 -22 -23 -24 24 -26 -27 27 -29 -30 -31
leaf_value=0.0016688804100879404 -0.00028436096019580643 0.0011740136431661625 -0.0026508783827532707 0.0014494722406322318 -0.0039599695326075343 -0.00058765187706543071 0.0015996476438267084 0.0006926499885667283 -0.0018822095091866669 0.0039659232048513257 -0.011297212353740798 0.0077108259948879291 0.013263995682131614 -0.011049450207681305 -0.013805405141916532 0.018914269651348906 0.012349963853970481 -0.018244905194802211 4.5783190592402922e-05 -0.00042519885204410975 0.0030509932368720264 0.024726683217066166 -0.00041289274145598997 -0.00992449476943702 0.003020662955112885 -2.5407421754184673e-05 -0.014843821662201892 0.0094258319093488557 0.0039238138450868572 0.019489967805988388
leaf_weight=28668.272336734459 24584.385972786695 368.29335568286479 29610.054569389671 73946.710078468546 15678.536764029413 50276.828691560775 25685.432775413617 37178.613234322518 79606.914386874065 10722.205434456468 620.62029805779457 726.91617863252759 900.9509051181376 876.34330751001835 647.9084253590554 631.79284058883786 754.35764561966062 571.43904329650104 10990.553188350052 23113.798030395061 5664.4312605299056 467.34201413020492 33563.5337600559 1562.2246941141784 4583.1738413758576 1710.844141613692 289.38648384809494 2004.6607752684504 4969.2507299520075 609.79924668557942
leaf_count=244780 213919 4939 225064 707632 134719 418288 224962 335850 704018 95858 6491 7434 8051 5977 5402 4311 7284 4820 94375 198256 48671 3996 304638 12219 49424 14815 1590 19834 44614 5860
internal_value=-1.84396e-05 -0.000171993 -1.10836e-05 0.000977592 -0.00171691 -0.00039657 0.000296308 -0.000790018 -0.000994754 1.86306e-05 0.00146362 0.00264419 0.00608876 -0.000771129 0.00145257 0.00236278 -0.000765859 -5.86366e-05 -0.000888159 8.71478e-05 0.00448852 0.0146671 0.000868093 0.00219162 -0.000233883 -0.00478179 0.0091043 0.00626246 0.000346597 0.012755
internal_weight=471586 427027 386764 108488 40262.9 278276 128937 66788.7 149339 69731.6 62148.7 33445.1 7759.64 51153.2 44558.4 31594.1 12964.3 12316.3 11562 28703.7 6565.38 1194.26 107510 18578.4 7856.24 3273.07 2925.84 2294.05 28083 978.093
internal_count=4158091 3775695 3427057 1023069 348638 2403988 1103389 560914 1300599 596581 542475 293114 68152 424265 382396 270515 111881 106479 99195 249361 56722 11430 1012270 172316 76458 27034 25735 21424 242870 10799
is_linear=0
shrinkage=0.03


Tree=137
num_leaves=31
num_cat=0
split_feature=43 25 25 8 34 34 35 35 35 35 35 34 34 35 35 35 35 35 35 35 35 35 34 34 35 34 35 35 34 34
split_gain=121.594 182.716 172.259 127.193 161.824 239.648 166.601 267.511 439.946 197.747 190.416 160.736 148.313 330.193 204.292 179.437 256.759 126.655 113.347 311.741 221.469 378.416 357.63 360.738 324.136 330.042 363.691 296.843 328.844 358.431
threshold=0.43359051644802099 1.0000000180025095e-35 0.020270504057407383 0.038884967565536506 0.049347488209605224 0.043923599645495422 0.19795468449592593 0.36528639495372778 0.35567307472229009 0.12695615738630298 0.25190488994121557 0.093382552266120925 0.047592170536518104 0.47099089622497564 0.5424766242504121 0.23795892298221591 0.30883631110191351 0.89911252260208141 0.23088207840919497 0.28582967817783361 0.18948969244956973 0.18464355915784839 0.01119432505220175 -0.025840445421636101 0.19795468449592593 -0.035839064046740525 0.22466856986284259 0.1705446392297745 -0.00092404484166763712 -0.014743878971785305
decision_type=2 2 2 2 2 2 2 2 2 2 2 2 2 2 2 2 2 2 2 2 2 2 2 2 2 2 2 2 2 2
left_child=1 -1 -2 4 5 17 9 8 10 -6 -8 -12 13 15 -14 -7 -17 18 20 -20 21 27 23 24 -22 26 -26 28 29 -3
right_child=2 3 -4 -5 6 12 7 -9 -10 -11 11 -13 14 -15 -16 16 -18 -19 19 -21 22 -23 -24 -25 25 -27 -28 -29 -30 -31
leaf_value=-0.015734383290745727 -0.0020424317295314721 0.00012265401687052232 -4.5522018854744875e-05 -0.00083566177574446586 -0.0052416114341851811 -0.017105575082495755 -0.014287349771083147 0.0041363180260434295 -0.031163246135002844 0.020597258479220379 0.007876792585502666 -0.0092442020716412224 -0.009892341714867017 -0.020689886186004681 0.014393132874823937 0.035732738465988338 -0.0027804768737823568 0.007294510282070601 -0.0046280613949713769 0.00080250401725154969 0.025904423532958288 -0.015465428308819695 0.025381925532012302 -0.002163043994668296 -0.0090696729872530996 0.025691476702185322 0.016679045402763326 0.01253076450372409 -0.010921394127822025 0.016354015666579392
leaf_weight=596.45914226956666 47194.974972246215 9499.2103201076388 220191.20951375738 42528.728347556666 356.96081110090017 280.06946798786521 694.32864934951067 18630.410163104534 471.02553549781442 957.25281741842628 1812.2568109109998 656.80807385593653 650.94392119348049 1384.3575893938541 562.54106383025646 219.7514411136508 437.50221714377403 2644.1505839861929 10532.84588348493 96591.402292657644 960.75481587648392 1213.8393481299281 799.44989293068647 3678.2732782103121 1358.7404983974993 560.97447217255831 749.10364166274667 1995.0367466956377 2015.0824684612453 1385.6784773468971
leaf_count=7191 389173 91278 1963128 379070 4463 3126 8091 167533 3151 7978 17411 6411 5479 10744 5428 1756 4333 39522 91784 821797 6162 11923 8018 28456 12571 4722 5919 22242 19099 9765
internal_value=2.28633e-05 0.000574024 -0.000398113 0.000623334 0.00100855 0.000614601 0.00330373 0.00268398 -0.00474277 0.0136057 -0.000637718 0.00328467 -0.00707325 -0.0114849 0.00141662 0.00225842 0.0107713 0.000818469 0.000687002 0.000267787 0.00253972 0.000502095 0.0065772 0.00445638 0.0111397 0.00567137 0.000151886 0.00182233 0.00014939 0.00221516
internal_weight=471610 204224 267386 203627 161099 137520 23579 22264.8 3634.42 1314.21 3163.39 2469.06 3535.17 2321.68 1213.48 937.323 657.254 133985 131340 107124 24216.1 16108.8 8107.3 7307.85 3629.57 2668.82 2107.84 14895 12900 10884.9
internal_count=4157724 1805423 2352301 1798232 1419162 1204124 215038 202597 35064 12441 31913 23822 30866 19959 10907 9215 6089 1173258 1133736 913581 220155 154307 65848 57830 29374 23212 18490 142384 120142 101043
is_linear=0
shrinkage=0.03


Tree=138
num_leaves=31
num_cat=0
split_feature=43 24 35 35 35 35 35 33 35 33 33 33 35 33 35 33 33 33 33 35 33 33 35 35 33 33 33 35 33 33
split_gain=114.011 182.453 121.636 109.543 196.114 216.791 173.979 435.882 667.534 538.651 1257.68 448.199 418.484 614.693 415.38 402.489 413.269 393.305 347.863 338.355 649.368 429.477 341.449 310.175 301.834 335.233 308.35 290.737 253.841 448.528
threshold=0.52926790714263927 0.031243125908076767 0.87232092022895824 0.21833010017871859 0.22466856986284259 0.23088207840919497 0.36820137500762945 -0.0027886325260624285 0.33866612613201147 -0.024687093682587143 -0.036483865231275552 -0.048507720232009881 0.30004669725894934 0.00066381334909237932 0.29060079157352453 0.007675810484215618 0.057125721126794822 0.0037036830326542263 0.014746565837413074 0.28582967817783361 -0.022055992856621739 -0.01992339268326759 0.29550418257713323 0.35567307472229009 0.002568425028584898 0.0054054979700595149 0.016183477826416496 0.35567307472229009 0.00066381334909237932 -0.001286584709305316
decision_type=2 2 2 2 2 2 2 2 2 2 2 2 2 2 2 2 2 2 2 2 2 2 2 2 2 2 2 2 2 2
left_child=3 2 -2 -1 -5 -6 7 9 12 10 11 -7 14 -14 28 -10 -17 -15 -19 -11 -21 -22 -23 -18 -16 -26 -27 -13 29 -9
right_child=1 -3 -4 4 5 6 -8 8 15 19 -12 27 13 17 24 16 23 18 -20 20 21 22 -24 -25 25 26 -28 -29 -30 -31
leaf_value=0.0020093926885626804 -0.0015745722200409609 6.6769032953402794e-05 -0.0091037769149071596 -0.0098587901321393785 0.0096702765166703213 0.0072630199533221711 0.00063933375943285944 0.013937272265428015 0.0030864546327245084 -0.012822752527376162 0.020889069040679751 -0.018679393896931018 0.034891326849891102 -0.013638130536070981 -0.027556582530378154 -0.015094572690804085 -0.020877658110811978 0.017503707328461154 0.0029347415721174925 -0.032887419565265849 0.025546007623296327 0.0073317773316653456 -0.0063272519073422446 0.037927234605850318 0.021151048560832365 -0.018945138404997949 0.0074209708854529677 0.026153361402259025 0.0056378386931183813 -0.015083833176241193
leaf_weight=33928.20026406087 66791.35244820267 153351.19249456748 1969.788755401969 1718.7089771255851 2159.7187979966402 1116.0522677823901 161575.36856493354 686.31829525157809 2277.2330091930926 6017.5823529362679 2241.3622381836176 2064.056513370946 747.56092958152294 755.05306272208691 637.34684570133686 4030.5373802445829 105.04360585287213 2536.6013486906886 3510.1257949359715 637.6138949021697 461.24164455384016 2064.6762878596783 7857.1807460766286 224.33534233272076 366.17401230335236 1120.3107833750546 600.67975744605064 121.72030834853649 8403.8871546685696 1479.0012617222965
leaf_count=311841 532069 1398794 22214 17777 18234 16590 1411821 6202 18581 50553 16433 18630 9802 3631 3502 39043 1413 20471 36741 6026 5742 10669 66840 4027 3207 8968 9443 1472 76836 10825
internal_value=-1.47185e-05 -0.000509036 -0.00179284 0.000425443 0.000175921 0.000257505 0.000160545 -0.0013844 0.00115304 -0.00447059 0.00364296 -0.00811941 0.00379155 0.00942235 0.000584543 -0.00711934 -0.0124397 0.00652905 0.00908398 -0.0071114 -0.00397528 -0.00214001 -0.00347586 0.0190519 -0.00981725 -0.00419014 -0.009763 -0.0159683 0.00327938 -0.00584195
internal_weight=471556 222112 68761.1 249444 215515 213797 211637 50061.7 27480.2 22581.5 5543.19 3301.83 20843.1 7549.34 13293.7 6637.15 4359.92 6801.78 6046.73 17038.3 11020.7 10383.1 9921.86 329.379 2724.51 2087.16 1720.99 2185.78 10569.2 2165.32
internal_count=4158397 1953077 554283 2205320 1893479 1875702 1857468 445647 252692 192955 53125 36692 189628 70645 118983 63064 44483 60843 57212 139830 89277 83251 77509 5440 25120 21618 18411 20102 93863 17027
is_linear=0
shrinkage=0.03


Tree=139
num_leaves=31
num_cat=0
split_feature=21 23 8 32 34 34 32 32 32 33 32 33 34 33 33 32 32 34 32 33 33 32 33 33 33 34 33 34 32 32
split_gain=112.476 119.586 172.101 172.425 185.291 343.249 298.041 343.116 882.143 317.444 313.771 258.779 235.887 279.151 223.666 226.886 220.068 425.179 335.311 215.074 262.847 354.446 258.854 200.185 186.865 250.15 261.203 337.413 337.737 573.485
threshold=1.4782124161720278 0.065950542688369765 -0.055056978017091744 -0.02856467571109533 -0.015552219469100235 0.0035712240496650343 0.025316447950899604 0.0033974709222093229 0.0013818392762914302 -0.0090944641269743425 0.034510171040892608 0.01090001640841365 -0.019969875924289223 -0.028275797143578526 0.007675810484215618 -0.00043507090595085168 0.0090181124396622198 0.016872515901923183 0.013692543376237156 0.038678968325257308 0.010403670370578768 0.0058972593396902093 0.020230571739375595 0.021076834760606292 -0.0060724508948624125 -0.02160988841205835 0.023700983263552192 -0.12285920977592467 0.0058972593396902093 0.0086359218694269674
decision_type=2 2 2 2 2 2 2 2 2 2 2 2 2 2 2 2 2 2 2 2 2 2 2 2 2 2 2 2 2 2
left_child=-1 -2 3 -3 12 6 7 8 11 -10 -8 14 24 -14 15 -6 -7 -18 -19 20 -9 -22 -23 -20 -5 26 27 -26 -29 -30
right_child=1 2 -4 4 5 16 10 19 9 -11 -12 -13 13 -15 -16 -17 17 18 23 -21 21 22 -24 -25 25 -27 -28 28 29 -31
leaf_value=0.0013343494293929323 -0.0013979843515611913 0.014339509569154809 -0.00027797351710824586 -0.00071505246208910557 -0.0098138539840045159 -8.8208966033720635e-05 0.036031841920400119 -0.014497051970954033 -0.011683054072973887 0.030911908507723112 -0.02553751781518647 0.0055755866546772269 -0.025152661090186719 0.01278284537157732 -0.031976933877826873 0.013107404267164955 0.019008901207800605 0.0088647530340339887 -0.010926140789123675 -0.025565693017646288 -0.03020960868579772 0.025593155284080158 -0.0031800663946901903 0.0074636632471012619 -0.021878558375899824 -0.018091358461453422 0.00031295267319620106 0.0037645249053943558 0.030336758249939127 0.0072449736520303239
leaf_weight=52209.564996628091 58657.721707733348 885.40749722719193 284048.8494149372 13976.4655248411 3530.3815149851143 19434.85909149982 281.66376420482993 2438.0107521265745 179.51660016924143 886.50750134885311 83.021317780017853 1341.6271236464381 167.32703623175621 2925.0523603260517 344.98372133821249 419.00813839584589 1710.8990698978305 2960.8468818329275 1892.0603973530233 815.69137945398688 233.44895000755787 466.87289301306009 657.68016950413585 722.3493401966989 327.90084055066109 440.16396065428853 8479.453800868243 6472.3087546564639 1392.5282273553312 3135.4339542686939
leaf_count=448067 517424 9843 2457289 142758 26623 178543 3696 18222 2415 6002 1548 13302 2499 26092 2465 3667 16213 25388 16679 7308 1210 2967 7812 10311 8025 4512 89543 63394 13460 31226
internal_value=2.15375e-05 -0.000141981 6.23666e-05 0.00132414 0.00116819 -0.000294858 -0.00458082 -0.00545513 -0.00111231 0.0236559 0.0214165 -0.00586419 0.00267305 0.0105817 -0.00944743 -0.00732825 0.00158035 0.00601906 0.00197912 -0.0117343 -0.00864383 0.00192231 0.00900399 -0.00582703 0.00195268 0.00379303 0.0042971 0.00727355 0.00818065 0.0144488
internal_weight=471518 419308 360650 76601.5 75716.1 38399.4 11678.4 11313.7 6702.02 1066.02 364.685 5636 37316.6 3092.38 4294.37 3949.39 26721 7286.16 5575.26 4611.7 3796.01 1358 1124.55 2614.41 34224.3 20247.8 19807.6 11328.2 11000.3 4527.96
internal_count=4158503 3710436 3193012 735723 725880 344371 97237 91993 54474 8417 5244 46057 381509 28591 32755 30290 247134 68591 52378 37519 30211 11989 10779 26990 352918 210160 205648 116105 108080 44686
is_linear=0
shrinkage=0.03


Tree=140
num_leaves=31
num_cat=0
split_feature=27 30 2 18 5 6 17 27 17 42 14 7 29 41 23 17 25 14 2 22 21 41 5 3 0 27 38 2 5 2
split_gain=117.099 101.828 100.911 130.898 144.891 154.072 140.652 138.39 106.389 84.4122 79.3717 77.5242 74.875 72.2729 70.195 73.8172 66.4035 65.9303 63.2471 71.3264 59.8902 58.782 56.8003 50.9869 50.8176 49.3824 48.7587 48.8789 47.4237 46.607
threshold=0.94465345144271862 13.591535568237306 -0.071185797452926622 0.0053835429716855296 0.013909474015235903 -0.019205029122531411 0.0075892796739935884 0.64152863621711742 0.00090519536752253782 0.69056603312492382 68.184867858886733 0.031747663393616683 1.1849403977394106 0.494905635714531 1.0000000180025095e-35 -0.013217299710959194 0.059072155505418784 72.185211181640639 0.011128186248242857 0.3709257990121842 70.578388214111342 0.76293009519577037 -0.012167640961706637 -0.0044251414947211734 0.083937436342239394 0.6190982758998872 0.0081913615576922911 -0.14378298074007032 -0.012167640961706637 0.038587506860494621
decision_type=2 2 2 2 2 2 2 2 2 2 2 2 2 2 2 2 2 2 2 2 2 2 2 2 2 2 2 2 2 2
left_child=1 2 9 4 5 6 13 12 29 20 -6 22 17 -4 -7 -16 -3 18 -5 -20 26 -14 -2 25 -13 -17 -1 -28 -25 -9
right_child=11 16 3 7 10 14 -8 8 -10 -11 -12 24 21 -15 15 23 -18 -19 19 -21 -22 -23 -24 28 -26 -27 27 -29 -30 -31
leaf_value=-0.0062851087481830313 -0.0062760899545615846 -0.0023505222643288152 0.00034518525232917358 -0.00035984839959955507 0.0024903675685131067 -0.005002073752550594 0.0022499857634175452 0.0018916518633611502 -0.0022754343316757717 0.00011592780137893648 -0.00080858036033082728 -0.0054492537938583135 0.0051701610291211911 -0.0021659697158576867 0.00018787582684742343 -0.0034856170401928732 0.00044371535392324446 -0.00081517004952766771 0.0036738660738998142 0.00079006595019074928 0.015103901796321746 0.0019287478162083136 -6.2999253898924154e-05 0.0011433964804609849 -0.0013393257554301515 -0.00099956369936930484 0.0049452595864138051 0.0018460684072095601 -0.0015374677827429087 -0.00056842703497138282
leaf_weight=582.45764278993011 1428.6467012129724 23623.637293480337 25514.649296153337 13277.180236222222 20800.571966620162 4924.4624116495252 22713.351014627144 13223.205625522882 19744.527979819104 28484.815906057134 9574.0798298567533 6770.5003744401038 6138.9409781433642 17290.039943212643 22167.534799357876 22050.31200921908 11310.277154771611 17173.362395327538 14247.30894004181 16849.130597025156 306.68526568636298 27942.628660446033 15429.619038913399 7029.6063619181514 4530.8030663393438 10697.458559572697 5423.4231275655329 29311.324667192996 37804.262291802093 14526.741934483871
leaf_count=5656 14274 157741 221831 126533 182852 39614 200290 123586 178770 263680 87855 64896 69231 144955 198689 179875 86963 150741 129472 146138 3827 255848 140357 61655 42887 88619 64703 281794 305957 134976
internal_value=-1.14615e-05 0.000107884 0.000241072 3.72247e-05 -0.000457331 -0.000797993 0.000342868 0.000730241 -0.000593295 0.00133355 0.00145069 -0.00188659 0.00138757 -0.00066968 -0.00151202 -0.00133875 -0.00144612 0.000762477 0.00137315 0.00211284 0.00230655 0.0025153 -0.000596338 -0.00177489 -0.00380682 -0.00267462 0.00218694 0.00233254 -0.00111681 0.00060435
internal_weight=470892 442732 407798 343689 200566 170192 65518 143123 47494.5 64108.7 30374.7 28159.6 95628.6 42804.7 104674 99749.2 34933.9 61547 44373.6 31096.4 35623.9 34081.6 16858.3 77581.6 11301.3 32747.8 35317.2 34734.7 44833.9 27749.9
internal_count=4154265 3891851 3647147 3027487 1712192 1441485 567076 1315295 437332 619660 270707 262414 877963 366786 874409 834795 244704 552884 402143 275610 355980 325079 154631 636106 107783 268494 352153 346497 367612 258562
is_linear=0
shrinkage=0.03


Tree=141
num_leaves=31
num_cat=0
split_feature=11 25 43 9 35 32 32 33 33 32 33 32 33 32 35 35 33 33 32 33 35 32 35 33 33 33 35 4 35 32
split_gain=116.847 108.061 154.939 112.115 134.596 415.356 162.655 198.305 155.945 138.85 434.658 303.034 417.632 282.021 356.498 270.778 256.25 200.856 206.707 196.013 163.174 178.056 222.82 161.34 145.495 173.274 143.974 142.945 132.403 167.324
threshold=0.11237352713942529 1.0000000180025095e-35 0.12485677748918535 -0.051401529461145394 0.79561480879783641 0.019189972430467609 0.01497457502409816 -0.013823971617966889 -0.10541613399982451 -0.01810432784259319 -0.059739705175161355 -0.015421228017657993 -0.064229741692543016 0.0062833137344568976 0.36820137500762945 0.059641739353537566 -0.038446523249149316 -0.054731162264943116 0.0072680884040892133 -0.10541613399982451 0.18464355915784839 -0.011964013334363697 0.25866982340812689 -0.10541613399982451 -0.040747443214058869 -0.048507720232009881 0.38924722373485571 -0.09731197357177733 0.95136055350303661 0.025316447950899604
decision_type=2 2 2 2 2 2 2 2 2 2 2 2 2 2 2 2 2 2 2 2 2 2 2 2 2 2 2 2 2 2
left_child=-1 2 -2 4 6 -6 9 -8 -7 10 15 16 13 14 -13 19 -11 18 -14 27 -19 22 -22 -16 25 -12 -25 -3 29 -10
right_child=1 3 -4 -5 5 8 7 -9 28 11 24 12 17 -15 23 -17 -18 20 -20 -21 21 -23 -24 26 -26 -27 -28 -29 -30 -31
leaf_value=-0.0035971144645042187 -0.026305981621869746 -0.027171365789154234 0.00024540161318584256 -9.9620542946149993e-05 -0.014167559457918769 -0.016128749923870582 0.024149668223895922 0.0042576338587719852 -0.00011252205612800584 0.029247640551508643 -0.0070932089085438098 -0.031173953277702931 0.022601009042141421 -0.037998708067082637 0.036349199686691654 0.017383361321965232 0.0064378256503614924 0.014666440734890091 -0.0049285482959322601 0.0081418263089644421 -0.00053360373909990043 0.0016850802845472922 -0.025226744901810722 0.024854432280252324 -0.004600822356486357 -0.028908760015950132 -0.018706092979235478 0.0095917393975490251 -0.0092717305718955419 0.012643826335416854
leaf_weight=7984.8534469120204 320.26059583574533 342.96922439709306 471.56859823688865 404232.01817732304 1974.339880656451 364.2037757486105 598.05364917591214 1713.749516390264 1953.8550742901862 597.53382822871208 735.63733203336596 260.18372949585319 786.56437596678734 359.48317655548453 139.63355697691441 1157.1252546552569 1631.4899709746242 817.7033484056592 343.9025671929121 560.26996049284935 962.36112586781383 37042.385039953515 480.33810925483704 90.906573582440615 2208.4321040958166 597.66999420523643 158.00514707714319 117.42458724975586 580.7558439001441 1737.617525536567
leaf_count=64020 4029 4246 5509 3522571 25758 2606 6257 13789 21101 6693 6788 4901 7802 5977 2894 17081 12057 9463 3336 4920 8707 327103 3905 2614 23980 5469 2883 2030 12049 17585
internal_value=-3.47636e-06 5.86068e-05 -0.010877 7.77969e-05 0.00130729 -0.00271775 0.0018228 0.00956661 0.00219785 0.00145661 -0.00293159 0.00203241 0.00144963 -0.0174332 -0.0052415 0.00757244 0.0127582 0.00192886 0.0142861 -0.00367051 0.00156635 0.00128053 -0.00898756 0.0127998 -0.0093967 -0.017155 -0.00213178 -0.0177859 0.00382805 0.00592781
internal_weight=471321 463336 791.829 462545 58312.6 6610.77 51701.8 2311.8 4636.43 49390 5719.53 43670.5 41441.5 1008.21 648.729 2177.79 2229.02 40433.3 1130.47 1020.66 39302.8 38485.1 1442.7 388.545 3541.74 1333.31 248.912 460.394 4272.23 3691.47
internal_count=4158123 4094103 9538 4084565 561994 79099 482895 20046 53341 462849 64514 398335 379585 19269 13292 28277 18750 360316 11138 11196 349178 339715 12612 8391 36237 12257 5497 6276 50735 38686
is_linear=0
shrinkage=0.03


Tree=142
num_leaves=31
num_cat=0
split_feature=22 5 34 33 35 35 34 33 33 34 34 35 33 33 33 33 35 33 34 35 34 34 35 35 34 34 33 35 35 35
split_gain=96.1251 154.92 173.288 830.876 635.849 587.515 537.518 393.961 757.172 561.103 642.363 393.006 374.3 345.252 790.549 646.251 1685.34 1063.35 503.14 491.057 949.257 597.637 440.976 442.159 425.034 722.191 717.636 705.136 1412.99 1074.91
threshold=0.69739294052124035 0.014537601731717588 0.0074763279408216485 -0.0067772909533232442 0.14826499670743945 0.19795468449592593 0.008650485426187517 -0.026954179629683491 -0.01992339268326759 0.036900719627738006 0.008650485426187517 0.1705446392297745 0.021076834760606292 -0.0053850426338613025 -0.012578809168189762 -0.015923499129712578 0.4931750893592835 -0.022055992856621739 -0.033443899825215333 0.88213157653808605 -0.042777672410011285 -0.0082228151150047762 0.19795468449592593 0.16237524896860125 -0.019969875924289223 -0.022534483112394806 0.018338722176849846 0.45912173390388494 0.42291125655174261 0.58565238118171703
decision_type=2 2 2 2 2 2 2 2 2 2 2 2 2 2 2 2 2 2 2 2 2 2 2 2 2 2 2 2 2 2
left_child=1 2 13 4 -4 12 -7 11 -9 10 -10 -6 -5 14 15 17 22 -1 -15 20 -18 -22 23 -17 25 -20 27 28 -26 -29
right_child=-2 -3 3 5 7 6 -8 8 9 -11 -12 -13 -14 18 -16 16 19 -19 24 -21 21 -23 -24 -25 26 -27 -28 29 -30 -31
leaf_value=0.00067301593622850413 -0.00099527173513634095 0.0016352845768004408 -0.0071895241014629649 0.018689151780960558 0.031837176471731683 0.019102088181822591 -0.0010726268179770296 0.021624080360920849 -0.010919833290758026 0.00022693751368491123 0.011516792569170885 -0.0050037552908776912 -0.0051054530776154438 0.0044639026716303785 -0.0062355767321520296 0.021929319396923844 0.018548702188895531 -0.0076567682150719563 -0.0019850839818424566 -0.032392308571920089 -0.020454183313094433 0.0051035160327489492 0.022611801511300499 -0.0085842215511829044 0.0029956210743127968 -0.019602133170995711 -0.006136616126177657 0.016275278644377302 -0.019471234771419151 -0.0002608922141752976
leaf_weight=58004.125983035192 70149.110717942938 58468.909441206604 3557.3464138694108 2245.5365198403597 259.69539050757885 1181.5366904325783 110325.39846234955 3007.7964209020138 1244.8837052732706 9931.8920685425401 12893.586486920714 3817.8042611703277 796.9534067697823 24484.090123083442 26400.517016356811 726.30598486214876 1345.9997742399573 18074.538670450449 11414.410893071443 539.15855621546507 2185.3462246358395 1303.4155365750194 4203.2346829324961 982.55862725526094 14071.472733220086 2546.4520234391093 10048.922763578594 7072.8083117399365 3047.9750029109418 7057.6456136479974
leaf_count=572346 627623 534782 39360 17981 4473 11460 953686 30012 5741 80702 104075 50918 10544 253305 196805 7467 9349 155158 97910 4553 14959 7576 30326 7694 97334 21900 91534 45529 20648 53439
internal_value=2.91342e-05 0.000208272 -3.52241e-05 0.000732751 0.00479729 -0.000499588 -0.000855467 0.00616968 0.00747809 0.00569395 0.00952863 -0.00251342 0.0124637 -0.000627614 -0.00168841 -0.000313203 0.00637938 -0.00130744 0.000885802 -0.0057712 -0.00268128 -0.0109311 0.0174061 0.00448838 -0.0007006 -0.00522187 0.00082958 0.00307217 -0.00102247 0.00802737
internal_weight=471389 401240 342771 149262 34713 114549 111507 31155.7 27078.2 24070.4 14138.5 4077.5 3042.49 193509 113765 87364.7 11286 76078.7 79743.8 5373.92 4834.76 3488.76 5912.1 1708.86 55259.7 13960.9 41298.8 31249.9 17119.4 14130.5
internal_count=4159189 3531566 2996784 1308952 315281 993671 965146 275921 220530 190518 109816 55391 28525 1687832 1006233 809428 81924 727504 681599 36437 31884 22535 45487 15161 428294 119810 308484 216950 117982 98968
is_linear=0
shrinkage=0.03


Tree=143
num_leaves=31
num_cat=0
split_feature=30 34 34 32 35 32 32 35 32 35 35 34 34 35 35 32 32 32 35 32 34 35 32 34 35 32 34 35 32 32
split_gain=128.919 119.63 221.966 280.085 389.728 421.503 246.013 473.728 519.595 323.207 293.474 299.94 243.582 186.627 200.537 533.716 356.264 517.415 331.106 394.031 320.42 306.806 274.643 331.596 309.427 298.211 265.047 248.174 321.337 261.332
threshold=13.591535568237306 0.065712161362171187 0.067046999931335463 0.0049684937112033376 0.6778777837753297 0.011868199799209835 -0.013702181633561848 0.29060079157352453 -0.0048309725243598214 0.30004669725894934 0.1784622669219971 0.11112556979060174 0.068464327603578581 0.30589757859706884 0.50608089566230785 0.0037086271913722162 0.0015933124814182522 0.0047825209330767402 0.56957185268402111 0.0072680884040892133 0.070729009807109847 0.55849176645278942 -0.0019038675236515699 0.12774557620286944 0.39379353821277624 -0.0020840164506807919 0.070729009807109847 0.40745401382446295 -0.00081005314132198681 0.0010242033167742195
decision_type=2 2 2 2 2 2 2 2 2 2 2 2 2 2 2 2 2 2 2 2 2 2 2 2 2 2 2 2 2 2
left_child=1 -1 3 -3 -5 -6 10 8 12 -9 11 -4 -8 -11 16 -16 22 20 19 21 -18 -17 23 25 -24 -15 -20 -26 -29 -30
right_child=-2 2 6 4 5 -7 7 9 -10 13 -12 -13 -14 14 15 18 17 -19 26 -21 -22 -23 24 -25 27 -27 -28 28 29 -31
leaf_value=-8.7033735993089531e-05 -0.0017291465954392062 0.018860083146028238 -0.0072974980846900513 -0.015151110175132716 0.037200400877385131 0.00032724473343827574 -0.012350095078859761 -0.016756577660170552 0.035046705915521711 0.03111077222000154 -0.025788800315494968 0.024431990131748845 0.009652259965143942 0.00015631917610118765 0.030966036173740816 0.0072834723244339181 -0.0020008041154784485 0.0075882476373671306 -0.012966066455022679 0.024536668542475777 -0.020197553272872214 -0.022453069007841619 0.014974065682585807 -0.031756187408246074 -0.0094510009740574243 -0.026408941200600243 0.0011123207758049528 0.019437042160317667 -0.002699686509487406 0.026213686176868131
leaf_weight=377027.78975613974 37388.218189908192 1419.9129818938673 1692.8878584578633 764.88990861922503 381.18096532672644 917.40513662993908 516.11116948723793 936.28487204387784 661.36164272204041 162.89670441299677 616.00133771076798 298.04885549470782 2965.4384407661855 4124.6983853951097 553.75685954093933 2591.807290982455 1334.9245623238385 1345.5194207318127 1253.2255998104811 1125.7361511141062 2511.558114502579 335.07779349014163 1901.6990095637739 352.4646832048893 1478.0480799376965 398.91180877387524 21972.603621210903 998.75472964346409 2901.2951140478253 291.32775016874075
leaf_count=3341559 264012 13449 17724 5680 4947 5895 3005 9824 5449 2323 7427 6990 29012 37434 3096 26301 11081 15253 10659 10511 27797 4970 16181 4745 13441 2853 219034 5956 26508 4812
internal_value=-3.9344e-05 0.000106359 0.00138955 0.00870465 0.00160256 0.0115509 0.000908578 0.00137177 0.0110679 0.000504827 -0.00804394 -0.00235175 0.00633868 0.000866167 0.000744189 0.00232958 -0.00175715 -0.00834234 0.001726 0.00961616 -0.0139254 0.00374987 0.000998657 -0.00454306 0.00457029 -0.00229226 0.000342173 0.00104017 0.0047671 8.54339e-05
internal_weight=471220 433832 56803.8 3483.39 2063.48 1298.59 53320.4 50713.5 4142.91 46570.6 2606.94 1990.94 3481.55 45634.3 45471.4 27832.2 17639.2 5192 27278.5 4052.62 3846.48 2926.89 12447.2 4876.07 7571.12 4523.61 23225.8 5669.43 4191.38 3192.62
internal_count=4157928 3893916 552357 29971 16522 10842 522386 490245 37466 452779 32141 24714 32017 442955 440632 274571 166061 54131 271475 41782 38878 31271 111930 45032 66898 40287 229693 50717 37276 31320
is_linear=0
shrinkage=0.03


Tree=144
num_leaves=31
num_cat=0
split_feature=25 0 30 27 2 35 35 6 5 35 35 7 5 35 20 39 35 35 17 35 35 35 35 10 35 5 35 2 17 24
split_gain=104.702 145.605 117.065 170.241 195.135 155.025 285.636 139.958 135.668 128.88 161.207 127.543 148.111 122.1 126.066 134.822 112.243 293.214 119.002 112.102 292.921 204.309 149.968 136.467 109.909 173.048 112.394 222.984 123.542 115.266
threshold=1.0000000180025095e-35 -0.087429210543632493 10.006721019744875 0.48151403665542608 0.038587506860494621 0.5801072120666505 0.6205006241798402 -0.020060034468770024 0.010422330349683763 0.60008391737937938 0.60535466670990001 0.053815310820937164 0.015893621370196346 0.19795468449592593 51.702997207641609 0.64192077517509472 0.1705446392297745 0.1784622669219971 0.011345724109560253 0.30004669725894934 0.31297223269939428 0.25866982340812689 0.24359410256147387 -0.017493882216513153 0.55101406574249279 -1.0000000180025095e-35 0.5424766242504121 0.028425541706383232 -0.008366957772523163 0.029517438262701038
decision_type=2 2 2 2 2 2 2 2 2 2 2 2 2 2 2 2 2 2 2 2 2 2 2 2 2 2 2 2 2 2
left_child=1 -1 -2 4 7 24 9 16 13 -7 -11 12 -8 14 -9 -16 -4 -18 -19 21 -21 22 -15 -24 26 -26 -5 29 -29 -28
right_child=2 -3 3 5 -6 6 11 8 -10 10 -12 -13 -14 19 15 -17 17 18 -20 20 -22 -23 23 -25 25 -27 27 28 -30 -31
leaf_value=0.01008550579500192 0.0010223500425591159 -0.018388454959795315 -0.0014111918437343936 -0.0015146205432246267 0.0021560009819989209 0.0016138418115866848 -0.001032802564531048 -0.0017538476823751314 0.0019179167011981507 0.014496147886693279 0.0038197982543673589 -0.0030580837374805455 0.002155771320016253 -0.0034941382950778375 0.011161471793230031 0.0005598564390513458 0.01494381049743573 0.00024274219162895977 0.0032732045790982113 0.01015627463052372 -0.0019347903974973135 -0.0085001980323965529 -0.0033597684375274652 0.01404097346191293 -0.010808585406471624 -0.0019744549603109224 0.022981548038380845 -0.023389793862682987 0.00093421865493337002 0.0050905998522639308
leaf_weight=207.06274051405489 89014.656543198973 576.19893084093928 15981.547818331048 84709.204830564559 45486.116807201877 8475.3393867351115 42211.499852381647 4785.038446886465 11809.735481441021 1915.5737144611776 3781.5689693391323 15888.061305034906 18994.142209608108 5092.4046988300979 1929.2989708967507 2424.7474751994014 1388.8145865537226 41679.098275259137 16175.122550714761 1874.913346298039 37378.658948291093 6186.3531888574362 680.15466940402985 961.94240919500589 2910.6857233159244 6292.7705905772746 569.30775182321668 248.21882927417755 622.96843223646283 753.77253423631191
leaf_count=3280 838305 6208 150402 734537 405356 63010 374183 39963 105908 18164 31834 155769 176660 43347 16458 20385 13460 347538 137174 17827 301655 50908 4894 6562 25324 51957 4025 1736 5481 4895
internal_value=2.44302e-05 -0.0107974 4.29149e-05 -0.000185832 0.000437469 -0.000830603 5.49358e-05 -8.96834e-05 -0.00102415 0.00396616 0.0074477 -0.000664925 -4.29013e-05 -0.00159127 0.00160479 0.00528704 0.000818715 0.00142053 0.00109085 -0.00215151 -0.00135239 -0.00457339 -0.000951718 0.0068799 -0.00167138 -0.00478572 -0.00134053 0.00533326 -0.00636556 0.0130165
internal_weight=471005 783.262 470222 381207 193834 187373 91266.2 148348 73123.2 14172.5 5697.14 77093.7 61205.6 61313.5 9139.08 4354.05 75224.6 59243 57854.2 52174.4 39253.6 12920.9 6734.5 1642.1 96106.9 9203.46 86903.5 2194.27 871.187 1323.08
internal_count=4157205 9488 4147717 3309412 1661837 1647575 819620 1256481 607907 113008 49998 706612 550843 501999 76806 36843 648574 498172 484712 425193 319482 105711 54803 11456 827955 77281 750674 16137 7217 8920
is_linear=0
shrinkage=0.03


Tree=145
num_leaves=31
num_cat=0
split_feature=21 35 35 34 33 33 35 34 34 33 34 35 34 33 33 34 34 34 35 34 35 33 33 35 35 34 35 33 34 34
split_gain=111.155 117.813 182.154 213.022 200.613 291.366 246.734 226.069 244.443 207.409 211.939 169.264 161.557 158.303 273.054 213.137 441.9 212.345 176.175 229.59 152.686 145.888 142.807 157.396 142.757 142.55 191.707 137.869 232.465 137.337
threshold=-1.6676837801933286 0.5424766242504121 0.50608089566230785 0.0010914614540524783 -0.012578809168189762 -0.015923499129712578 0.19795468449592593 0.015178224537521602 0.01225033449009061 -0.018673303537070748 0.0028099322225898509 0.16237524896860125 0.016872515901923183 -0.029667286202311512 -0.048507720232009881 -0.029658703133463856 -0.014743878971785305 -0.092207007110118852 0.059641739353537566 -0.12285920977592467 0.1705446392297745 -0.040747443214058869 -0.064229741692543016 0.56311708688735973 0.19795468449592593 -0.041464485228061669 0.1705446392297745 -0.028275797143578526 -0.011635823640972374 -0.025840445421636101
decision_type=2 2 2 2 2 2 2 2 2 2 2 2 2 2 2 2 2 2 2 2 2 2 2 2 2 2 2 2 2 2
left_child=1 2 4 -4 5 7 11 8 9 13 -11 -7 -8 14 15 17 -17 18 -1 -20 -6 25 -3 -24 -22 26 -16 28 -15 -29
right_child=-2 22 3 -5 20 6 12 -9 -10 10 -12 -13 -14 27 21 16 -18 -19 19 -21 24 -23 23 -25 -26 -27 -28 29 -30 -31
leaf_value=-0.01995687107554095 -0.00012151015391158163 -0.021171435053393341 0.02500826497239713 0.0025265482052954816 -0.01498312637411286 0.017565212298698951 0.028796721175383011 0.012751009372671882 -0.031896258564795547 -0.026326578476962844 0.003356580114442512 -0.02200165472693685 0.0086867799783763352 -0.005403813086072632 -0.026115816616377564 -0.029360066290692707 0.026130178142821411 0.013725619624175043 0.025423095480666114 -0.0071745455720795479 0.013761060715198165 -0.0012743484725561357 -0.014827590965686538 0.00050696091017535803 -0.0014235512990606685 -0.020947101599466968 0.011739504232560915 0.010956282379165173 0.035996559755529949 -0.00064153699890631471
leaf_weight=327.71108358725905 434511.53882084601 301.23704893700778 665.80626348033547 860.14253469742835 679.43684553727508 141.82273342460394 855.35295877233148 1701.3534940071404 177.93897157907486 444.04655021801591 398.23828409798443 227.51712225005031 650.6563779078424 180.04467948153615 159.16582297347486 370.30764275602996 174.82946763187647 2338.9169529620558 298.88637051917613 482.18003861792386 575.9260785728693 2922.6018780525774 636.79633327573538 7262.7909299489111 8564.4156357981265 805.87914299964905 347.13587157428265 1869.6716437339783 330.70823827385902 1784.7110847719014
leaf_count=5007 3843823 4428 4621 6309 5428 1209 5497 19059 2928 3512 2356 1535 4621 1922 1677 4633 3193 22635 4618 5304 3986 24600 5589 61495 68204 6517 3992 12701 1955 13939
internal_value=1.21517e-05 0.00160094 0.00251705 0.0125325 0.00193807 0.00390936 0.0149998 0.00251528 0.00119989 0.00169231 -0.0125398 -0.00668654 0.0203361 0.00267826 0.00026132 0.00587466 -0.011269 0.00863471 -0.00215725 0.00562271 -0.00147356 -0.00503404 -0.00156282 -0.000763502 -0.000438824 -0.0132631 -0.000701249 0.0074285 0.0217489 0.00531953
internal_weight=471048 36536.2 28335.4 1525.95 26809.5 16989.7 1875.35 15114.3 13413 13235 842.285 369.34 1506.01 12392.7 8227.61 3992.83 545.137 3447.69 1108.78 781.066 9819.78 4234.78 8200.82 7899.59 9140.34 1312.18 506.302 4165.14 510.753 3654.38
internal_count=4157293 313470 241958 10930 231028 153410 12862 140548 121489 118561 5868 2744 10118 112693 82176 45390 7826 37564 14929 9922 77618 36786 71512 67084 72190 12186 5669 30517 3877 26640
is_linear=0
shrinkage=0.03


Tree=146
num_leaves=31
num_cat=0
split_feature=30 34 34 32 34 33 33 32 32 32 33 34 33 33 34 33 33 34 32 32 33 32 34 33 33 34 34 34 25 32
split_gain=99.8047 109.772 304.149 167.925 146.55 303.865 199.212 211.5 194.698 202.413 188.431 131.119 202.849 595.147 257.908 352.634 671.718 478.787 445.99 533.921 434.473 416.301 389.689 515.479 587.825 421.209 334.242 271.564 229.843 211.497
threshold=13.379183292388918 0.13775379955768588 0.12774557620286944 0.023361636325716976 0.19208952039480212 0.086538262665271773 0.052763333544135101 0.021241558715701107 -0.0010327456984668968 -0.026351015083491799 0.029251633211970333 0.065712161362171187 0.010403670370578768 0.012265849858522417 0.11634959653019906 0.029251633211970333 0.023700983263552192 0.099228288978338255 0.013396054971963169 0.01634942460805178 0.027640369720757011 0.0096384696662426012 0.081276949495077147 0.018742998130619529 0.016183477826416496 0.070729009807109847 0.070729009807109847 0.11112556979060174 0.03683291748166085 0.0052491456735879191
decision_type=2 2 2 2 2 2 2 2 2 2 2 2 2 2 2 2 2 2 2 2 2 2 2 2 2 2 2 2 2 2
left_child=1 2 11 4 5 8 10 -8 9 -3 -6 -1 28 -14 15 16 22 20 21 -20 -18 -17 23 24 26 -25 29 -24 -13 -15
right_child=-2 3 -4 -5 6 -7 7 -9 -10 -11 -12 12 13 14 -16 18 17 -19 19 -21 -22 -23 27 25 -26 -27 -28 -29 -30 -31
leaf_value=-5.6285028009698118e-05 -0.0013467439577840214 0.013588053216225316 -0.010757541618695448 -0.0074103077408813091 -0.016304981650982448 0.036705390564057895 -0.021458955404126196 0.022066782179157821 0.0095171409561813341 -0.035807412972105664 0.03242135011707202 0.0072913352637679766 -0.017343455849149512 0.010585853307843238 -0.0086163558055619115 0.0062304719285173815 -0.0099926840330554993 -0.027674384115986439 -0.027838253451923423 0.0033956826605706109 0.012025835736709874 0.023263750897466212 0.011325651880034353 0.003553776331537493 0.026927289240259996 -0.018986607979560068 0.0089005842920327257 -0.016091714452061104 -2.4645148797824277e-05 -0.01844773334003097
leaf_weight=369665.53413994983 45751.127066096291 111.38068251311779 2299.5574067160487 845.9322806969285 92.925242722034454 327.86161552369595 493.49992364272475 107.68587402999401 2510.0148117244244 164.27382070198655 191.08311652764678 9614.864102428779 1625.5888738781214 277.14304301142693 2224.1759221069515 6801.8504214957356 3563.2496106028557 1015.3285172022879 651.26122483611107 1837.3390771411359 1022.5700820796192 1582.3590745218098 4844.5092787332833 1204.9938491880894 904.75939492881298 1916.2100093476474 1474.928233012557 331.18076334148645 6453.2657713145018 981.80799667537212
leaf_count=3286173 330731 2279 26739 13561 2167 4478 8819 2167 37624 2315 4371 96169 8878 2631 25061 58056 27327 12365 7391 17507 8054 14927 37694 10721 5754 14134 10949 2773 69932 5718
internal_value=-1.56822e-05 0.000127617 7.57517e-05 0.00460828 0.00717505 0.0102229 -0.00353427 -0.0132031 0.00686658 -0.0162797 0.0164547 0.000135862 0.00160505 0.000232607 0.001176 0.00194816 -0.000684368 -0.00923665 0.00618761 -0.00493495 -0.00505198 0.00949289 0.00333782 -0.00140671 0.00625135 -0.0103173 -0.000737084 0.00951609 0.00435672 -0.0119907
internal_weight=470888 425137 420292 4844.66 3998.73 3113.53 885.194 601.186 2785.67 275.655 284.008 417993 48327.4 32259.3 30633.7 28409.5 17536.7 5601.15 10872.8 2488.6 4585.82 8384.21 11935.5 6759.84 3638.64 3121.2 2733.88 5175.69 16068.1 1258.95
internal_count=4157465 3826734 3748953 77781 64220 46696 17524 10986 42218 4594 6538 3722214 436041 269940 261062 236001 138120 47746 97881 24898 35381 72983 90374 49907 25052 24855 19298 40467 166101 8349
is_linear=0
shrinkage=0.03


Tree=147
num_leaves=31
num_cat=0
split_feature=12 38 9 27 32 32 33 32 33 32 33 33 4 33 32 33 33 33 33 33 32 33 32 33 33 33 33 5 36 33
split_gain=106.755 97.7404 118.884 109.959 112.251 327.614 371.754 611.924 339.046 323.973 303.702 343.646 270.912 187.721 174.138 276.967 487.262 209.768 214.342 146.215 142.18 884.451 206.383 980.121 265.17 188.874 320.531 168.742 151.403 148.327
threshold=0.21373918652534488 0.03923397324979306 -0.051401529461145394 0.12005586549639703 0.01019556447863579 0.01294582197442651 0.034461081027984626 0.016984182409942154 0.030892575159668926 0.013396054971963169 0.048644645139575012 0.038678968325257308 -0.087317131459712968 -0.015375064685940741 0.01634942460805178 0.01090001640841365 0.011459405068308117 -0.033029537647962563 -0.028275797143578526 -0.0077770166099071494 0.0096384696662426012 0.029251633211970333 0.0092861321754753607 0.0046030834782868632 -0.0070511570665985337 -0.0090944641269743425 -0.0010090565192513166 0.0036582577740773563 0.66459241509437572 0.070061001926660552
decision_type=2 2 2 2 2 2 2 2 2 2 2 2 2 2 2 2 2 2 2 2 2 2 2 2 2 2 2 2 2 2
left_child=-1 -2 -3 -4 20 12 8 10 9 13 11 -8 -6 -7 15 -11 -17 -16 -19 -15 22 25 29 24 -24 -22 -27 -25 -26 -5
right_child=1 2 3 4 5 6 7 -9 -10 14 -12 -13 -14 19 17 16 -18 18 -20 -21 21 -23 23 27 28 26 -28 -29 -30 -31
leaf_value=-0.003370406048375991 -0.0020814402825029715 0.0015029698590449737 0.0011910620332806481 -0.00041426187047837083 0.010383845752669511 0.012307497506285941 -0.010659431982029973 0.00141372390545294 0.015799392638836045 0.0090331932540447558 -0.006341374166919456 -0.034567651000442283 0.0021425642658239601 -0.025537786601663549 0.0089334787881523142 -0.024787046156720931 0.0030870339318915937 -0.025002142390182894 -0.0010497256612216168 -0.0080368687684163036 -0.037027357056522422 0.022566476798208449 -0.00041012513092156678 -0.026647356805846203 0.031063754611387585 0.017309502094548637 -0.0094434130880284572 -0.0039106102208379904 0.011963650718838734 -0.008557856523626884
leaf_weight=8283.2855135090649 18372.28782033734 51657.996353838593 56944.999341700226 260880.64600351639 4670.5686249993742 275.63160209357738 1254.381756670773 5498.4343380965292 1320.4445440992713 5407.5515983216465 2742.0288862362504 968.84774859622121 15367.475127052516 609.34307116270065 1897.754523832351 644.03864389657974 3743.7530972100794 323.53280800580978 16009.944606088102 1456.4103245660663 184.6463934853673 921.59039635211229 505.27741210535169 560.23880468308926 1078.4144108444452 414.82446178793907 5816.2640318199992 611.46646581217647 622.78217920660973 2008.6546487361193
leaf_count=65088 161905 502004 491042 2234131 46835 3154 11805 79632 9551 47385 23177 7946 140347 2871 19181 4996 32487 2309 153017 13673 3980 9319 8234 4084 5489 2865 38276 4067 3157 26029
internal_value=1.13388e-06 6.16253e-05 0.000150314 -2.7672e-05 -0.000234407 0.000915886 -0.000585633 -0.00548279 0.00103387 0.00038187 -0.0130949 -0.0212936 0.00407192 -0.0102903 0.00128014 0.00450187 -0.00109822 -0.000453881 -0.00155417 -0.0133946 -0.000495915 -0.00460994 -0.000382211 0.00696379 0.0186822 -0.0085717 -0.0076127 -0.0150467 0.0242918 -0.000477131
internal_weight=471054 462770 444398 392740 335795 62190.1 42152.1 10463.7 31688.4 30368 4965.26 2223.23 20038 2341.38 28026.6 9795.34 4387.79 18231.2 16333.5 2065.75 273605 7337.33 266267 3378.18 2206.47 6415.73 6231.09 1171.71 1701.2 262889
internal_count=4158036 4092948 3931043 3429039 2937997 598366 411184 122560 288624 279073 42928 19751 187182 19698 259375 84868 37483 174507 155326 16544 2339631 54440 2285191 25031 16880 45121 41141 8151 8646 2260160
is_linear=0
shrinkage=0.03


Tree=148
num_leaves=31
num_cat=0
split_feature=43 25 25 34 34 34 32 11 32 32 34 34 34 34 34 34 34 32 32 34 34 32 34 34 34 34 32 34 34 34
split_gain=105.696 191.827 127.458 121.404 133.65 120.651 105.148 121.074 95.4639 170.513 167.543 221.448 350.537 313.28 150.063 330.034 231.913 108.989 476.999 355.045 299.845 306.632 252.71 196.54 229.417 140.161 179.463 169.665 138.99 114.536
threshold=0.33747349679470068 1.0000000180025095e-35 0.020566266961395744 0.024294849485158924 -0.054370544850826256 0.02578616235405207 0.010609809774905445 1.0949083566665652 -0.020543091930449005 -0.02856467571109533 0.0018450330244377258 -0.02406326029449701 -0.029658703133463856 -0.058575619012117379 -0.067316208034753786 -0.063797727227210985 -0.10099320486187933 -0.015421228017657993 -0.014553854241967199 -0.029658703133463856 -0.079633854329586015 -0.019158121198415753 -0.027107475325465199 0.046266596764326103 0.0292382100597024 -0.055723477154970162 -0.019158121198415753 -0.040453832596540444 -0.074805337935686098 -0.029658703133463856
decision_type=2 2 2 2 2 2 2 2 2 2 2 2 2 2 2 2 2 2 2 2 2 2 2 2 2 2 2 2 2 2
left_child=1 -1 3 4 -2 -5 -3 -8 9 10 11 12 13 -4 16 -16 -11 19 29 20 21 -10 -21 24 -24 26 28 -27 -22 -19
right_child=2 6 8 5 -6 -7 7 -9 17 14 -12 -13 -14 -15 15 -17 -18 18 -20 22 25 -23 23 -25 -26 27 -28 -29 -30 -31
leaf_value=-0.017116284759356289 0.0032399106354807838 0.0003599030271987198 -0.00094280728355787004 0.010233212248792525 -0.0030282215147017628 -0.00021583550059425561 0.0045409226758804854 0.00045427282580684834 -0.031959912269873943 0.011571915899230331 -0.0069254288057262886 0.019320181070703307 -0.024134020721059954 0.02064839261902366 0.020762610810705431 -0.0050447414746797852 -0.020077053243711892 -0.0045087663700920785 0.00011608329618207234 0.021935037769379644 -0.015530595859911789 0.015370589949286384 0.0043167149834304475 0.021140682344536463 -0.031829142333701176 0.0041729970639631086 -0.021580122384042905 -0.013028283640682273 0.010904622921294054 -0.020232415536610367
leaf_weight=525.52321574278176 3323.6421159971505 131825.37929660082 2185.3417259845883 1025.8387720659375 36716.656161947176 20259.32182757929 12693.698036182672 13413.257371030748 120.13793979212642 242.45471338927746 1491.7307633161545 745.10299841314554 403.16606032848358 815.40588260442019 458.08323162794113 6696.215011427179 1092.8453691415489 643.96962364390492 223597.46520520933 928.2580405883491 318.03543727099895 1063.5543207004666 4830.8584576509893 595.75781064853072 143.51757471635938 1417.592095348984 986.47624540701509 785.75846669822931 360.79380491748452 1240.2849952317774
leaf_count=6397 39414 1142134 26882 9146 289678 168506 121962 133212 2938 5995 19035 7443 3804 10285 2253 71388 9328 7789 1966678 7150 2033 8300 39779 8386 2741 11657 10342 6616 4745 11693
internal_value=1.22059e-05 0.000643298 -0.000307832 -0.00153375 -0.00250656 0.00029689 0.000704553 0.00244323 -8.40657e-06 -0.00240209 0.00163767 0.00473488 0.00144801 0.00502213 -0.00508377 -0.00333905 -0.0142445 0.00013448 -1.12373e-05 0.00297413 -0.00298478 0.0101156 0.00760199 0.00514347 0.00315057 -0.00702452 -0.013539 -0.00202333 -0.00157045 -0.0149624
internal_weight=470946 158458 312488 61325.5 40040.3 21285.2 157932 26107 251163 14130.3 5640.75 4149.02 3403.91 3000.75 8489.6 7154.3 1335.3 237032 225482 11550.7 5052.35 1183.69 6498.39 5570.13 4974.38 3868.66 1665.31 2203.35 678.829 1884.25
internal_count=4157709 1403705 2754004 506744 329092 177652 1397308 255174 2247260 156413 67449 48414 40971 37167 88964 73641 15323 2090847 1986160 104687 46631 11238 58056 50906 42520 35393 17120 18273 6778 19482
is_linear=0
shrinkage=0.03


Tree=149
num_leaves=31
num_cat=0
split_feature=13 35 33 35 35 35 35 33 33 33 35 33 35 33 35 33 33 33 35 35 33 35 35 3 35 16 10 35 33 35
split_gain=103.21 133.638 252.392 207.037 184.873 333.479 196.652 165.034 268.193 682.534 936.372 564.161 304.191 296.436 248.115 506.438 446.728 323.093 308.928 398.11 259.751 239.131 226.825 214.882 202.251 200.709 177.466 175.424 450.677 324.993
threshold=0.76965922117233287 0.21833010017871859 -0.064229741692543016 0.22466856986284259 0.27460195124149328 0.23795892298221591 0.77454978227615368 -0.048507720232009881 -0.031214697286486622 -0.024687093682587143 0.42291125655174261 -0.023167964071035382 0.68453484773635875 -0.026954179629683491 0.35567307472229009 -0.038446523249149316 -0.040747443214058869 -0.038446523249149316 0.42836917936801916 0.88213157653808605 -0.045113515108823769 0.56957185268402111 0.4827085435390473 -0.012058320455253123 0.89911252260208141 -0.011202218942344187 0.057931780815124519 0.39780005812644964 -0.022055992856621739 0.42291125655174261
decision_type=2 2 2 2 2 2 2 2 2 2 2 2 2 2 2 2 2 2 2 2 2 2 2 2 2 2 2 2 2 2
left_child=1 -1 4 -4 5 -3 -6 -5 14 10 -10 24 -12 23 16 20 -9 -18 -17 25 22 -22 -16 -14 -11 -20 -19 -13 -29 -30
right_child=-2 2 3 7 6 -7 -8 8 9 11 12 27 13 -15 15 18 17 26 19 -21 21 -23 -24 -25 -26 -27 -28 28 29 -31
leaf_value=0.0012567411603541185 0.00069153742254558608 -0.012746215514169714 -0.0096168012095190509 0.0057868066958666831 -0.025475993426106541 0.030889016535929067 0.00046556189394458472 -0.021706528572813386 0.023484613303589509 -0.023346293162887329 -0.0049178884686357349 -0.0016009878640245443 0.014955518325746113 0.029062965847020849 -0.023334261701131686 0.012368142957474883 0.024558013199773458 -0.012699677457340913 -0.023173091264471167 0.010581680046396126 0.025326921745681196 0.0047942080405906952 0.0085849490481894938 -0.012768700639183077 0.0061107025748313431 -0.0081761971876321386 0.013859362707465335 0.019914070119560669 0.0040917855650961302 -0.00040580746958021629
leaf_weight=44336.270886942744 142760.52670123242 470.06394417211413 2175.0995183065534 3847.7298136539757 888.70074134133756 212.41091464087367 369.11686833202839 1843.0297802984715 2527.571541801095 1275.428883317858 2949.1791462562978 77281.027758816257 498.15445267781615 534.67539731413126 368.76274801790714 554.23712167143822 348.29475434869528 1052.6826462913305 1556.3502425998449 616.95291176065803 852.8750667553395 1258.5718123428524 397.46399952098727 469.33591181412339 241.64407160878181 1707.3573555387557 269.32217509299517 1008.1163717769086 15852.106223426759 162459.43720414117
leaf_count=409136 1257839 5856 20985 37634 16760 3125 4659 14501 16269 11024 34113 665993 6619 5348 2104 7091 3683 11728 17292 5523 9830 17297 5635 6621 1848 17759 3840 11690 119628 1407098
internal_value=1.82139e-05 -0.000274673 -0.000513916 -0.000439299 -0.0112414 0.00132743 -0.0179751 -0.000367266 -0.000453497 -0.000264301 0.00897971 -0.000514914 0.000675301 0.0115767 -0.00507737 -0.00191753 -0.0116061 -0.000336222 -0.00826278 -0.0112576 0.00785092 0.0132478 -0.00697965 0.0015201 -0.0186358 -0.0154253 -0.00716309 -0.000406336 0.000108642 -5.5521e-06
internal_weight=470982 328222 283886 281945 1940.29 682.475 1257.82 279770 275923 265097 6978.92 258118 4451.34 1502.17 10825.9 7312.57 3513.33 1670.3 4434.9 3880.66 2877.67 2111.45 766.227 967.49 1517.07 3263.71 1322 256601 179320 178312
internal_count=4158528 2900689 2491553 2461153 30400 8981 21419 2440168 2402534 2286251 68970 2217281 52701 18588 116283 82531 33752 19251 47665 40574 34866 27127 7739 13240 12872 35051 15568 2204409 1538416 1526726
is_linear=0
shrinkage=0.03


Tree=150
num_leaves=31
num_cat=0
split_feature=9 34 32 32 32 32 32 34 32 34 1 34 32 32 34 34 34 34 34 32 32 34 32 34 34 34 34 34 32 34
split_gain=91.4748 133.187 404.515 803.537 530.308 484.089 574.595 473.862 491.456 406.724 392.401 374.242 419.176 381.37 351.871 321.945 554.769 314.045 315.484 313.177 349.118 297.984 271.418 398.222 269.612 318.33 268.227 259.988 279.216 243.932
threshold=-0.034072466194629662 0.0074763279408216485 1.0000000180025095e-35 0.002724128658883274 -0.0019038675236515699 0.0015933124814182522 0.00084654730744659912 0.021224041469395164 -0.024857878684997555 0.099228288978338255 0.020921789109706882 0.026874672621488575 -0.0045352263841778031 -0.0020840164506807919 0.085458565503358855 0.014085122849792244 0.016872515901923183 0.085458565503358855 0.099228288978338255 -0.002536405459977686 -0.026351015083491799 0.016872515901923183 0.0030001203995198016 0.074291475117206587 0.16271792352199557 0.13775379955768588 0.021224041469395164 0.0064267243724316367 0.0060937865637242803 0.017901685088872913
decision_type=2 2 2 2 2 2 2 2 2 2 2 2 2 2 2 2 2 2 2 2 2 2 2 2 2 2 2 2 2 2
left_child=-1 27 4 5 7 6 14 8 -3 -7 21 12 -9 -14 15 -4 -17 -13 -19 20 -20 -6 23 -5 25 -22 -18 -2 -29 -10
right_child=1 2 3 22 10 9 -8 11 29 -11 -12 17 13 -15 -16 16 26 18 19 -21 24 -23 -24 -25 -26 -27 -28 28 -30 -31
leaf_value=0.00080070141854294695 -0.00064175262070132995 -0.015374519564458546 0.012084259996921465 0.0032592820822608267 -0.0069798190484007304 -0.010396303106277488 0.0062432679435393875 -0.00050734067051669979 0.0037768275139041779 -0.033166923957981827 0.00060137869906622457 0.0013702972932672639 -0.01946556306268513 0.014963103634852579 0.0010310680965266469 -0.036088674570112188 0.00062194195440449563 -0.016999825481479842 0.022843001005254375 0.019333759901747811 -0.0094048747018748574 0.012514968827991052 5.4443511955039275e-05 0.031535108249976372 -0.029414266494944084 0.031498192295815519 -0.01485108054501396 -0.010965553629638244 0.020211733663335833 0.011681395776584499
leaf_weight=103460.02076083049 169439.23660552502 1001.5914827026427 452.25875070691109 1841.9085489697754 756.69326536357403 4937.4526959564537 3947.2099699899554 3497.4565579518676 12257.496249990538 813.06792204082012 5173.1343635544181 30497.123967159539 2664.379237651825 309.84737031906843 2870.8397414535284 833.59054978191853 1523.3976468890905 1746.5447785705328 308.9033684246242 539.3583691380918 1223.3187995348126 8516.4201453961432 99173.827294312418 574.89031082391739 487.10827479884028 178.82481157034636 2953.1435268130153 3434.0299108661711 261.23884668201208 4925.3190257437527
leaf_count=959451 1430882 12663 6774 19943 6906 47451 37390 34725 105926 8251 51219 263738 16409 4110 19729 5001 8511 15911 7329 5547 19106 71164 882512 3227 7758 2577 30425 27073 2503 42513
internal_value=1.28821e-05 -0.000209157 0.000330616 -0.000746064 0.00207321 -0.00652353 -0.00321763 0.000822987 0.00485771 -0.0137196 0.00722612 -0.000948442 -0.00756383 -0.0158029 -0.00754769 -0.0118104 -0.0138832 0.000279058 -0.00711584 -0.000732259 -0.00578576 0.0109126 0.000297497 0.0101889 -0.010657 -0.00381863 -0.00960616 -0.000813966 -0.00866452 0.00605356
internal_weight=470600 367140 194005 119922 74083.5 18331 12580.4 59637.3 18184.4 5750.52 14446.2 41452.9 6471.68 2974.23 8633.23 5762.39 5310.13 34981.2 4484.06 2737.51 2198.16 9273.11 101591 2416.8 1889.25 1402.14 4476.54 173135 3695.27 17182.8
internal_count=4156724 3197273 1736815 1069214 667601 163532 107830 538312 161102 55702 129289 377210 55244 20519 70440 50711 43937 321966 58228 42317 36770 78070 905682 23170 29441 21683 38936 1460458 29576 148439
is_linear=0
shrinkage=0.03


Tree=151
num_leaves=31
num_cat=0
split_feature=26 32 35 32 15 35 35 32 32 32 7 32 32 35 35 35 32 35 32 35 35 35 32 32 35 32 32 32 32 32
split_gain=112.906 128.085 505.446 294.059 215.139 205.85 207.401 243.934 291.676 242.967 224.146 189.899 178.228 608.308 511.81 481.454 485.248 348.848 240.103 222.374 179.377 409.71 406.335 246.202 224.985 217.934 257.943 177.364 160.426 227.142
threshold=-0.00081026338739320625 0.0090181124396622198 0.64565208554267894 0.01019556447863579 59.922554016113288 0.68453484773635875 0.79561480879783641 0.0096384696662426012 0.011387885082513096 0.021241558715701107 -0.0088373906910419447 0.016984182409942154 -0.0053038655314594499 0.28582967817783361 0.35006958246231085 0.30004669725894934 -0.0041014768648892632 0.29060079157352453 -0.0058303989935666314 0.31297223269939428 0.35567307472229009 0.34502233564853674 -0.0045352263841778031 -0.0051399664953351012 0.32231983542442327 -0.00064987753285095085 -0.0045352263841778031 0.01019556447863579 -0.0048309725243598214 -0.0031672157347202297
decision_type=2 2 2 2 2 2 2 2 2 2 2 2 2 2 2 2 2 2 2 2 2 2 2 2 2 2 2 2 2 2
left_child=-1 12 3 -3 5 27 7 -7 -9 10 -8 -10 14 -14 -2 16 17 -15 -16 -17 21 22 24 -22 -21 26 -23 -4 -25 -30
right_child=1 2 4 -5 -6 6 9 8 11 -11 -12 -13 13 15 18 19 -18 -19 -20 20 23 25 -24 28 -26 -27 -28 -29 29 -31
leaf_value=0.00052080514565650471 0.0001437570957559691 0.020335918638384961 -0.012838298689140309 0.0017874382600712206 -0.0027084451840543471 0.014009712507240191 -0.0080601050631301224 -0.0040336438547153618 0.0037064905036708587 0.0033719203296059706 0.00093834315807167599 0.014835631500539672 0.027635291211796587 0.0075890844848190159 0.0076703340164794758 0.008008134422798921 0.012569072605432465 -0.024949781672015982 0.0335237921861231 -0.034677900470180739 0.0210492918893691 0.00082605937603379143 0.0032460458946192636 -0.021036217722213191 -0.0078594584907839844 0.019103607388276156 -0.019991993620054837 0.00074905031197671792 0.003792268975345296 -0.0014522957286432438
leaf_weight=204304.65657552332 61681.757790038362 1795.773389171809 1631.8611962944269 1341.9006056301296 16955.42770751752 1938.3890497237444 5006.3841893039644 4249.6496078688651 13413.722512442619 8179.3267272114754 4932.4363840557635 1522.5737389847636 627.52113750576973 341.8439150005579 773.40929750353098 2270.6390506774187 492.86456027626991 1880.2741286493838 556.05519087985158 313.25905162096024 430.37166066840291 678.60269831120968 5376.3263001590967 344.93950334191322 1966.3724276684225 155.50814878940582 2495.660455044359 1809.9906159117818 7925.5584452114999 115247.63551245071
leaf_count=1823613 546277 14171 12670 13066 164638 18280 56200 35981 106309 95910 50091 11952 6498 2217 9651 21672 3418 11372 6758 1644 2681 3303 49292 1971 12309 1870 21805 17516 57965 975932
internal_value=-9.69738e-06 -0.000416651 0.00076785 0.0124648 0.000148497 0.00128409 0.00190188 0.00392026 0.00288738 -0.000453113 -0.00360144 0.00485929 -0.00078199 -0.00137631 0.000543657 -0.00151035 -0.0139742 -0.0199211 0.0188203 -0.00126172 -0.00141887 -0.00508962 -0.00125741 -0.00109276 -0.0118143 -0.0138407 -0.0155641 -0.00572998 -0.00117331 -0.00111427
internal_weight=470641 266336 62777.4 3137.67 59639.8 42684.3 39242.5 21124.3 19185.9 18118.1 9938.82 14936.3 203559 140547 63011.2 139920 2714.98 2222.12 1329.46 137205 134934 10985.7 7655.96 123949 2279.63 3329.77 3174.26 3441.85 123518 123173
internal_count=4157032 2333419 596784 27237 569547 404909 374723 172522 154242 202201 106291 118261 1736635 1173949 562686 1167451 17007 13589 16409 1150444 1128772 90223 63245 1038549 13953 26978 25108 30186 1035868 1033897
is_linear=0
shrinkage=0.03


Tree=152
num_leaves=31
num_cat=0
split_feature=33 33 32 35 35 35 32 33 32 32 35 35 32 33 33 32 32 32 32 15 35 35 32 32 32 32 35 32 33 32
split_gain=89.7169 517.136 382.161 317.399 545.784 254.288 236.326 234.571 244.006 232.333 527.103 335.35 312.321 228.836 222.968 222.545 207.724 233.694 482.593 324.904 174.423 493.167 570.427 418.92 805.504 469.638 1090.37 444.424 464.949 590.818
threshold=0.049807082861661918 0.048644645139575012 0.01019556447863579 0.36528639495372778 0.35567307472229009 0.89911252260208141 0.021241558715701107 0.046790573745965965 -0.0010327456984668968 0.0038986979052424435 0.5801072120666505 0.5424766242504121 0.01634942460805178 0.052763333544135101 0.086538262665271773 0.0062833137344568976 0.027440025471150879 0.020049545913934711 0.025316447950899604 58.735448837280281 0.57411360740661632 0.55101406574249279 0.0084255104884505289 0.0030001203995198016 0.0033974709222093229 0.0047825209330767402 0.5801072120666505 0.005423812661319972 -0.064229741692543016 0.01497457502409816
decision_type=2 2 2 2 2 2 2 2 2 2 2 2 2 2 2 2 2 2 2 2 2 2 2 2 2 2 2 2 2 2
left_child=1 7 -3 4 14 6 -4 20 -9 -5 11 15 13 -12 -2 -11 17 19 -19 -14 21 -1 -23 -22 -25 26 -26 -27 29 -29
right_child=3 2 5 9 -6 -7 -8 8 -10 10 12 -13 16 -15 -16 -17 -18 18 -20 -21 23 22 -24 24 25 27 -28 28 -30 -31
leaf_value=-0.00014429097384790544 -0.0023487111988995685 0.022265164593462634 0.0011879976674078151 -0.01229851966187231 0.038346012409098788 0.017968259422165466 -0.030592092149370573 0.03002051164425109 -0.011286985896071975 -0.0087027211892672408 -0.022270476927234436 0.02898690957808692 0.0070605458296342776 -0.0064470071616835756 0.031032130582579694 0.032902649223870713 -0.0091967656297472396 0.039219710008978372 -0.00061619677811458509 -0.013398580018199803 0.022481203085251283 -0.0072173932566783399 0.025322268712651266 -0.02313913884038684 -0.006259599074163646 -0.0095981546006646632 0.016366682269378912 -0.036227278872417723 0.0010175775540860726 1.9862288076504959e-05
leaf_weight=288258.44405811466 1710.9799669198692 1585.659734915942 1121.187111902982 2396.6052693091333 417.02912788838148 633.30245819315314 238.91498459875584 117.0191855840385 2399.1717338338494 547.84465385042131 997.69846298545599 723.83727911487222 1929.3349298760295 4468.3364184871316 181.03141884505749 125.31977279484272 1399.6942149214447 444.0470677241683 665.76988467946649 1068.7899298407137 781.85068179480731 12990.782415641472 484.36437277495861 1240.6856614351273 3045.2163870260119 3773.9551102910191 5114.0513124130666 668.15135672315955 130333.59701808356 982.54478218778968
leaf_count=2502385 21614 11787 10887 27028 7488 5819 2738 2508 27296 12092 13060 12367 19385 41807 2636 2462 20446 7536 10037 13593 8042 117187 3239 6744 19164 28890 38669 10248 1138358 13064
internal_value=-3.62606e-05 4.41167e-05 0.0113707 -0.00216968 0.00812832 0.00256962 -0.00475691 -4.64323e-05 -0.00914433 -0.00378871 -0.00212289 0.0151031 -0.00433933 -0.00940588 0.00113643 -0.000231385 0.000704778 0.00410673 0.0157346 -0.000273306 5.10947e-06 -0.000406717 -0.00601196 0.000856507 0.000736951 0.000945968 0.0079274 0.000525268 0.000816147 -0.0149099
internal_weight=470845 453769 3579.06 17076.3 2309.04 1993.4 1360.1 450190 2516.19 14767.3 12370.7 1397 10973.7 5466.03 1892.01 673.164 5507.64 4107.94 1109.82 2998.12 447674 301734 13475.1 145940 145158 143918 8159.27 135758 131984 1650.7
internal_count=4158576 3947025 31231 211551 31738 19444 13625 3915794 29804 179813 152785 26921 125864 54867 24250 14554 70997 50551 17573 32978 3885990 2622811 120426 1263179 1255137 1248393 57833 1190560 1161670 23312
is_linear=0
shrinkage=0.03


Tree=153
num_leaves=31
num_cat=0
split_feature=38 17 34 34 34 35 32 6 19 34 35 32 35 34 35 32 34 35 34 32 34 32 35 34 35 32 34 34 32 35
split_gain=94.6422 152.843 179.19 544.221 542.726 287.545 540.005 266.854 228.49 211.599 344.071 519.513 672.494 301.407 210.092 207.365 278.11 224.511 433.452 385.061 458.527 455.979 330.049 366.05 315.846 276.226 230.363 303.78 230.746 198.823
threshold=0.062319109216332443 -0.022269910201430317 -0.019969875924289223 -0.02406326029449701 -0.016650037840008732 0.35567307472229009 -0.0012608965043909846 -0.019205029122531411 50.780124664306648 -0.011635823640972374 0.32971000671386724 0.0023661317536607389 0.55101406574249279 -0.012866792734712361 0.60535466670990001 -0.024857878684997555 0.0018450330244377258 0.42836917936801916 -0.010479332413524388 -0.0093895830214023573 0.008650485426187517 -0.019158121198415753 0.45529520511627203 0.061331020668149001 0.20850654691457751 0.001789768517483026 0.0049310585018247375 0.015178224537521602 0.00084654730744659912 0.14826499670743945
decision_type=2 2 2 2 2 2 2 2 2 2 2 2 2 2 2 2 2 2 2 2 2 2 2 2 2 2 2 2 2 2
left_child=-1 -2 3 -3 5 6 -4 9 14 10 -6 -12 -13 -14 -5 16 -11 18 -17 20 21 -20 23 -19 -21 26 28 -28 -24 -22
right_child=1 2 4 8 7 -7 -8 -9 -10 15 11 12 13 -15 -16 17 -18 22 19 24 29 -23 25 -25 -26 -27 27 -29 -30 -31
leaf_value=-0.0016934613575886649 0.0013541272201600652 -0.00056501464466824714 0.0057584889016163866 -0.014168468298881883 0.0078108316915721622 0.011691593122840838 -0.027789097460323618 -0.00053859294041472174 -0.0018548138600773566 0.018079243201339853 -0.030616489436365506 0.029429594895351265 0.00021813882218641717 -0.032645027516178524 0.002251537457448413 0.033550336816054786 -0.010786089268538379 -0.019392228283043652 0.021151857839470285 0.033199278990370333 -0.010524228823554032 -0.013808149597017068 -0.002939019260983498 0.0047789357790824806 0.0057135222327486627 0.00039678608892556211 -0.025124293648828896 0.0088165058261225268 0.029648016372961418 0.0064811086617745078
leaf_weight=29301.475090639666 69833.597804343328 84633.031528573483 2650.4757038615644 4976.7587193623185 1143.9497218281031 5529.0910004451871 495.13862152397633 209016.05911001749 3181.7855473197997 334.09898304566741 842.71812530606985 430.16534232348204 555.28953541815281 438.23069655150175 809.92995234578848 431.7952475734055 2006.2930269837379 1447.8698083944619 359.72650508582592 364.98502227291465 697.49039040878415 3006.0246319882572 255.94427955150604 904.84133616089821 18910.812151402235 21021.632874913514 258.10135166347027 1611.2919247336686 764.92054187878966 4542.3734357729554
leaf_count=258601 687093 778438 18370 40598 11248 52538 2806 1769018 28891 5526 7608 2988 5551 3250 6338 2525 25580 12474 2685 2107 6193 24528 2174 8264 147156 179359 1917 13285 7141 44749
internal_value=-4.29948e-05 6.66264e-05 -0.000175376 -0.00131056 0.000206877 0.00758397 0.000335691 -3.12604e-05 -0.00832917 0.00172605 -0.00551175 -0.0122457 -0.00109808 -0.0146356 -0.0118704 0.0021615 -0.00654719 0.00253721 0.00438944 0.00391411 -0.00136033 -0.0099688 0.000538682 -0.0101342 0.00626783 0.00159639 0.0102587 0.00391406 0.0215785 0.00418608
internal_weight=470756 441454 371621 93601.5 278019 8674.71 3145.61 269345 8968.47 60328.6 3410.35 2266.4 1423.69 993.52 5786.69 56918.2 2340.39 54577.8 28313.2 27881.4 8605.61 3365.75 26264.6 2352.71 19275.8 23911.9 2890.26 1869.39 1020.86 5239.86
internal_count=4158999 3900398 3213305 854265 2359040 73714 21176 2285326 75827 516308 30645 19397 11789 8801 46936 485663 31106 454557 229943 227418 78155 27213 224614 20738 149263 203876 24517 15202 9315 50942
is_linear=0
shrinkage=0.03


Tree=154
num_leaves=31
num_cat=0
split_feature=34 34 32 34 32 32 32 32 15 32 15 13 32 34 34 32 34 34 34 34 34 32 34 32 34 34 32 32 32 34
split_gain=105.642 384.079 192.297 165.973 281.138 202.613 128.782 382.586 132.02 126.488 219.341 111.138 164.224 322.153 249.686 189.833 150.462 148.107 286.842 133.597 130.689 306.882 445.044 321.663 194.551 192.936 473.149 433.768 177.708 795.016
threshold=0.13775379955768588 0.12774557620286944 0.023361636325716976 0.19208952039480212 -0.0063924952410161487 -0.026351015083491799 -0.00018521653692005199 0.0015933124814182522 49.010095596313484 0.021241558715701107 66.672042846679702 0.6905716359615327 0.023361636325716976 -0.011635823640972374 0.0028099322225898509 0.027440025471150879 -0.058575619012117379 0.10238429158926012 0.093382552266120925 0.09017695859074594 0.065712161362171187 0.0045168031938374051 0.085458565503358855 0.0047825209330767402 0.081276949495077147 0.085458565503358855 0.013396054971963169 0.01634942460805178 0.01634942460805178 -0.034658784046769135
decision_type=2 2 2 2 2 2 2 2 2 2 2 2 2 2 2 2 2 2 2 2 2 2 2 2 2 2 2 2 2 2
left_child=1 11 3 4 5 -2 -3 -8 -9 10 -5 12 20 15 -15 16 -14 18 19 -16 28 22 -22 24 -23 -25 -27 -28 -1 -30
right_child=2 6 -4 9 -6 -7 7 8 -10 -11 -12 -13 13 14 17 -17 -18 -19 -20 -21 21 23 -24 25 -26 26 27 -29 29 -31
leaf_value=-0.00051551045301174092 0.012315327896045407 -0.030489592049897634 -0.0079198786989391739 0.0083633356373505434 0.012559704391857902 -0.035242933103671638 0.041256417240552033 0.0067671229538655495 -0.014750807967817558 0.022454334946658765 -0.021260927023862435 0.00061155124334565439 -0.027715353626801584 0.036732148524229617 0.0098616670073043162 0.0033262289007461011 -0.0039006499391128612 -0.009950200388816664 0.045552973131642083 -0.02007990121692018 0.0022776483246672893 0.034852256018630956 -0.0075280713211527085 0.00040646033743714239 -0.0058772540715465171 0.011452327624975769 -0.027956276496455466 0.0045986322556617375 0.0084758810853769132 -0.009636935325809684
leaf_weight=236614.20005442575 119.85564501211047 270.95499992370605 956.98990747705102 393.02958372980356 3150.2612985447049 184.15994466468692 109.41327065974474 284.00544367358088 1914.0819262266159 122.17417355999351 480.9696130566299 176450.66059014574 360.97986987233162 301.91278022527695 1933.2959827780724 1834.5835905261338 661.22320847958326 324.32042161747813 181.23989529535174 125.5821229070425 11115.115807287395 451.62114572152495 6636.5914730168879 8262.5859985463321 129.25326246023178 5322.6161166727543 558.3145541138947 1002.0821242704988 3034.4788058549166 7621.0915470458567
leaf_count=2057674 2461 4864 15247 8153 46648 2627 2448 2395 19547 2463 9245 1522250 4210 4666 22666 19908 7174 4893 3804 1574 94266 3673 64042 69552 1692 48587 5354 9041 28458 70970
internal_value=3.26487e-06 -4.52509e-05 0.00416453 0.00678687 0.00988543 -0.0168906 -0.0115469 -0.00907965 -0.0119346 -0.00394061 -0.00805009 1.93087e-05 -0.000345498 0.00467647 0.0117467 -0.00244976 -0.012681 0.00854363 0.0112855 0.00785976 -0.000448198 0.00131037 -0.00139263 0.00435935 0.0258954 0.00350033 0.00720237 -0.00725599 -0.00068638 -0.00447258
internal_weight=470908 465500 5407.44 4450.45 3454.28 304.016 2578.46 2307.5 2198.09 996.173 873.999 462922 286471 5723.14 2866.35 2856.79 1022.2 2564.44 2240.12 2058.88 280748 33478.2 17751.7 15726.5 580.874 15145.6 6883.01 1560.4 247270 10655.6
internal_count=4160552 4073708 86844 71597 51736 5088 29254 24390 21942 19861 17398 4044454 2522204 68895 37603 31292 11384 32937 28044 24240 2453309 296207 158308 137899 5365 132534 62982 14395 2157102 99428
is_linear=0
shrinkage=0.03


Tree=155
num_leaves=31
num_cat=0
split_feature=11 25 41 27 16 33 34 34 33 33 33 33 34 34 34 33 34 33 35 35 7 33 33 35 34 35 34 33 34 33
split_gain=101.088 94.558 164.5 94.0512 247.839 268.333 406.481 315.669 241.793 410.827 216.309 227.811 213.817 320.072 263.923 275.788 235.286 234.563 205.188 200.396 187.679 211.236 384.012 636.513 526.252 397.541 391.377 379.941 414.28 294.884
threshold=0.14048954099416736 1.0000000180025095e-35 0.0085984580218791979 0.53339204192161571 0.00096283850143663596 -0.0053850426338613025 0.008650485426187517 0.016872515901923183 -0.011835704091936348 -0.0096507952548563463 -0.026954179629683491 -0.0084456396289169771 -0.0082228151150047762 -0.017826614901423451 -0.011635823640972374 -0.034664670005440705 -0.02160988841205835 -0.024687093682587143 0.58565238118171703 0.53556513786315929 0.010002445895224811 -0.048507720232009881 -0.034664670005440705 0.45529520511627203 0.032053120434284217 0.56957185268402111 -0.079633854329586015 -0.040747443214058869 0.01225033449009061 -0.012578809168189762
decision_type=2 2 2 2 2 2 2 2 2 2 2 2 2 2 2 2 2 2 2 2 2 2 2 2 2 2 2 2 2 2
left_child=-1 2 -2 20 5 6 8 19 12 18 -9 -12 13 16 -15 -16 -5 -17 -10 -8 21 -3 23 24 27 -25 -24 -23 -29 -28
right_child=1 3 -4 4 -6 -7 7 10 9 -11 11 -13 -14 14 15 17 -18 -19 -20 -21 -22 22 26 25 -26 -27 29 28 -30 -31
leaf_value=-0.0027090162875143776 -0.021863349327743233 0.0036714623537864393 0.005461965028062888 -0.0023470597705315894 -0.00156885027100987 0.0016265330316904054 -0.0021026631944554121 -0.016354467621491026 -0.0088227700802275162 -0.002780411680394002 0.0065037606717584561 -0.011203681690650388 0.0050350491843499092 -0.02437545055440728 -0.026984862229046024 0.02514974716311183 0.011783312329291131 -0.0099907328599437954 -0.027156500593091801 0.020087990442405668 0.0016293810001993352 -0.015851964660211219 0.010357414916750384 0.03052812149378446 0.031682042771738111 -0.00039945260774802314 0.0019885699017490347 -0.0021752796841076807 -0.033323580638412231 -0.0010347036593896012
leaf_weight=12067.881045402959 442.85541779920459 12400.497724059969 335.35748114436865 17794.534483598545 89867.452601758763 72389.675629567355 471.84632448479533 554.66984890028834 1091.7049793228507 4683.3600829988718 3513.7701293081045 783.36425209790468 3771.8020515739918 1041.753609713167 265.15773539990187 332.91481799632311 1107.9440915845335 315.6380598321557 1146.888357359916 1563.4746890030801 84217.978619022295 4387.827798422426 3212.7756412234157 625.92345288768411 273.00309821590781 887.4847307279706 40151.201755594462 5719.985372941941 392.30413677543402 104732.11617346667
leaf_count=98092 5105 144956 4388 184324 791997 649034 5300 6600 10238 34772 32135 7967 32753 9794 2297 4240 9141 2303 10086 10761 741586 43270 54935 7004 4914 10448 333128 47853 4759 854065
internal_value=-1.03895e-06 7.03549e-05 -0.0102462 8.83428e-05 -0.00039828 0.000551011 -0.00147425 0.00511912 -0.00291579 -0.0078615 0.000940871 0.00323876 -0.00152059 -0.00270975 -0.0142008 -0.00232673 -0.00150725 0.0082603 -0.0183729 0.0149732 0.000468355 -9.7675e-05 -0.000389519 -0.00548156 -0.00804358 0.0126231 3.36158e-05 -0.00913471 -0.00427663 -0.000196712
internal_weight=470543 458475 778.213 457697 200696 110828 38438.8 6887.13 31551.7 6921.95 4851.8 4297.13 24629.7 20857.9 1955.46 913.711 18902.5 648.553 2238.59 2035.32 257001 172783 160383 12286.5 10773.1 1513.41 148096 10500.1 6112.29 144883
internal_count=4158245 4060153 9493 4050660 1803742 1011745 362711 62763 299948 55096 46702 40102 244852 212099 18634 8840 193465 6543 20324 16061 2246918 1505332 1360376 118248 100796 17452 1242128 95882 52612 1187193
is_linear=0
shrinkage=0.03


Tree=156
num_leaves=31
num_cat=0
split_feature=34 34 35 35 32 35 34 32 32 32 34 35 35 34 32 35 35 32 35 32 35 32 35 32 32 35 34 32 35 35
split_gain=92.9711 318.792 296.786 386.622 159.043 357.386 302.724 223.277 203.505 192.285 146.256 235.861 444.731 191.728 185.892 928.776 513.283 384.759 238.095 241.029 479.224 506.342 503.747 542.304 678.248 469.92 528.25 424.817 310.101 619.426
threshold=0.13775379955768588 0.11634959653019906 0.35567307472229009 0.39379353821277624 0.023361636325716976 0.79561480879783641 0.19208952039480212 -0.019158121198415753 -0.0063924952410161487 -0.026351015083491799 0.065712161362171187 0.12695615738630298 0.20850654691457751 0.11112556979060174 -0.0048309725243598214 0.34502233564853674 0.36528639495372778 -0.00043507090595085168 0.36820137500762945 -0.00081005314132198681 0.50608089566230785 0.0037086271913722162 0.55849176645278942 0.0070627711247652778 0.0086359218694269674 0.6335464119911195 0.10238429158926012 0.011387885082513096 0.62598079442977916 0.58565238118171703
decision_type=2 2 2 2 2 2 2 2 2 2 2 2 2 2 2 2 2 2 2 2 2 2 2 2 2 2 2 2 2 2
left_child=1 10 -3 -4 5 6 8 -8 9 -2 -1 13 -13 -12 -14 -16 17 -17 -18 -20 -21 -22 -23 28 -25 -26 27 -27 29 -24
right_child=4 2 3 -5 -6 -7 7 -9 -10 -11 11 12 14 -15 15 16 18 -19 19 20 21 22 23 24 25 26 -28 -29 -30 -31
leaf_value=-0.00016344785421015532 0.01242431056780989 -0.032010237609529722 0.03082111001844174 -0.0070833365047151013 -0.0071020846298198359 0.022307024529400893 0.025163972594151915 -0.020982123384150501 0.0093714864797380063 -0.034134207348317222 -0.014818305164187764 0.012859258848945138 -0.0043695275514030922 0.025527276813882657 0.024970909589084218 -0.024049408469606168 0.031843663948360919 0.010098110127323647 0.0094713689634726948 -0.0053531626018110887 0.02966908517510233 0.012321896274720086 -0.0125497262351637 0.012352897116811222 0.021239213109108469 -0.010151266277850429 -0.020607777779559935 0.0035139181169760582 -0.019292097018446318 0.014105984290519845
leaf_weight=408484.35163549706 118.44349326938391 383.38361869193614 235.09860385209322 4917.5885710865259 954.21186670660973 958.52836685627699 92.272622089833021 660.7537112608552 2407.9667826332152 181.69712443649769 1144.0260091871023 3084.9771001450717 4922.5904985573143 98.48970989882946 1478.9395162537694 1193.0315949469805 213.00733430683613 380.66037276387215 3060.4544694758952 8769.4487758502364 593.3972572684288 3692.3252061977983 2214.5967817977071 4876.1788052991033 792.76909773051739 2770.9113254249096 1251.4667767733335 7666.0177430734038 1565.7520301863551 1189.8470025323331
leaf_count=3561401 2438 7231 4927 49571 15168 17489 2471 12494 33780 2624 11040 24334 47503 2478 14148 9157 2686 3066 21778 77629 3363 32386 24656 36474 8365 23316 11623 72690 9421 11205
internal_value=-1.53253e-05 -6.0749e-05 -0.00720376 -0.00524141 0.00390065 0.00629746 0.00176107 -0.0148228 0.00644731 -0.0161326 2.56306e-05 0.00154075 0.00186523 -0.0112665 0.0011327 0.00178387 0.000919478 -0.0157664 0.00160656 0.00142255 0.000721406 0.00272558 0.0020888 0.000387033 0.00288992 -0.000820946 -0.00235091 -0.000126543 -0.00833033 -0.00320563
internal_weight=470353 464979 5536.07 5152.69 5373.87 4419.66 3461.13 753.026 2708.11 300.141 459443 50958.9 49716.4 1242.52 46631.4 41708.8 40229.9 1573.69 38656.2 38443.2 35382.7 26613.3 26019.9 22327.5 17357.3 12481.2 11688.4 10436.9 4970.2 3404.44
internal_count=4156912 4070448 61729 54498 86464 71296 53807 14965 38842 5062 4008719 447318 433800 13518 409466 361963 347815 12223 335592 332906 311128 233499 230136 197750 152468 115994 107629 96006 45282 35861
is_linear=0
shrinkage=0.03


Tree=157
num_leaves=31
num_cat=0
split_feature=21 23 18 27 30 27 9 5 1 32 25 32 5 26 32 32 32 32 32 32 25 2 32 32 32 32 32 32 32 32
split_gain=95.5146 98.7613 150.367 116.09 125.2 94.6286 142.747 111.928 102.01 82.927 81.1341 81.0725 74.1867 73.9105 71.5223 191.252 128.742 71.2121 72.3832 164.437 85.8072 71.7455 71.169 97.1809 69.5563 137.83 95.8585 108.512 166.766 85.6892
threshold=-1.6676837801933286 1.0000000180025095e-35 -0.0090367887169122679 0.08704672753810884 10.04318428039551 0.76200076937675487 0.019435681402683262 0.022401402704417709 -0.03867687284946441 0.021241558715701107 0.010830853600054981 0.034510171040892608 -0.016063558869063851 -0.00081026338739320625 -0.01810432784259319 -0.0093895830214023573 -0.0099765094928443415 -0.041274044662713998 -0.010832737665623425 -0.0093895830214023573 0.02471999637782574 -0.049994781613349908 0.0023661317536607389 0.001789768517483026 0.001789768517483026 0.0015933124814182522 0.0023661317536607389 0.0031770775094628338 0.0037086271913722162 -0.0072368879336863748
decision_type=2 2 2 2 2 2 2 2 2 2 2 2 2 2 2 2 2 2 2 2 2 2 2 2 2 2 2 2 2 2
left_child=24 2 14 10 9 7 12 8 -6 -5 -3 13 -7 -10 -2 16 -16 -12 -19 21 -21 -20 23 -14 25 29 -26 -28 -29 -1
right_child=1 3 -4 4 5 6 -8 -9 11 -11 17 -13 22 -15 15 -17 -18 18 19 20 -22 -23 -24 -25 26 -27 27 28 -30 -31
leaf_value=0.00055463824443173786 -0.0033115714658497331 -0.0063764015597336191 -0.0037391938737312723 0.00080750885844798161 0.0013918228228878445 -0.0050268526160068602 -0.0030602821531743804 0.0014453441480339706 9.2691712010464216e-05 0.0066340932294246292 0.012509801571657391 -0.020508243528688224 -0.0013311721289000706 -0.0012713136785682819 0.0039156590375638862 -0.0011638212956667081 0.022814888902572272 -0.00040740822779035743 -0.002922883719124492 -0.00085608146801458842 0.003485838851880441 0.015711301957009993 0.00048545159053903702 -0.011234239409145384 -0.01316861168364885 0.022536604270282323 0.012169709370009175 -0.017909287265743697 0.00016961967403346574 0.0040515095966015026
leaf_weight=14809.715614613146 5157.9237192329019 1041.0083902403712 16616.445546941832 67644.697671448812 24575.268036387861 2943.0601022168994 27064.938663989305 36036.265849774703 63776.190402397886 2252.8682674504817 557.25063983350992 165.69803714007139 12316.038652129471 81342.19433581084 6200.1141983885318 16047.378817638382 323.7497746348381 8814.4712022133172 214.07977790012956 5982.9171115383506 12925.064405525103 1157.615528780967 39784.525960363448 942.32821361348033 500.85746684670448 279.08988082408905 601.72189637087286 464.6038521528244 8754.1465710978955 10974.428967695683
leaf_count=134811 55800 9800 143027 632653 227217 29382 248991 328071 548618 28940 7571 1578 105130 682216 50734 132610 2067 84227 1895 50600 112218 8171 344439 7845 4247 2082 5847 3949 75190 87519
internal_value=-1.94103e-05 -0.000143246 -0.00148437 9.49921e-06 -0.000142002 -0.000417618 -0.00127231 -7.27767e-05 -0.000394984 0.000997149 0.00177973 -0.000697378 -0.000407173 -0.000671935 -0.000131469 0.000597528 0.0049204 0.00207018 0.00186177 0.00284749 0.0021125 0.0128029 -0.000149054 -0.00205089 0.00145658 0.00228153 -0.000626944 3.81621e-05 -0.000778313 0.00204499
internal_weight=470267 433882 44345.6 389536 358844 288947 83050.9 205896 169859 69897.6 30692.4 145284 55986 145118 27729.2 22571.2 6523.86 29651.4 29094.1 20279.7 18908 1371.7 53042.9 13258.4 36384.6 26063.2 10321.3 9820.47 9218.75 25784.1
internal_count=4157445 3843800 384238 3459562 3185080 2523487 735787 1787700 1459629 661593 274482 1232412 486796 1230834 241211 185411 52801 264682 257111 172884 162818 10066 457414 112975 313645 224412 89233 84986 79139 222330
is_linear=0
shrinkage=0.03


Tree=158
num_leaves=31
num_cat=0
split_feature=25 16 0 30 34 34 32 32 32 32 32 32 32 34 32 34 32 32 2 32 32 34 34 32 32 34 32 32 32 32
split_gain=96.5315 124.757 94.9972 94.1712 106.329 193.903 219.016 207.51 243.602 226.816 253.96 167.804 181.127 150.029 566.383 186.498 226.739 293.866 175.446 159.668 281.704 142.244 320.958 942.332 445.942 421.319 223.266 434.865 348.216 259.891
threshold=0.012165861669927837 -0.077212363481521593 -0.087429210543632493 13.286362171173097 0.065712161362171187 0.067046999931335463 0.0049684937112033376 -0.013702181633561848 -0.011964013334363697 -0.026351015083491799 -0.034430555999279015 0.0075137966778129348 0.0086359218694269674 0.058602003380656249 -0.0048309725243598214 0.057090418413281448 -0.0072368879336863748 0.0038986979052424435 0.015122252050787212 -0.017131999135017392 -0.006126526976004242 0.043923599645495422 0.047592170536518104 -0.011964013334363697 0.0045168031938374051 0.051015950739383704 0.0038986979052424435 -0.0072368879336863748 -0.006126526976004242 0.0056411146651953467
decision_type=2 2 2 2 2 2 2 2 2 2 2 2 2 2 2 2 2 2 2 2 2 2 2 2 2 2 2 2 2 2
left_child=1 -1 -3 4 13 6 -6 9 -9 10 -7 -8 -13 15 19 21 -17 18 -18 -15 -21 -2 23 -23 -24 -26 27 -25 -29 -28
right_child=3 2 -4 -5 5 7 11 8 -10 -11 -12 12 -14 14 -16 16 17 -19 -20 20 -22 22 24 26 25 -27 29 28 -30 -31
leaf_value=-0.023646866112527195 0.00022937712089487404 0.018442405042560291 -0.0019897816136961134 -0.0011598202711195164 0.017909391483396923 -0.0079180514330687516 -0.013755750440367124 0.020235120414375831 0.0012286830499316616 -0.013960288030468703 0.024820888015171478 0.032655602942413348 0.0026068801790540305 0.038515225864421604 -0.0084432652185987191 -0.013473601727967521 0.021817106784245293 -0.010495603342575835 0.0055853119329602949 -0.0058767014429736402 0.019846981964760885 0.03125297377496887 -0.0058201465376979374 -0.025438654626558307 0.016969084187143321 0.0010540921620834406 -0.039105243698069676 0.028323201252343784 -0.004223541843459285 -0.013328183458125855
leaf_weight=217.78919300436974 316555.84391075 187.09390051662922 19764.846823319793 49016.924290567636 1318.1725890040398 526.50645599141717 442.59271505475044 595.23250632360578 45500.101197149605 1616.278111346066 330.92100011184812 191.64001946151257 1259.4149677976966 155.01342855393887 5945.2728151530027 402.57343655079603 1301.650962986052 502.36422184109688 1129.8388263359666 699.09988255053759 808.93092498555779 494.36414165794849 6494.4277694113553 775.2518064007163 1898.682547274977 6826.6517392620444 410.06002704799175 318.04169929027557 2350.6228053867817 2238.0269189216197
leaf_count=2521 2805045 2957 168513 357975 12635 8922 2759 7418 445248 14873 6861 2413 10085 2373 64599 4796 9312 4946 9071 9502 7482 5079 63595 7609 19090 59301 2686 2590 19969 17587
internal_value=-9.83712e-06 -0.00203921 -0.00177991 8.11883e-05 0.000232902 0.00150129 0.00861714 0.00102737 0.00148278 -0.00740264 0.00499518 0.00202922 0.00696542 4.48026e-05 -0.00411622 0.000137688 0.0071745 0.0100798 0.0143818 0.0112692 0.00800104 6.78815e-05 -0.00227458 -0.00779638 0.000122073 0.00454817 -0.0110571 -0.0059667 -0.000162907 -0.017583
internal_weight=470274 20169.7 19951.9 450105 401088 51780.9 3211.82 48569 46095.3 2473.71 857.427 1893.65 1451.05 349307 7608.32 341698 3336.43 2933.85 2431.49 1663.04 1508.03 338362 21806.1 6586.37 15219.8 8725.33 6092 3443.92 2668.66 2648.09
internal_count=4157812 173991 171470 3983821 3625846 511214 27892 483322 452666 30656 15783 15257 12498 3114632 83956 3030676 28125 23329 18383 19357 16984 3002551 197506 55520 141986 78391 50441 30168 22559 20273
is_linear=0
shrinkage=0.03


Tree=159
num_leaves=31
num_cat=0
split_feature=26 32 35 32 15 35 35 32 32 22 32 32 32 32 32 35 35 35 32 32 32 35 35 35 32 35 35 35 35 11
split_gain=95.8013 125.464 466.41 276.868 188.228 199.975 212.847 213.344 254.674 268.844 189.585 221.219 180.54 176.255 158.27 534.239 477.017 466.462 429.32 328.142 222.351 186.042 151.242 360.028 150.817 333.542 311.204 198.138 166.122 147.46
threshold=-0.00081026338739320625 0.0090181124396622198 0.64565208554267894 0.01019556447863579 59.922554016113288 0.68453484773635875 0.79561480879783641 0.019189972430467609 0.01634942460805178 -0.060466991737484925 0.016984182409942154 0.0096384696662426012 0.01019556447863579 0.011387885082513096 -0.0053038655314594499 0.28582967817783361 0.30004669725894934 0.35006958246231085 -0.0041014768648892632 -0.0048309725243598214 -0.0058303989935666314 0.30589757859706884 0.70370927453041088 0.75839194655418407 0.01294582197442651 0.73382672667503368 0.71802854537963878 0.73382672667503368 0.72515371441841137 1.661194443702698
decision_type=2 2 2 2 2 2 2 2 2 2 2 2 2 2 2 2 2 2 2 2 2 2 2 2 2 2 2 2 2 2
left_child=-1 14 3 -3 5 12 10 8 29 -10 11 22 -4 -13 17 -16 18 -2 19 -17 -19 -18 -7 -24 25 26 -15 28 -26 -8
right_child=1 2 4 -5 -6 6 7 -9 9 -11 -12 13 -14 24 15 16 21 20 -20 -21 -22 -23 23 -25 27 -27 -28 -29 -30 -31
leaf_value=0.00050028360653706278 0.00014380711623719947 0.019771826674936457 -0.012831443867049009 0.0017766906778583936 -0.0024529404286114625 0.0220664959029407 0.0062478585158268372 0.0022013498708404544 -0.016038578773066327 -0.00016906338509661015 0.014093483420466077 -0.0032340394815698588 0.00088033638659670073 0.0079048105298208608 0.02606661997391585 -0.0077095502562012069 0.025472311197616115 0.0073719955108708796 0.011087459191390422 -0.03087764894610056 0.032394971328082611 -0.0012090662109146761 -0.010236657016326905 0.023882794901388865 0.00061080479845916755 -0.0024273266914181042 0.029588293066139439 0.0036499624405635141 -0.018197135109033143 -0.0066267505431117577
leaf_weight=204145.24159806408 61631.699653448537 1778.1002359390259 1626.025686763227 1352.6552376747131 17004.686992019415 848.03350971639156 2182.787204541266 10718.758322555572 2340.0237709321082 1621.1681927219033 1514.0823062844574 4260.3840758316219 1814.5289199166 2049.8255684748292 619.78423139452934 1110.9739917181432 215.64322682470083 772.63408400863409 495.16422497481108 1105.6727550588548 544.95787046477199 136840.48944816366 602.06819171085954 485.19499539583921 952.94885891675949 1682.462960511446 833.64379138872027 7158.0198511481285 737.73895902186632 1238.599120888859
leaf_count=1824806 546583 14053 12628 13189 164902 5119 26989 119780 24405 15542 11955 36027 17575 17237 6444 7676 2580 9684 3452 5931 6700 1147605 9384 3838 8461 14832 7214 53142 5570 15501
internal_value=1.14203e-05 -0.000363578 0.000808303 0.0120576 0.000214245 0.00127791 0.00188695 -0.000500341 -0.00441827 -0.00957725 0.00393115 0.00313297 -0.00563664 0.00207116 -0.000725564 -0.00128597 -0.00141097 0.00052424 -0.0138244 -0.0194387 0.0180512 -0.00116338 0.0127101 0.00514563 0.00375835 0.00817435 0.0143344 0.0014664 -0.00771292 0.00157561
internal_weight=470284 266139 62801.7 3130.76 59671 42666.3 39225.7 18101.3 7382.58 3961.19 21124.4 19610.3 3440.55 17675 203337 140388 139768 62949.3 2711.81 2216.65 1317.59 137056 1935.3 1087.26 13414.6 4565.93 2883.47 8848.71 1690.69 3421.39
internal_count=4158804 2333998 597343 27242 570101 405199 374996 202217 82437 39947 172779 160824 30203 142483 1736655 1173688 1167244 562967 17059 13607 16384 1150185 18341 13222 106456 39283 24451 67173 14031 42490
is_linear=0
shrinkage=0.03


Tree=160
num_leaves=31
num_cat=0
split_feature=34 34 35 35 1 35 35 34 35 35 35 34 35 35 34 34 34 35 35 34 35 35 35 21 35 35 34 34 35 4
split_gain=94.0925 315.816 265.367 359.349 191.165 159.198 351.493 300.228 212.348 208.068 183.073 129.06 218.249 551.87 528.346 323.386 475.709 340.557 325.268 308.746 377.555 235.191 525.324 249.567 229.151 476.308 287.92 197.766 392.955 185.808
threshold=0.13775379955768588 0.11634959653019906 0.35567307472229009 0.39379353821277624 0.0068901877384632835 0.88213157653808605 0.79561480879783641 0.19208952039480212 0.21833010017871859 0.30004669725894934 0.1784622669219971 0.072579029947519316 0.70370927453041088 0.53556513786315929 0.10238429158926012 0.076394002884626402 0.099228288978338255 0.55849176645278942 0.67112240195274364 0.074291475117206587 0.30589757859706884 0.83399909734725963 0.77454978227615368 56.249578475952156 0.5801072120666505 0.6205006241798402 0.11112556979060174 0.081276949495077147 0.57411360740661632 -0.12959682196378705
decision_type=2 2 2 2 2 2 2 2 2 2 2 2 2 2 2 2 2 2 2 2 2 2 2 2 2 2 2 2 2 2
left_child=1 11 -3 -4 -5 6 7 9 -9 10 -2 -1 13 19 21 -15 17 -17 27 20 -13 22 -14 -24 -18 26 -26 28 -19 -21
right_child=5 2 3 4 -6 -7 -8 8 -10 -11 -12 12 14 15 -16 16 24 18 -20 29 -22 -23 23 -25 25 -27 -28 -29 -30 -31
leaf_value=-0.00012314908126020787 0.011363696177721268 -0.030621718528286275 0.029459893157585036 0.00075188725678054335 -0.011534518489963522 -0.0071110590570129771 0.022200731208458734 0.024671638748667863 -0.02071468208706214 0.0094389327792021339 -0.033942051713172113 0.027060132748555826 0.006595716966522714 0.020220061586225989 -0.020273435358169244 0.02815706050875386 0.027388644496810242 -0.036431822695294748 0.0068577935085111881 -0.010617018301164056 0.0013933233010644255 0.0065272449944348667 -0.026745613718029894 -0.0045004277358372084 -0.013693163919943024 0.023218240835340919 0.015296374598180534 -0.014684526243388304 0.019087085529445196 -0.00048990036754717969
leaf_weight=424591.73301897943 120.32555729150772 383.85965317115188 235.00774758309126 1781.9117928594351 3131.0518203824759 950.15083341300488 957.91904323548079 90.23262831568718 658.9694554284215 2406.8494384884834 181.42216118052602 756.77098172903061 1891.2748319804668 1793.8787355236709 1252.0642610937357 332.15312736481428 909.50249902158976 133.26480679959059 1846.8995385579765 1847.3390757963061 1542.2287301570177 3312.1754788979888 915.44007302075624 900.61457046866417 809.88573972135782 1195.081361155957 471.15417172014713 1803.9592864774168 439.3070449270308 12876.945862038061
leaf_count=3695980 2493 7293 4909 18982 30750 15101 17508 2450 12505 33791 2663 5972 17031 14794 11665 5075 10612 2510 14366 16134 12099 33118 7553 7093 6240 11502 3208 14824 7560 115523
internal_value=-1.89863e-05 -6.46324e-05 -0.00717698 -0.00531708 -0.00709331 0.00392351 0.00631923 0.00181718 -0.0147491 0.00647395 -0.0162925 2.12777e-05 0.00177092 0.00308703 -0.00248385 0.00877627 0.00614687 -0.000192861 -0.00254465 -0.000172946 0.0100027 0.000737847 -0.00444175 -0.015883 0.0146284 0.00975961 -0.00295985 -0.00984793 0.0053717 -0.00177315
internal_weight=470519 465154 5531.83 5147.97 4912.96 5365.87 4415.72 3457.8 749.202 2708.6 301.748 459622 35029.9 26758.4 8271.57 9735.09 7941.21 4555.58 4223.43 17023.3 2299 7019.5 3707.33 1816.05 3385.62 2476.12 1281.04 2376.53 572.572 14724.3
internal_count=4161304 4074793 61934 54641 49732 86511 71410 53902 14955 38947 5156 4012859 316879 240419 76460 90691 75897 44335 39260 149728 18071 64795 31677 14646 31562 20950 9448 24894 10070 131657
is_linear=0
shrinkage=0.03


Tree=161
num_leaves=31
num_cat=0
split_feature=33 34 34 34 34 34 34 33 35 35 34 33 34 33 34 34 35 35 35 33 34 33 34 33 35 34 35 22 33 35
split_gain=85.0534 367.077 518.342 461.868 779.963 527.918 460.768 335.833 782.758 736.161 729.987 350.002 459.165 319.773 333.099 554.52 797.979 484.561 417.977 371.151 393.295 333.964 319.214 330.848 519.128 369.9 293.309 290.97 274.897 552.205
threshold=-0.048507720232009881 0.043923599645495422 0.015178224537521602 -0.029658703133463856 -0.014743878971785305 0.01225033449009061 -0.041464485228061669 -0.034664670005440705 0.45529520511627203 0.56957185268402111 0.032053120434284217 -0.040747443214058869 0.01225033449009061 -0.024687093682587143 -0.019182622432708737 0.0049310585018247375 0.4931750893592835 0.30004669725894934 0.6205006241798402 -0.026954179629683491 0.017901685088872913 -0.029667286202311512 -0.058575619012117379 -0.026954179629683491 0.22466856986284259 -0.087091129273176179 0.89911252260208141 -0.62240758538246144 -0.038446523249149316 0.22466856986284259
decision_type=2 2 2 2 2 2 2 2 2 2 2 2 2 2 2 2 2 2 2 2 2 2 2 2 2 2 2 2 2 2
left_child=1 2 3 6 -5 -6 -1 8 10 -10 11 27 28 14 22 16 -16 -17 -18 20 -19 -22 23 24 -9 -26 -8 -2 29 -13
right_child=7 -3 -4 4 5 -7 26 13 9 -11 -12 12 -14 -15 15 17 18 19 -20 -21 21 -23 -24 -25 25 -27 -28 -29 -30 -31
leaf_value=0.0014845784738752063 -0.019099320842054724 -0.021172781572501503 0.033527028041463978 -0.026324662559472165 0.023182961534558094 -0.025802612608633462 0.019093425720254173 0.016205833522485141 0.025487378628107304 -0.0002110648208446835 0.030673468204917821 -0.0018005530539057816 -0.027214064438798171 -0.00010158758017400519 0.018564048716783438 -0.012982324364975904 -0.030039661865090724 0.012290094248378562 0.0049979367631372293 0.021338980996254801 0.009340307100510965 -0.019746149972311684 -0.0029058454430235842 0.021690665963557794 0.039184703178296962 -0.016498112953032905 -0.013734895942503302 -0.0056067898621070247 -0.0066608001631896481 0.029828114060129762
leaf_weight=14889.895553668961 3711.0399658251554 583.15747428685427 455.70203776285052 1259.391984410584 682.41166827455163 257.1647016108036 2180.5268886834383 1128.9174672886729 1300.0981611907482 4178.2464708983898 425.63665796071291 2437.3760671019554 719.63287106156349 404136.8889603056 4986.3246636427939 1724.0298358723521 461.42246856167912 1333.0039355270565 830.39365843310952 1024.8335370086133 526.52127494663 1013.7997922226787 9146.7653394211084 1046.2524338178337 99.138134654611349 1161.0228056758642 261.23850762099028 2377.3408931996673 5293.0387110821903 603.35473506897688
leaf_count=166471 35271 10043 7481 15755 12366 5005 20495 8474 13752 48186 7617 17866 8130 3470374 40802 17092 5536 11685 10492 11131 7740 11094 84372 9177 2366 17889 5001 24406 44324 7887
internal_value=4.74959e-06 0.00189023 0.00258365 0.0018281 -0.0110624 0.00951713 0.00347446 -8.15802e-05 -0.00377966 0.00595811 -0.00720973 -0.00831369 -0.00455713 0.000100168 0.00342796 0.00702161 0.013135 0.000172589 -0.00778429 0.00602715 0.000456104 -0.00981137 2.32844e-05 0.00779394 0.00157857 -0.0115737 0.0154982 -0.0138665 -0.0025402 0.00462924
internal_weight=470235 20569.5 19986.3 19530.6 2198.97 939.576 17331.7 449665 21045.8 5478.34 15567.4 15141.8 9053.4 428619 24482.4 11900.3 6278.14 5622.19 1291.82 3898.16 2873.33 1540.32 12582.1 3435.33 2389.08 1260.16 2441.77 6088.38 8333.77 3040.73
internal_count=4158280 242617 232574 225093 33126 17371 191967 3915663 207439 61938 145501 137884 78207 3708224 237850 115572 56830 58742 16028 41650 30519 18834 122278 37906 28729 20255 25496 59677 70077 25753
is_linear=0
shrinkage=0.03


end of trees

feature_importances:
mkt20=1079
mkt5=1070
mkt1=1059
breadth5=989
cpos=68
amp=51
gap=51
atr_n=36
ma5_20=31
ma5r=30
r_logvol=28
ma20_60=25
ret10=24
ma10r=22
macd_dea=22
macd_dif=20
kdj_d=20
macd_hist=19
hilo20=18
bollpos=16
ret1=15
ma60r=15
logvol=14
kdj_j=13
rsi6=12
rsi14=12
r_vr20=10
kdj_k=9
r_ma20r=9
ret60=8
vol20=8
ret5=7
vol60=7
r_vol20=7
ret20=6
ma20r=6
vr20=6
r_ret5=5
volr=4
r_ret60=4
vr5=2
updays20=1
r_ret20=1
r_rsi14=1

parameters:
[boosting: gbdt]
[objective: binary]
[metric: auc,binary_logloss]
[tree_learner: serial]
[device_type: cpu]
[data_sample_strategy: bagging]
[data: ]
[valid: ]
[num_iterations: 3000]
[learning_rate: 0.03]
[num_leaves: 31]
[num_threads: 8]
[seed: 42]
[deterministic: 0]
[force_col_wise: 0]
[force_row_wise: 0]
[histogram_pool_size: -1]
[max_depth: -1]
[min_data_in_leaf: 1000]
[min_sum_hessian_in_leaf: 0.001]
[bagging_fraction: 0.7]
[pos_bagging_fraction: 1]
[neg_bagging_fraction: 1]
[bagging_freq: 1]
[bagging_seed: 42]
[bagging_by_query: 0]
[feature_fraction: 0.6]
[feature_fraction_bynode: 1]
[feature_fraction_seed: 42]
[extra_trees: 0]
[extra_seed: 12879]
[early_stopping_round: 0]
[early_stopping_min_delta: 0]
[first_metric_only: 0]
[max_delta_step: 0]
[lambda_l1: 0]
[lambda_l2: 20]
[linear_lambda: 0]
[min_gain_to_split: 0]
[drop_rate: 0.1]
[max_drop: 50]
[skip_drop: 0.5]
[xgboost_dart_mode: 0]
[uniform_drop: 0]
[drop_seed: 17869]
[top_rate: 0.2]
[other_rate: 0.1]
[min_data_per_group: 100]
[max_cat_threshold: 32]
[cat_l2: 10]
[cat_smooth: 10]
[max_cat_to_onehot: 4]
[top_k: 20]
[monotone_constraints: ]
[monotone_constraints_method: basic]
[monotone_penalty: 0]
[feature_contri: ]
[forcedsplits_filename: ]
[refit_decay_rate: 0.9]
[cegb_tradeoff: 1]
[cegb_penalty_split: 0]
[cegb_penalty_feature_lazy: ]
[cegb_penalty_feature_coupled: ]
[path_smooth: 0]
[interaction_constraints: ]
[verbosity: -1]
[saved_feature_importance_type: 0]
[use_quantized_grad: 0]
[num_grad_quant_bins: 4]
[quant_train_renew_leaf: 0]
[stochastic_rounding: 1]
[linear_tree: 0]
[max_bin: 127]
[max_bin_by_feature: ]
[min_data_in_bin: 3]
[bin_construct_sample_cnt: 200000]
[data_random_seed: 175]
[is_enable_sparse: 1]
[enable_bundle: 1]
[use_missing: 1]
[zero_as_missing: 0]
[feature_pre_filter: 1]
[pre_partition: 0]
[two_round: 0]
[header: 0]
[label_column: ]
[weight_column: ]
[group_column: ]
[ignore_column: ]
[categorical_feature: ]
[forcedbins_filename: ]
[precise_float_parser: 0]
[parser_config_file: ]
[objective_seed: 16083]
[num_class: 1]
[is_unbalance: 0]
[scale_pos_weight: 1]
[sigmoid: 1]
[boost_from_average: 1]
[reg_sqrt: 0]
[alpha: 0.9]
[fair_c: 1]
[poisson_max_delta_step: 0.7]
[tweedie_variance_power: 1.5]
[lambdarank_truncation_level: 30]
[lambdarank_norm: 1]
[label_gain: ]
[lambdarank_position_bias_regularization: 0]
[eval_at: ]
[multi_error_top_k: 1]
[auc_mu_weights: ]
[num_machines: 1]
[local_listen_port: 12400]
[time_out: 120]
[machine_list_filename: ]
[machines: ]
[gpu_platform_id: -1]
[gpu_device_id: -1]
[gpu_device_id_list: ]
[gpu_use_dp: 0]
[num_gpu: 1]

end of parameters

pandas_categorical:[]
